ISO-10303-21;
HEADER;
FILE_DESCRIPTION (( 'STEP AP203' ),
    '1' );
FILE_NAME ('hertmann1.STEP',
    '2026-07-02T04:42:03',
    ( '' ),
    ( '' ),
    'SwSTEP 2.0',
    'SolidWorks 2024',
    '' );
FILE_SCHEMA (( 'CONFIG_CONTROL_DESIGN' ));
ENDSEC;

DATA;
#1 = CIRCLE ( 'NONE', #1065, 1.999999999999998668 ) ;
#2 = AXIS2_PLACEMENT_3D ( 'NONE', #1408, #180, #726 ) ;
#3 = VECTOR ( 'NONE', #1386, 1000.000000000000000 ) ;
#4 = LOCAL_TIME ( 12, 42, 3.000000000000000000, #718 ) ;
#5 = CARTESIAN_POINT ( 'NONE',  ( 5.730046948356810610, 20.86032863849765207, 2.500000000000000000 ) ) ;
#6 = FACE_OUTER_BOUND ( 'NONE', #616, .T. ) ;
#7 = ORIENTED_EDGE ( 'NONE', *, *, #340, .T. ) ;
#8 = CARTESIAN_POINT ( 'NONE',  ( -24.26995305164319205, -7.139671361502345270, 2.500000000000000000 ) ) ;
#9 = ADVANCED_FACE ( 'NONE', ( #1014 ), #68, .F. ) ;
#10 = EDGE_LOOP ( 'NONE', ( #1108, #146, #267, #1552 ) ) ;
#11 = DIRECTION ( 'NONE',  ( 0.000000000000000000, 0.000000000000000000, -1.000000000000000000 ) ) ;
#12 = ORIENTED_EDGE ( 'NONE', *, *, #1660, .F. ) ;
#13 = EDGE_LOOP ( 'NONE', ( #1510, #1269 ) ) ;
#14 = EDGE_CURVE ( 'NONE', #1482, #917, #1445, .T. ) ;
#15 = ADVANCED_FACE ( 'NONE', ( #760 ), #1688, .F. ) ;
#16 = DIRECTION ( 'NONE',  ( -0.000000000000000000, -0.000000000000000000, -1.000000000000000000 ) ) ;
#17 = CARTESIAN_POINT ( 'NONE',  ( -23.16995305164319419, 20.86032863849765207, 4.400000000000000355 ) ) ;
#18 = CARTESIAN_POINT ( 'NONE',  ( -21.26995305164319916, 23.36032863849765207, 3.399999999999999911 ) ) ;
#19 = FACE_OUTER_BOUND ( 'NONE', #447, .T. ) ;
#20 = DIRECTION ( 'NONE',  ( 1.000000000000000000, -0.000000000000000000, -0.000000000000000000 ) ) ;
#21 = ADVANCED_FACE ( 'NONE', ( #600 ), #1695, .T. ) ;
#22 = ORIENTED_EDGE ( 'NONE', *, *, #1475, .F. ) ;
#23 = CARTESIAN_POINT ( 'NONE',  ( 0.000000000000000000, 18.11032863849765207, 1.000000000000000444 ) ) ;
#24 = DIRECTION ( 'NONE',  ( 0.000000000000000000, 0.000000000000000000, -1.000000000000000000 ) ) ;
#25 = ORIENTED_EDGE ( 'NONE', *, *, #780, .T. ) ;
#26 = PERSON_AND_ORGANIZATION ( #1717, #1000 ) ;
#27 = EDGE_CURVE ( 'NONE', #1615, #309, #199, .T. ) ;
#28 = FACE_OUTER_BOUND ( 'NONE', #691, .T. ) ;
#29 = ORIENTED_EDGE ( 'NONE', *, *, #1658, .T. ) ;
#30 = ORIENTED_EDGE ( 'NONE', *, *, #967, .F. ) ;
#31 = FACE_OUTER_BOUND ( 'NONE', #117, .T. ) ;
#32 = CARTESIAN_POINT ( 'NONE',  ( -24.26995305164319205, -7.139671361502345270, 2.500000000000000000 ) ) ;
#33 = PLANE ( 'NONE',  #950 ) ;
#34 = CARTESIAN_POINT ( 'NONE',  ( -24.26995305164319205, -7.139671361502345270, 2.500000000000000000 ) ) ;
#35 = CARTESIAN_POINT ( 'NONE',  ( -21.51995305164318495, -1.493246710424168298E-14, 1.000000000000000444 ) ) ;
#36 = VERTEX_POINT ( 'NONE', #610 ) ;
#37 = CARTESIAN_POINT ( 'NONE',  ( 7.230046948356806169, 14.36032863849764674, 4.399999999999999467 ) ) ;
#38 = DIRECTION ( 'NONE',  ( -0.000000000000000000, -0.000000000000000000, -1.000000000000000000 ) ) ;
#39 = EDGE_LOOP ( 'NONE', ( #671, #58, #817, #1024 ) ) ;
#40 = CARTESIAN_POINT ( 'NONE',  ( -24.26995305164319205, -7.139671361502345270, 4.400000000000000355 ) ) ;
#41 = ORIENTED_EDGE ( 'NONE', *, *, #1372, .F. ) ;
#42 = VECTOR ( 'NONE', #745, 1000.000000000000000 ) ;
#43 = LINE ( 'NONE', #55, #800 ) ;
#44 = VECTOR ( 'NONE', #769, 1000.000000000000000 ) ;
#45 = CIRCLE ( 'NONE', #1282, 2.000000000000001776 ) ;
#46 = EDGE_CURVE ( 'NONE', #1054, #1571, #1565, .T. ) ;
#47 = CARTESIAN_POINT ( 'NONE',  ( -21.51995305164319561, -9.389671361502355040, 1.000000000000000444 ) ) ;
#48 = FACE_BOUND ( 'NONE', #13, .T. ) ;
#49 = ORIENTED_EDGE ( 'NONE', *, *, #607, .F. ) ;
#50 = VECTOR ( 'NONE', #524, 1000.000000000000000 ) ;
#51 = CARTESIAN_POINT ( 'NONE',  ( -20.26995305164319561, 13.11032863849764851, 0.000000000000000000 ) ) ;
#52 = LINE ( 'NONE', #346, #902 ) ;
#53 = ORIENTED_EDGE ( 'NONE', *, *, #1150, .T. ) ;
#54 = CARTESIAN_POINT ( 'NONE',  ( -25.76995305164319916, 22.36032863849765562, 4.400000000000000355 ) ) ;
#55 = CARTESIAN_POINT ( 'NONE',  ( -0.000000000000000000, 18.11032863849765207, 4.400000000000000355 ) ) ;
#56 = EDGE_CURVE ( 'NONE', #327, #572, #345, .T. ) ;
#57 = CARTESIAN_POINT ( 'NONE',  ( -21.51995305164318495, -1.493246710424168298E-14, 1.000000000000000444 ) ) ;
#58 = ORIENTED_EDGE ( 'NONE', *, *, #347, .F. ) ;
#59 = DIRECTION ( 'NONE',  ( 0.000000000000000000, 0.000000000000000000, 1.000000000000000000 ) ) ;
#60 = DIRECTION ( 'NONE',  ( 0.000000000000000000, 1.000000000000000000, -0.000000000000000000 ) ) ;
#61 = ORIENTED_EDGE ( 'NONE', *, *, #839, .F. ) ;
#62 = ADVANCED_FACE ( 'NONE', ( #949 ), #702, .F. ) ;
#63 = CARTESIAN_POINT ( 'NONE',  ( 5.980046948356799064, 14.36032863849764674, 1.000000000000000000 ) ) ;
#64 = DIRECTION ( 'NONE',  ( -0.000000000000000000, 0.000000000000000000, 1.000000000000000000 ) ) ;
#65 = EDGE_CURVE ( 'NONE', #1384, #268, #1136, .T. ) ;
#66 = DIRECTION ( 'NONE',  ( -1.000000000000000000, 0.000000000000000000, 0.000000000000000000 ) ) ;
#67 = ORIENTED_EDGE ( 'NONE', *, *, #1034, .T. ) ;
#68 = PLANE ( 'NONE',  #882 ) ;
#69 = DIRECTION ( 'NONE',  ( -1.000000000000000000, 0.000000000000000000, 0.000000000000000000 ) ) ;
#70 = EDGE_CURVE ( 'NONE', #1683, #954, #824, .T. ) ;
#71 = CARTESIAN_POINT ( 'NONE',  ( 3.730046948356810610, 20.86032863849765207, 2.500000000000000000 ) ) ;
#72 = AXIS2_PLACEMENT_3D ( 'NONE', #618, #1716, #226 ) ;
#73 = LINE ( 'NONE', #683, #658 ) ;
#74 = ORIENTED_EDGE ( 'NONE', *, *, #486, .F. ) ;
#75 = CIRCLE ( 'NONE', #1702, 1.000000000000000000 ) ;
#76 = VERTEX_POINT ( 'NONE', #1006 ) ;
#77 = DIRECTION ( 'NONE',  ( 0.000000000000000000, 1.000000000000000000, -0.000000000000000000 ) ) ;
#78 = LOCAL_TIME ( 12, 42, 3.000000000000000000, #412 ) ;
#79 = AXIS2_PLACEMENT_3D ( 'NONE', #265, #179, #1109 ) ;
#80 = DIRECTION ( 'NONE',  ( 0.000000000000000000, 0.000000000000000000, -1.000000000000000000 ) ) ;
#81 = DIRECTION ( 'NONE',  ( -3.469446951953614189E-16, 1.000000000000000000, 0.000000000000000000 ) ) ;
#82 = ORIENTED_EDGE ( 'NONE', *, *, #1432, .T. ) ;
#83 = ORIENTED_EDGE ( 'NONE', *, *, #349, .F. ) ;
#84 = DIRECTION ( 'NONE',  ( 8.673617379884035472E-17, -1.000000000000000000, 0.000000000000000000 ) ) ;
#85 = LINE ( 'NONE', #1708, #440 ) ;
#86 = ORIENTED_EDGE ( 'NONE', *, *, #70, .T. ) ;
#87 = CARTESIAN_POINT ( 'NONE',  ( 5.230046948356791070, -10.63967136150234793, 4.400000000000000355 ) ) ;
#88 = LINE ( 'NONE', #1170, #1281 ) ;
#89 = ORIENTED_EDGE ( 'NONE', *, *, #779, .T. ) ;
#90 = AXIS2_PLACEMENT_3D ( 'NONE', #1021, #198, #66 ) ;
#91 = FACE_OUTER_BOUND ( 'NONE', #1128, .T. ) ;
#92 = AXIS2_PLACEMENT_3D ( 'NONE', #1327, #1452, #766 ) ;
#93 = CIRCLE ( 'NONE', #1564, 1.100000000000000311 ) ;
#94 = VECTOR ( 'NONE', #738, 1000.000000000000000 ) ;
#95 = VECTOR ( 'NONE', #244, 1000.000000000000000 ) ;
#96 = CIRCLE ( 'NONE', #637, 2.000000000000000000 ) ;
#97 = LINE ( 'NONE', #114, #587 ) ;
#98 = ORIENTED_EDGE ( 'NONE', *, *, #624, .T. ) ;
#99 = PLANE ( 'NONE',  #1462 ) ;
#100 = ORIENTED_EDGE ( 'NONE', *, *, #486, .T. ) ;
#101 = FACE_OUTER_BOUND ( 'NONE', #569, .T. ) ;
#102 = ORIENTED_EDGE ( 'NONE', *, *, #1158, .F. ) ;
#103 = CARTESIAN_POINT ( 'NONE',  ( 5.230046948356791070, -10.63967136150234793, 0.000000000000000000 ) ) ;
#104 = EDGE_LOOP ( 'NONE', ( #423, #1238, #1612, #507 ) ) ;
#105 = EDGE_CURVE ( 'NONE', #1114, #36, #634, .T. ) ;
#106 = LINE ( 'NONE', #395, #1420 ) ;
#107 = ORIENTED_EDGE ( 'NONE', *, *, #1579, .F. ) ;
#108 = DIRECTION ( 'NONE',  ( 0.000000000000000000, 0.000000000000000000, -1.000000000000000000 ) ) ;
#109 = AXIS2_PLACEMENT_3D ( 'NONE', #1123, #464, #474 ) ;
#110 = LINE ( 'NONE', #1484, #362 ) ;
#111 = ORIENTED_EDGE ( 'NONE', *, *, #1272, .T. ) ;
#112 = EDGE_CURVE ( 'NONE', #132, #1200, #1496, .T. ) ;
#113 = AXIS2_PLACEMENT_3D ( 'NONE', #1056, #891, #470 ) ;
#114 = CARTESIAN_POINT ( 'NONE',  ( 0.000000000000000000, -4.389671361502350599, 4.400000000000000355 ) ) ;
#115 = VECTOR ( 'NONE', #744, 1000.000000000000000 ) ;
#116 = CIRCLE ( 'NONE', #1184, 1.000000000000000888 ) ;
#117 = EDGE_LOOP ( 'NONE', ( #82, #955 ) ) ;
#118 = DIRECTION ( 'NONE',  ( -1.000000000000000000, -0.000000000000000000, -0.000000000000000000 ) ) ;
#119 = DATE_AND_TIME ( #570, #4 ) ;
#120 = DIRECTION ( 'NONE',  ( -1.000000000000000000, 0.000000000000000000, 0.000000000000000000 ) ) ;
#121 = ORIENTED_EDGE ( 'NONE', *, *, #1165, .T. ) ;
#122 = ORIENTED_EDGE ( 'NONE', *, *, #1660, .T. ) ;
#123 = FACE_OUTER_BOUND ( 'NONE', #256, .T. ) ;
#124 = ORIENTED_EDGE ( 'NONE', *, *, #1343, .F. ) ;
#125 = LINE ( 'NONE', #1075, #1205 ) ;
#126 = ORIENTED_EDGE ( 'NONE', *, *, #1101, .F. ) ;
#127 = DIRECTION ( 'NONE',  ( 0.000000000000000000, 1.000000000000000000, 0.000000000000000000 ) ) ;
#128 = EDGE_CURVE ( 'NONE', #684, #622, #814, .T. ) ;
#129 = CARTESIAN_POINT ( 'NONE',  ( 0.000000000000000000, 0.000000000000000000, 0.000000000000000000 ) ) ;
#130 = DIRECTION ( 'NONE',  ( 0.000000000000000000, 2.551063935260009012E-16, -1.000000000000000000 ) ) ;
#131 = ORIENTED_EDGE ( 'NONE', *, *, #1235, .F. ) ;
#132 = VERTEX_POINT ( 'NONE', #1364 ) ;
#133 = CARTESIAN_POINT ( 'NONE',  ( -20.26995305164319561, 23.36032863849764851, -0.000000000000000000 ) ) ;
#134 = CARTESIAN_POINT ( 'NONE',  ( -21.51995305164319561, -4.389671361502350599, 4.400000000000000355 ) ) ;
#135 = EDGE_CURVE ( 'NONE', #1770, #1230, #1748, .T. ) ;
#136 = CARTESIAN_POINT ( 'NONE',  ( -25.76995305164318140, 24.36032863849765562, 4.400000000000000355 ) ) ;
#137 = LINE ( 'NONE', #723, #548 ) ;
#138 = VERTEX_POINT ( 'NONE', #567 ) ;
#139 = ADVANCED_FACE ( 'NONE', ( #1122 ), #675, .T. ) ;
#140 = EDGE_CURVE ( 'NONE', #1710, #1200, #537, .T. ) ;
#141 = DIRECTION ( 'NONE',  ( -0.000000000000000000, -0.000000000000000000, -1.000000000000000000 ) ) ;
#142 = ORIENTED_EDGE ( 'NONE', *, *, #833, .F. ) ;
#143 = DIRECTION ( 'NONE',  ( 1.000000000000000000, 0.000000000000000000, 0.000000000000000000 ) ) ;
#144 = FACE_BOUND ( 'NONE', #1499, .T. ) ;
#145 = ORIENTED_EDGE ( 'NONE', *, *, #1729, .T. ) ;
#146 = ORIENTED_EDGE ( 'NONE', *, *, #1168, .T. ) ;
#147 = CARTESIAN_POINT ( 'NONE',  ( -25.36995305164319348, -7.139671361502345270, 4.400000000000000355 ) ) ;
#148 = VECTOR ( 'NONE', #1255, 1000.000000000000000 ) ;
#149 = EDGE_CURVE ( 'NONE', #1652, #232, #847, .T. ) ;
#150 = AXIS2_PLACEMENT_3D ( 'NONE', #240, #956, #1339 ) ;
#151 = CARTESIAN_POINT ( 'NONE',  ( 3.730046948356810610, -7.139671361502345270, 4.400000000000000355 ) ) ;
#152 = VECTOR ( 'NONE', #725, 1000.000000000000000 ) ;
#153 = ADVANCED_FACE ( 'NONE', ( #1651 ), #411, .F. ) ;
#154 = CARTESIAN_POINT ( 'NONE',  ( -5.269953051643197384, 0.000000000000000000, 0.000000000000000000 ) ) ;
#155 = DIRECTION ( 'NONE',  ( -1.000000000000000000, 0.000000000000000000, 0.000000000000000000 ) ) ;
#156 = ORIENTED_EDGE ( 'NONE', *, *, #498, .F. ) ;
#157 = CARTESIAN_POINT ( 'NONE',  ( 3.730046948356810610, 20.86032863849765207, 2.500000000000000000 ) ) ;
#158 = ORIENTED_EDGE ( 'NONE', *, *, #1034, .F. ) ;
#159 = APPLICATION_PROTOCOL_DEFINITION ( 'international standard', 'config_control_design', 1994, #394 ) ;
#160 = LINE ( 'NONE', #604, #1030 ) ;
#161 = ORIENTED_EDGE ( 'NONE', *, *, #645, .T. ) ;
#162 = ORIENTED_EDGE ( 'NONE', *, *, #1432, .F. ) ;
#163 = CARTESIAN_POINT ( 'NONE',  ( 2.630046948356810077, -7.139671361502345270, 2.500000000000000000 ) ) ;
#164 = DIRECTION ( 'NONE',  ( 0.000000000000000000, 0.000000000000000000, -1.000000000000000000 ) ) ;
#165 = LINE ( 'NONE', #1646, #1333 ) ;
#166 = DIRECTION ( 'NONE',  ( -0.000000000000000000, -0.000000000000000000, 1.000000000000000000 ) ) ;
#167 = LINE ( 'NONE', #35, #772 ) ;
#168 = VERTEX_POINT ( 'NONE', #51 ) ;
#169 = FACE_OUTER_BOUND ( 'NONE', #1182, .T. ) ;
#170 = CARTESIAN_POINT ( 'NONE',  ( 3.730046948356810610, 20.86032863849765207, 0.000000000000000000 ) ) ;
#171 = ORIENTED_EDGE ( 'NONE', *, *, #368, .F. ) ;
#172 = DATE_TIME_ROLE ( 'classification_date' ) ;
#173 = CARTESIAN_POINT ( 'NONE',  ( -4.269953051643197384, 23.36032863849765207, 3.399999999999999911 ) ) ;
#174 = ORIENTED_EDGE ( 'NONE', *, *, #1453, .F. ) ;
#175 = CARTESIAN_POINT ( 'NONE',  ( 7.230046948356806169, -8.639671361502335500, 0.000000000000000000 ) ) ;
#176 = DIRECTION ( 'NONE',  ( 0.000000000000000000, -1.000000000000000000, 0.000000000000000000 ) ) ;
#177 = DIRECTION ( 'NONE',  ( -1.000000000000000000, -3.469446951953614189E-16, 0.000000000000000000 ) ) ;
#178 = EDGE_LOOP ( 'NONE', ( #53, #1253, #663, #248 ) ) ;
#179 = DIRECTION ( 'NONE',  ( -0.000000000000000000, -0.000000000000000000, -1.000000000000000000 ) ) ;
#180 = DIRECTION ( 'NONE',  ( -0.000000000000000000, -0.000000000000000000, -1.000000000000000000 ) ) ;
#181 = ORIENTED_EDGE ( 'NONE', *, *, #218, .T. ) ;
#182 = DIRECTION ( 'NONE',  ( -1.000000000000000000, 0.000000000000000000, 0.000000000000000000 ) ) ;
#183 = ORIENTED_EDGE ( 'NONE', *, *, #112, .T. ) ;
#184 = ADVANCED_FACE ( 'NONE', ( #169 ), #1374, .T. ) ;
#185 = VECTOR ( 'NONE', #1304, 1000.000000000000000 ) ;
#186 = DIRECTION ( 'NONE',  ( 1.000000000000000000, 0.000000000000000000, 0.000000000000000000 ) ) ;
#187 = EDGE_CURVE ( 'NONE', #1367, #1366, #1241, .T. ) ;
#188 = AXIS2_PLACEMENT_3D ( 'NONE', #1037, #24, #69 ) ;
#189 = AXIS2_PLACEMENT_3D ( 'NONE', #40, #870, #1141 ) ;
#190 = DIRECTION ( 'NONE',  ( 0.000000000000000000, 0.000000000000000000, -1.000000000000000000 ) ) ;
#191 = VECTOR ( 'NONE', #1631, 1000.000000000000000 ) ;
#192 = AXIS2_PLACEMENT_3D ( 'NONE', #1196, #1736, #501 ) ;
#193 = CARTESIAN_POINT ( 'NONE',  ( 3.830046948356805814, -0.6396713615023520427, 4.399999999999997691 ) ) ;
#194 = DIRECTION ( 'NONE',  ( -1.000000000000000000, 0.000000000000000000, 0.000000000000000000 ) ) ;
#195 = ORIENTED_EDGE ( 'NONE', *, *, #1625, .F. ) ;
#196 = CARTESIAN_POINT ( 'NONE',  ( -4.269953051643190278, 24.36032863849765562, 3.399999999999999911 ) ) ;
#197 = FACE_OUTER_BOUND ( 'NONE', #1473, .T. ) ;
#198 = DIRECTION ( 'NONE',  ( 0.000000000000000000, 0.000000000000000000, -1.000000000000000000 ) ) ;
#199 = LINE ( 'NONE', #742, #996 ) ;
#200 = FACE_OUTER_BOUND ( 'NONE', #871, .T. ) ;
#201 = EDGE_CURVE ( 'NONE', #622, #667, #1666, .T. ) ;
#202 = PLANE ( 'NONE',  #1029 ) ;
#203 = PLANE ( 'NONE',  #1328 ) ;
#204 = EDGE_CURVE ( 'NONE', #1451, #1387, #1240, .T. ) ;
#205 = VERTEX_POINT ( 'NONE', #715 ) ;
#206 = ORIENTED_EDGE ( 'NONE', *, *, #282, .T. ) ;
#207 = ORIENTED_EDGE ( 'NONE', *, *, #1737, .F. ) ;
#208 = CARTESIAN_POINT ( 'NONE',  ( -24.26995305164319205, 20.86032863849765207, 2.500000000000000000 ) ) ;
#209 = EDGE_CURVE ( 'NONE', #1683, #572, #1267, .T. ) ;
#210 = EDGE_CURVE ( 'NONE', #560, #1643, #867, .T. ) ;
#211 = DIRECTION ( 'NONE',  ( 1.000000000000000000, 1.156482317317871478E-16, 0.000000000000000000 ) ) ;
#212 = ADVANCED_FACE ( 'NONE', ( #705 ), #1026, .F. ) ;
#213 = AXIS2_PLACEMENT_3D ( 'NONE', #34, #1275, #431 ) ;
#214 = DIRECTION ( 'NONE',  ( -1.000000000000000000, 0.000000000000000000, 0.000000000000000000 ) ) ;
#215 = ORIENTED_EDGE ( 'NONE', *, *, #1019, .T. ) ;
#216 = ORIENTED_EDGE ( 'NONE', *, *, #1470, .F. ) ;
#217 = VECTOR ( 'NONE', #1557, 1000.000000000000000 ) ;
#218 = EDGE_CURVE ( 'NONE', #1214, #1615, #1270, .T. ) ;
#219 = DIRECTION ( 'NONE',  ( -1.000000000000000000, 0.000000000000000000, 0.000000000000000000 ) ) ;
#220 = CARTESIAN_POINT ( 'NONE',  ( 5.980046948356799064, 18.11032863849765207, 4.400000000000000355 ) ) ;
#221 = LOCAL_TIME ( 12, 42, 3.000000000000000000, #1759 ) ;
#222 = AXIS2_PLACEMENT_3D ( 'NONE', #843, #1743, #1509 ) ;
#223 = LINE ( 'NONE', #1039, #1633 ) ;
#224 = CARTESIAN_POINT ( 'NONE',  ( 5.980046948356799064, -4.389671361502356817, 1.000000000000000444 ) ) ;
#225 = EDGE_LOOP ( 'NONE', ( #583, #1340, #1067, #100 ) ) ;
#226 = DIRECTION ( 'NONE',  ( -1.000000000000000000, 0.000000000000000000, 0.000000000000000000 ) ) ;
#227 = DIRECTION ( 'NONE',  ( 0.000000000000000000, 1.000000000000000000, -0.000000000000000000 ) ) ;
#228 = ADVANCED_FACE ( 'NONE', ( #1566 ), #1283, .T. ) ;
#229 = ORIENTED_EDGE ( 'NONE', *, *, #1625, .T. ) ;
#230 = CARTESIAN_POINT ( 'NONE',  ( -5.269953051643197384, 0.000000000000000000, 1.000000000000000444 ) ) ;
#231 = CARTESIAN_POINT ( 'NONE',  ( -23.16995305164319419, 20.86032863849765207, 2.500000000000000000 ) ) ;
#232 = VERTEX_POINT ( 'NONE', #458 ) ;
#233 = EDGE_CURVE ( 'NONE', #581, #1099, #1157, .T. ) ;
#234 = CARTESIAN_POINT ( 'NONE',  ( -26.26995305164319561, -7.139671361502345270, 2.500000000000000000 ) ) ;
#235 = VECTOR ( 'NONE', #166, 1000.000000000000000 ) ;
#236 = VECTOR ( 'NONE', #1546, 1000.000000000000000 ) ;
#237 = VERTEX_POINT ( 'NONE', #1018 ) ;
#238 = CIRCLE ( 'NONE', #1447, 1.100000000000000311 ) ;
#239 = EDGE_CURVE ( 'NONE', #1246, #925, #160, .T. ) ;
#240 = CARTESIAN_POINT ( 'NONE',  ( 0.000000000000000000, 18.11032863849765207, 1.000000000000000444 ) ) ;
#241 = ORIENTED_EDGE ( 'NONE', *, *, #334, .T. ) ;
#242 = DIRECTION ( 'NONE',  ( -1.000000000000000000, 0.000000000000000000, 0.000000000000000000 ) ) ;
#243 = ORIENTED_EDGE ( 'NONE', *, *, #210, .F. ) ;
#244 = DIRECTION ( 'NONE',  ( 1.000000000000000000, 1.156482317317871478E-16, 0.000000000000000000 ) ) ;
#245 = ORIENTED_EDGE ( 'NONE', *, *, #810, .F. ) ;
#246 = CARTESIAN_POINT ( 'NONE',  ( -25.76995305164318140, -10.63967136150234793, 4.400000000000000355 ) ) ;
#247 = CARTESIAN_POINT ( 'NONE',  ( -5.269953051643197384, 23.11032863849764496, 1.000000000000000444 ) ) ;
#248 = ORIENTED_EDGE ( 'NONE', *, *, #1040, .T. ) ;
#249 = CARTESIAN_POINT ( 'NONE',  ( 5.980046948356799064, -4.389671361502356817, 4.400000000000000355 ) ) ;
#250 = EDGE_LOOP ( 'NONE', ( #1500, #775 ) ) ;
#251 = CYLINDRICAL_SURFACE ( 'NONE', #1028, 1.000000000000000000 ) ;
#252 = AXIS2_PLACEMENT_3D ( 'NONE', #1443, #1174, #1180 ) ;
#253 = AXIS2_PLACEMENT_3D ( 'NONE', #1594, #912, #928 ) ;
#254 = COORDINATED_UNIVERSAL_TIME_OFFSET ( 8, 0, .AHEAD. ) ;
#255 = LINE ( 'NONE', #805, #1725 ) ;
#256 = EDGE_LOOP ( 'NONE', ( #206, #243, #305, #1685 ) ) ;
#257 = VERTEX_POINT ( 'NONE', #1548 ) ;
#258 = AXIS2_PLACEMENT_3D ( 'NONE', #743, #1290, #601 ) ;
#259 = VECTOR ( 'NONE', #127, 1000.000000000000000 ) ;
#260 = CARTESIAN_POINT ( 'NONE',  ( 1.522973192524243068E-15, -4.389671361502358593, 1.000000000000000444 ) ) ;
#261 = VECTOR ( 'NONE', #835, 1000.000000000000000 ) ;
#262 = VERTEX_POINT ( 'NONE', #63 ) ;
#263 = DIRECTION ( 'NONE',  ( -1.000000000000000000, 0.000000000000000000, 0.000000000000000000 ) ) ;
#264 = ORIENTED_EDGE ( 'NONE', *, *, #1737, .T. ) ;
#265 = CARTESIAN_POINT ( 'NONE',  ( -24.26995305164319205, 20.86032863849765207, 4.400000000000000355 ) ) ;
#266 = DIRECTION ( 'NONE',  ( 0.000000000000000000, 0.000000000000000000, -1.000000000000000000 ) ) ;
#267 = ORIENTED_EDGE ( 'NONE', *, *, #921, .F. ) ;
#268 = VERTEX_POINT ( 'NONE', #196 ) ;
#269 = DIRECTION ( 'NONE',  ( 0.000000000000000000, 0.000000000000000000, 1.000000000000000000 ) ) ;
#270 = EDGE_CURVE ( 'NONE', #714, #1212, #359, .T. ) ;
#271 = ADVANCED_FACE ( 'NONE', ( #28 ), #1401, .F. ) ;
#272 = ADVANCED_FACE ( 'NONE', ( #571 ), #465, .F. ) ;
#273 = CARTESIAN_POINT ( 'NONE',  ( -25.76995305164318140, 24.36032863849765562, 0.000000000000000000 ) ) ;
#274 = DIRECTION ( 'NONE',  ( -1.000000000000000000, 0.000000000000000000, 0.000000000000000000 ) ) ;
#275 = ORIENTED_EDGE ( 'NONE', *, *, #209, .T. ) ;
#276 = CARTESIAN_POINT ( 'NONE',  ( -27.76995305164319561, -8.639671361502335500, 0.000000000000000000 ) ) ;
#277 = FACE_OUTER_BOUND ( 'NONE', #414, .T. ) ;
#278 = ORIENTED_EDGE ( 'NONE', *, *, #1145, .T. ) ;
#279 = VERTEX_POINT ( 'NONE', #860 ) ;
#280 = EDGE_CURVE ( 'NONE', #262, #572, #1258, .T. ) ;
#281 = DIRECTION ( 'NONE',  ( 1.000000000000000000, 0.000000000000000000, 0.000000000000000000 ) ) ;
#282 = EDGE_CURVE ( 'NONE', #720, #1643, #1419, .T. ) ;
#283 = CARTESIAN_POINT ( 'NONE',  ( -20.26995305164319561, 23.11032863849764496, 1.000000000000000444 ) ) ;
#284 = DIRECTION ( 'NONE',  ( 0.000000000000000000, 0.000000000000000000, -1.000000000000000000 ) ) ;
#285 = DIRECTION ( 'NONE',  ( 0.000000000000000000, -1.000000000000000000, 0.000000000000000000 ) ) ;
#286 = DIRECTION ( 'NONE',  ( -0.000000000000000000, -0.000000000000000000, 1.000000000000000000 ) ) ;
#287 = VERTEX_POINT ( 'NONE', #1670 ) ;
#288 = CARTESIAN_POINT ( 'NONE',  ( 3.830046948356805814, 14.36032863849764674, 4.399999999999999467 ) ) ;
#289 = EDGE_LOOP ( 'NONE', ( #829, #632, #1532, #960, #727, #1485 ) ) ;
#290 = DATE_AND_TIME ( #1640, #441 ) ;
#291 = CYLINDRICAL_SURFACE ( 'NONE', #222, 1.100000000000000311 ) ;
#292 = VERTEX_POINT ( 'NONE', #437 ) ;
#293 = ORIENTED_EDGE ( 'NONE', *, *, #1596, .T. ) ;
#294 = FACE_BOUND ( 'NONE', #1491, .T. ) ;
#295 = VECTOR ( 'NONE', #1550, 1000.000000000000000 ) ;
#296 = CC_DESIGN_APPROVAL ( #1425, ( #1635 ) ) ;
#297 = CARTESIAN_POINT ( 'NONE',  ( -25.36995305164319348, 20.86032863849765207, 4.400000000000000355 ) ) ;
#298 = AXIS2_PLACEMENT_3D ( 'NONE', #288, #840, #1518 ) ;
#299 = CARTESIAN_POINT ( 'NONE',  ( 5.980046948356799064, 0.000000000000000000, 1.000000000000000444 ) ) ;
#300 = DIRECTION ( 'NONE',  ( -0.000000000000000000, -0.000000000000000000, -1.000000000000000000 ) ) ;
#301 = DIRECTION ( 'NONE',  ( 0.000000000000000000, 2.551063935260009012E-16, -1.000000000000000000 ) ) ;
#302 = ORIENTED_EDGE ( 'NONE', *, *, #607, .T. ) ;
#303 = CARTESIAN_POINT ( 'NONE',  ( 7.230046948356806169, -8.639671361502335500, 4.400000000000000355 ) ) ;
#304 = CARTESIAN_POINT ( 'NONE',  ( 2.630046948356810077, 20.86032863849765207, 4.400000000000000355 ) ) ;
#305 = ORIENTED_EDGE ( 'NONE', *, *, #1730, .F. ) ;
#306 = DATE_TIME_ROLE ( 'creation_date' ) ;
#307 = EDGE_CURVE ( 'NONE', #268, #1367, #332, .T. ) ;
#308 = CARTESIAN_POINT ( 'NONE',  ( 7.230046948356806169, -8.639671361502335500, 4.400000000000000355 ) ) ;
#309 = VERTEX_POINT ( 'NONE', #1376 ) ;
#310 = ORIENTED_EDGE ( 'NONE', *, *, #1455, .F. ) ;
#311 = FACE_OUTER_BOUND ( 'NONE', #893, .T. ) ;
#312 = CARTESIAN_POINT ( 'NONE',  ( 5.730046948356810610, -7.139671361502345270, 0.000000000000000000 ) ) ;
#313 = CARTESIAN_POINT ( 'NONE',  ( 3.730046948356810610, -7.139671361502345270, 0.000000000000000000 ) ) ;
#314 = ORIENTED_EDGE ( 'NONE', *, *, #149, .F. ) ;
#315 = DIRECTION ( 'NONE',  ( -0.000000000000000000, -0.000000000000000000, 1.000000000000000000 ) ) ;
#316 = EDGE_CURVE ( 'NONE', #76, #807, #45, .T. ) ;
#317 = FACE_OUTER_BOUND ( 'NONE', #532, .T. ) ;
#318 = ORIENTED_EDGE ( 'NONE', *, *, #837, .F. ) ;
#319 = DIRECTION ( 'NONE',  ( 0.000000000000000000, -1.000000000000000000, 0.000000000000000000 ) ) ;
#320 = ORIENTED_EDGE ( 'NONE', *, *, #1326, .F. ) ;
#321 = EDGE_CURVE ( 'NONE', #581, #324, #815, .T. ) ;
#322 = CARTESIAN_POINT ( 'NONE',  ( -20.26995305164319561, 23.11032863849764496, 3.399999999999999911 ) ) ;
#323 = LINE ( 'NONE', #1516, #1001 ) ;
#324 = VERTEX_POINT ( 'NONE', #1211 ) ;
#325 = ORIENTED_EDGE ( 'NONE', *, *, #1758, .T. ) ;
#326 = CARTESIAN_POINT ( 'NONE',  ( 4.830046948356811143, -7.139671361502345270, 4.400000000000000355 ) ) ;
#327 = VERTEX_POINT ( 'NONE', #540 ) ;
#328 = DIRECTION ( 'NONE',  ( -1.000000000000000000, 0.000000000000000000, 0.000000000000000000 ) ) ;
#329 = CARTESIAN_POINT ( 'NONE',  ( -21.26995305164320627, 24.36032863849765562, 3.399999999999999911 ) ) ;
#330 = VECTOR ( 'NONE', #118, 1000.000000000000000 ) ;
#331 = AXIS2_PLACEMENT_3D ( 'NONE', #170, #889, #992 ) ;
#332 = CIRCLE ( 'NONE', #1207, 1.000000000000000000 ) ;
#333 = PLANE ( 'NONE',  #796 ) ;
#334 = EDGE_CURVE ( 'NONE', #706, #655, #906, .T. ) ;
#335 = AXIS2_PLACEMENT_3D ( 'NONE', #430, #284, #1527 ) ;
#336 = ORIENTED_EDGE ( 'NONE', *, *, #1476, .F. ) ;
#337 = DIRECTION ( 'NONE',  ( 0.000000000000000000, 0.000000000000000000, -1.000000000000000000 ) ) ;
#338 = EDGE_CURVE ( 'NONE', #594, #720, #1097, .T. ) ;
#339 = LINE ( 'NONE', #897, #115 ) ;
#340 = EDGE_CURVE ( 'NONE', #1008, #1440, #517, .T. ) ;
#341 = EDGE_CURVE ( 'NONE', #1361, #1399, #1641, .T. ) ;
#342 = CARTESIAN_POINT ( 'NONE',  ( -25.76995305164318140, -10.63967136150234793, 4.400000000000000355 ) ) ;
#343 = ORIENTED_EDGE ( 'NONE', *, *, #1319, .F. ) ;
#344 = ORIENTED_EDGE ( 'NONE', *, *, #1015, .T. ) ;
#345 = LINE ( 'NONE', #895, #755 ) ;
#346 = CARTESIAN_POINT ( 'NONE',  ( -26.51995305164320271, 0.000000000000000000, 1.000000000000000444 ) ) ;
#347 = EDGE_CURVE ( 'NONE', #1134, #292, #885, .T. ) ;
#348 = PLANE ( 'NONE',  #881 ) ;
#349 = EDGE_CURVE ( 'NONE', #925, #324, #96, .T. ) ;
#350 = DIRECTION ( 'NONE',  ( -0.000000000000000000, -0.000000000000000000, 1.000000000000000000 ) ) ;
#351 = VERTEX_POINT ( 'NONE', #953 ) ;
#352 = VERTEX_POINT ( 'NONE', #392 ) ;
#353 = PLANE ( 'NONE',  #192 ) ;
#354 = FACE_OUTER_BOUND ( 'NONE', #1672, .T. ) ;
#355 = AXIS2_PLACEMENT_3D ( 'NONE', #208, #38, #1025 ) ;
#356 = CARTESIAN_POINT ( 'NONE',  ( -21.51995305164319561, -4.389671361502350599, 1.000000000000000444 ) ) ;
#357 = ORIENTED_EDGE ( 'NONE', *, *, #762, .F. ) ;
#358 = AXIS2_PLACEMENT_3D ( 'NONE', #1116, #1657, #588 ) ;
#359 = CIRCLE ( 'NONE', #189, 1.100000000000000311 ) ;
#360 = DIRECTION ( 'NONE',  ( 0.000000000000000000, 0.000000000000000000, -1.000000000000000000 ) ) ;
#361 = SECURITY_CLASSIFICATION ( '', '', #1497 ) ;
#362 = VECTOR ( 'NONE', #659, 1000.000000000000000 ) ;
#363 = CARTESIAN_POINT ( 'NONE',  ( 5.230046948356807057, 22.36032863849765562, 4.400000000000000355 ) ) ;
#364 = ORIENTED_EDGE ( 'NONE', *, *, #515, .T. ) ;
#365 = CYLINDRICAL_SURFACE ( 'NONE', #92, 1.999999999999998224 ) ;
#366 = EDGE_CURVE ( 'NONE', #1099, #327, #401, .T. ) ;
#367 = DIRECTION ( 'NONE',  ( -1.000000000000000000, 0.000000000000000000, 0.000000000000000000 ) ) ;
#368 = EDGE_CURVE ( 'NONE', #1305, #1291, #116, .T. ) ;
#369 = ORIENTED_EDGE ( 'NONE', *, *, #651, .T. ) ;
#370 = DIRECTION ( 'NONE',  ( 0.000000000000000000, 1.000000000000000000, -0.000000000000000000 ) ) ;
#371 = EDGE_CURVE ( 'NONE', #1335, #309, #1217, .T. ) ;
#372 = ORIENTED_EDGE ( 'NONE', *, *, #140, .F. ) ;
#373 = CARTESIAN_POINT ( 'NONE',  ( 0.9800469483568080564, 0.000000000000000000, 1.000000000000000444 ) ) ;
#374 = ORIENTED_EDGE ( 'NONE', *, *, #1060, .F. ) ;
#375 = AXIS2_PLACEMENT_3D ( 'NONE', #1192, #360, #1721 ) ;
#376 = CARTESIAN_POINT ( 'NONE',  ( 5.980046948356799064, 0.000000000000000000, 1.000000000000000444 ) ) ;
#377 = ADVANCED_FACE ( 'NONE', ( #940 ), #291, .F. ) ;
#378 = VECTOR ( 'NONE', #1016, 1000.000000000000000 ) ;
#379 = CIRCLE ( 'NONE', #472, 1.999999999999998224 ) ;
#380 = AXIS2_PLACEMENT_3D ( 'NONE', #1397, #1766, #448 ) ;
#381 = VERTEX_POINT ( 'NONE', #1071 ) ;
#382 = DIRECTION ( 'NONE',  ( -0.000000000000000000, 1.000000000000000000, -0.000000000000000000 ) ) ;
#383 = ORIENTED_EDGE ( 'NONE', *, *, #1190, .F. ) ;
#384 = EDGE_CURVE ( 'NONE', #1054, #1387, #530, .T. ) ;
#385 = LINE ( 'NONE', #419, #1050 ) ;
#386 = CARTESIAN_POINT ( 'NONE',  ( 4.830046948356811143, 20.86032863849765207, 4.400000000000000355 ) ) ;
#387 = EDGE_LOOP ( 'NONE', ( #845, #22 ) ) ;
#388 = DIRECTION ( 'NONE',  ( -1.000000000000000000, -3.469446951953614189E-16, 0.000000000000000000 ) ) ;
#389 = ORIENTED_EDGE ( 'NONE', *, *, #1150, .F. ) ;
#390 = CARTESIAN_POINT ( 'NONE',  ( -25.36995305164319348, 20.86032863849765207, 2.500000000000000000 ) ) ;
#391 = APPROVAL_STATUS ( 'not_yet_approved' ) ;
#392 = CARTESIAN_POINT ( 'NONE',  ( 5.230046948356791070, 24.36032863849765562, 4.400000000000000355 ) ) ;
#393 = ORIENTED_EDGE ( 'NONE', *, *, #1422, .T. ) ;
#394 = APPLICATION_CONTEXT ( 'configuration controlled 3d designs of mechanical parts and assemblies' ) ;
#395 = CARTESIAN_POINT ( 'NONE',  ( -25.76995305164318140, 24.36032863849765562, 4.400000000000000355 ) ) ;
#396 = VERTEX_POINT ( 'NONE', #247 ) ;
#397 = CARTESIAN_POINT ( 'NONE',  ( 3.730046948356810610, -7.139671361502345270, 2.500000000000000000 ) ) ;
#398 = AXIS2_PLACEMENT_3D ( 'NONE', #313, #190, #155 ) ;
#399 = DIRECTION ( 'NONE',  ( -0.000000000000000000, -0.000000000000000000, 1.000000000000000000 ) ) ;
#400 = CALENDAR_DATE ( 2026, 2, 7 ) ;
#401 = LINE ( 'NONE', #1245, #1095 ) ;
#402 = ORIENTED_EDGE ( 'NONE', *, *, #1060, .T. ) ;
#403 = EDGE_LOOP ( 'NONE', ( #518, #67 ) ) ;
#404 = AXIS2_PLACEMENT_3D ( 'NONE', #1458, #80, #625 ) ;
#405 = DIRECTION ( 'NONE',  ( 0.000000000000000000, -0.000000000000000000, -1.000000000000000000 ) ) ;
#406 = VECTOR ( 'NONE', #418, 1000.000000000000000 ) ;
#407 = VECTOR ( 'NONE', #1479, 1000.000000000000000 ) ;
#408 = CARTESIAN_POINT ( 'NONE',  ( -5.269953051643197384, 13.11032863849765029, 0.000000000000000000 ) ) ;
#409 = CARTESIAN_POINT ( 'NONE',  ( 3.730046948356810610, 20.86032863849765207, 4.400000000000000355 ) ) ;
#410 = VERTEX_POINT ( 'NONE', #1752 ) ;
#411 = PLANE ( 'NONE',  #1490 ) ;
#412 = COORDINATED_UNIVERSAL_TIME_OFFSET ( 8, 0, .AHEAD. ) ;
#413 = DIRECTION ( 'NONE',  ( -1.000000000000000000, 0.000000000000000000, 0.000000000000000000 ) ) ;
#414 = EDGE_LOOP ( 'NONE', ( #617, #86, #525, #759, #746, #794, #479, #438, #674, #1080, #1753, #216, #302, #1229, #389, #457, #1142, #556, #941, #1638, #111, #1074, #900, #964 ) ) ;
#415 = EDGE_LOOP ( 'NONE', ( #1441, #758 ) ) ;
#416 = DIRECTION ( 'NONE',  ( 0.000000000000000000, 0.000000000000000000, -1.000000000000000000 ) ) ;
#417 = CARTESIAN_POINT ( 'NONE',  ( -24.26995305164319205, 20.86032863849765207, 0.000000000000000000 ) ) ;
#418 = DIRECTION ( 'NONE',  ( 0.000000000000000000, 1.000000000000000000, -0.000000000000000000 ) ) ;
#419 = CARTESIAN_POINT ( 'NONE',  ( 0.9800469483568015061, 23.11032863849764496, 1.000000000000000444 ) ) ;
#420 = DIRECTION ( 'NONE',  ( -0.000000000000000000, -0.000000000000000000, -1.000000000000000000 ) ) ;
#421 = ORIENTED_EDGE ( 'NONE', *, *, #112, .F. ) ;
#422 = CARTESIAN_POINT ( 'NONE',  ( -21.26995305164319916, 23.36032863849765207, 3.399999999999999911 ) ) ;
#423 = ORIENTED_EDGE ( 'NONE', *, *, #638, .F. ) ;
#424 = PERSON_AND_ORGANIZATION_ROLE ( 'design_supplier' ) ;
#425 = CARTESIAN_POINT ( 'NONE',  ( -24.26995305164319205, -7.139671361502345270, 0.000000000000000000 ) ) ;
#426 = ORIENTED_EDGE ( 'NONE', *, *, #510, .F. ) ;
#427 = ORIENTED_EDGE ( 'NONE', *, *, #1698, .T. ) ;
#428 = CARTESIAN_POINT ( 'NONE',  ( 0.9800469483568080564, -9.389671361502355040, 1.000000000000000444 ) ) ;
#429 = LINE ( 'NONE', #1380, #613 ) ;
#430 = CARTESIAN_POINT ( 'NONE',  ( -24.26995305164319205, 20.86032863849765207, 4.400000000000000355 ) ) ;
#431 = DIRECTION ( 'NONE',  ( -1.000000000000000000, 0.000000000000000000, 0.000000000000000000 ) ) ;
#432 = DIRECTION ( 'NONE',  ( -0.000000000000000000, -0.000000000000000000, -1.000000000000000000 ) ) ;
#433 = ORIENTED_EDGE ( 'NONE', *, *, #1609, .T. ) ;
#434 = CARTESIAN_POINT ( 'NONE',  ( -21.51995305164319916, 18.11032863849765207, 1.000000000000000444 ) ) ;
#435 = DIRECTION ( 'NONE',  ( -1.000000000000000000, 0.000000000000000000, 0.000000000000000000 ) ) ;
#436 = ORIENTED_EDGE ( 'NONE', *, *, #810, .T. ) ;
#437 = CARTESIAN_POINT ( 'NONE',  ( 4.830046948356811143, -7.139671361502345270, 4.400000000000000355 ) ) ;
#438 = ORIENTED_EDGE ( 'NONE', *, *, #969, .T. ) ;
#439 = ORIENTED_EDGE ( 'NONE', *, *, #602, .F. ) ;
#440 = VECTOR ( 'NONE', #903, 1000.000000000000000 ) ;
#441 = LOCAL_TIME ( 12, 42, 3.000000000000000000, #1096 ) ;
#442 = CARTESIAN_POINT ( 'NONE',  ( -24.26995305164319205, -7.139671361502345270, 2.500000000000000000 ) ) ;
#443 = VECTOR ( 'NONE', #757, 1000.000000000000000 ) ;
#444 = EDGE_CURVE ( 'NONE', #1214, #1335, #1760, .T. ) ;
#445 = DIRECTION ( 'NONE',  ( -0.000000000000000000, -0.000000000000000000, 1.000000000000000000 ) ) ;
#446 = DIRECTION ( 'NONE',  ( 6.938893903907237252E-16, -1.000000000000000000, 0.000000000000000000 ) ) ;
#447 = EDGE_LOOP ( 'NONE', ( #701, #439, #1155, #1593 ) ) ;
#448 = DIRECTION ( 'NONE',  ( -1.000000000000000000, 0.000000000000000000, 0.000000000000000000 ) ) ;
#449 = DIRECTION ( 'NONE',  ( 8.673617379884035472E-17, -1.000000000000000000, 0.000000000000000000 ) ) ;
#450 = ORIENTED_EDGE ( 'NONE', *, *, #598, .T. ) ;
#451 = CARTESIAN_POINT ( 'NONE',  ( 0.9800469483568080564, 0.000000000000000000, 1.000000000000000444 ) ) ;
#452 = ORIENTED_EDGE ( 'NONE', *, *, #1343, .T. ) ;
#453 = DIRECTION ( 'NONE',  ( -1.000000000000000000, 0.000000000000000000, 0.000000000000000000 ) ) ;
#454 = LINE ( 'NONE', #854, #261 ) ;
#455 = ORIENTED_EDGE ( 'NONE', *, *, #27, .T. ) ;
#456 = LINE ( 'NONE', #1398, #378 ) ;
#457 = ORIENTED_EDGE ( 'NONE', *, *, #695, .T. ) ;
#458 = CARTESIAN_POINT ( 'NONE',  ( 1.730046948356810388, -7.139671361502345270, 2.500000000000000000 ) ) ;
#459 = EDGE_CURVE ( 'NONE', #1197, #132, #110, .T. ) ;
#460 = LINE ( 'NONE', #710, #657 ) ;
#461 = DIRECTION ( 'NONE',  ( 0.000000000000000000, -0.000000000000000000, 1.000000000000000000 ) ) ;
#462 = ORIENTED_EDGE ( 'NONE', *, *, #239, .T. ) ;
#463 = CARTESIAN_POINT ( 'NONE',  ( 5.230046948356807057, -8.639671361502347935, 4.400000000000000355 ) ) ;
#464 = DIRECTION ( 'NONE',  ( 1.156482317317871478E-16, -1.000000000000000000, 0.000000000000000000 ) ) ;
#465 = CYLINDRICAL_SURFACE ( 'NONE', #801, 2.000000000000001776 ) ;
#466 = EDGE_CURVE ( 'NONE', #396, #1361, #255, .T. ) ;
#467 = ADVANCED_FACE ( 'NONE', ( #144, #1083, #666, #1626, #277 ), #827, .F. ) ;
#468 = CC_DESIGN_PERSON_AND_ORGANIZATION_ASSIGNMENT ( #529, #995, ( #819 ) ) ;
#469 = EDGE_CURVE ( 'NONE', #1415, #1734, #1439, .T. ) ;
#470 = DIRECTION ( 'NONE',  ( -1.000000000000000000, 0.000000000000000000, 0.000000000000000000 ) ) ;
#471 = CARTESIAN_POINT ( 'NONE',  ( -27.76995305164319561, -8.639671361502335500, 4.400000000000000355 ) ) ;
#472 = AXIS2_PLACEMENT_3D ( 'NONE', #1661, #820, #851 ) ;
#473 = DIRECTION ( 'NONE',  ( -1.000000000000000000, 0.000000000000000000, 0.000000000000000000 ) ) ;
#474 = DIRECTION ( 'NONE',  ( 1.000000000000000000, 1.156482317317871478E-16, 0.000000000000000000 ) ) ;
#475 = ADVANCED_FACE ( 'NONE', ( #478 ), #1693, .F. ) ;
#476 = ADVANCED_FACE ( 'NONE', ( #1295 ), #203, .T. ) ;
#477 = CYLINDRICAL_SURFACE ( 'NONE', #1418, 1.999999999999998668 ) ;
#478 = FACE_OUTER_BOUND ( 'NONE', #813, .T. ) ;
#479 = ORIENTED_EDGE ( 'NONE', *, *, #1307, .T. ) ;
#480 = VERTEX_POINT ( 'NONE', #1570 ) ;
#481 = CARTESIAN_POINT ( 'NONE',  ( -24.26995305164319205, 20.86032863849765207, 2.500000000000000000 ) ) ;
#482 = LINE ( 'NONE', #1322, #1164 ) ;
#483 = DIRECTION ( 'NONE',  ( -0.000000000000000000, -0.000000000000000000, 1.000000000000000000 ) ) ;
#484 = CARTESIAN_POINT ( 'NONE',  ( 0.000000000000000000, 0.000000000000000000, 1.000000000000000444 ) ) ;
#485 = ORIENTED_EDGE ( 'NONE', *, *, #1235, .T. ) ;
#486 = EDGE_CURVE ( 'NONE', #268, #1440, #1178, .T. ) ;
#487 = CARTESIAN_POINT ( 'NONE',  ( -25.36995305164319348, 20.86032863849765207, 4.400000000000000355 ) ) ;
#488 = FACE_OUTER_BOUND ( 'NONE', #1089, .T. ) ;
#489 = VECTOR ( 'NONE', #1531, 1000.000000000000000 ) ;
#490 = VECTOR ( 'NONE', #1504, 1000.000000000000000 ) ;
#491 = EDGE_CURVE ( 'NONE', #789, #925, #1171, .T. ) ;
#492 = VERTEX_POINT ( 'NONE', #615 ) ;
#493 = AXIS2_PLACEMENT_3D ( 'NONE', #417, #968, #1002 ) ;
#494 = AXIS2_PLACEMENT_3D ( 'NONE', #1092, #555, #1639 ) ;
#495 = CARTESIAN_POINT ( 'NONE',  ( -26.51995305164320271, 18.11032863849765207, 1.000000000000000444 ) ) ;
#496 = AXIS2_PLACEMENT_3D ( 'NONE', #520, #1754, #1330 ) ;
#497 = VECTOR ( 'NONE', #979, 1000.000000000000000 ) ;
#498 = EDGE_CURVE ( 'NONE', #1652, #1005, #1709, .T. ) ;
#499 = DIRECTION ( 'NONE',  ( -1.000000000000000000, 0.000000000000000000, 0.000000000000000000 ) ) ;
#500 = ORIENTED_EDGE ( 'NONE', *, *, #1424, .T. ) ;
#501 = DIRECTION ( 'NONE',  ( -1.000000000000000000, 0.000000000000000000, 0.000000000000000000 ) ) ;
#502 = DIRECTION ( 'NONE',  ( 0.000000000000000000, 0.000000000000000000, -1.000000000000000000 ) ) ;
#503 = ADVANCED_FACE ( 'NONE', ( #1160 ), #907, .T. ) ;
#504 = EDGE_LOOP ( 'NONE', ( #1048, #161, #1043, #1036, #1480, #427 ) ) ;
#505 = CARTESIAN_POINT ( 'NONE',  ( -21.51995305164319561, 0.000000000000000000, 4.400000000000000355 ) ) ;
#506 = EDGE_CURVE ( 'NONE', #1277, #1679, #621, .T. ) ;
#507 = ORIENTED_EDGE ( 'NONE', *, *, #1467, .T. ) ;
#508 = CARTESIAN_POINT ( 'NONE',  ( -24.26995305164319205, 20.86032863849765207, 4.400000000000000355 ) ) ;
#509 = ADVANCED_FACE ( 'NONE', ( #892 ), #333, .F. ) ;
#510 = EDGE_CURVE ( 'NONE', #1694, #560, #1033, .T. ) ;
#511 = EDGE_LOOP ( 'NONE', ( #49, #858, #122, #455 ) ) ;
#512 = AXIS2_PLACEMENT_3D ( 'NONE', #1222, #534, #1370 ) ;
#513 = DIRECTION ( 'NONE',  ( -0.000000000000000000, -0.000000000000000000, 1.000000000000000000 ) ) ;
#514 = CIRCLE ( 'NONE', #1529, 2.000000000000001776 ) ;
#515 = EDGE_CURVE ( 'NONE', #292, #1134, #1630, .T. ) ;
#516 = AXIS2_PLACEMENT_3D ( 'NONE', #1763, #269, #1086 ) ;
#517 = LINE ( 'NONE', #1620, #803 ) ;
#518 = ORIENTED_EDGE ( 'NONE', *, *, #105, .T. ) ;
#519 = EDGE_CURVE ( 'NONE', #1197, #1710, #1700, .T. ) ;
#520 = CARTESIAN_POINT ( 'NONE',  ( -24.26995305164319205, 20.86032863849765207, 2.500000000000000000 ) ) ;
#521 = ORIENTED_EDGE ( 'NONE', *, *, #27, .F. ) ;
#522 = CARTESIAN_POINT ( 'NONE',  ( 5.230046948356807057, 22.36032863849765562, 4.400000000000000355 ) ) ;
#523 = PERSON_AND_ORGANIZATION ( #1717, #1000 ) ;
#524 = DIRECTION ( 'NONE',  ( -0.000000000000000000, -0.000000000000000000, 1.000000000000000000 ) ) ;
#525 = ORIENTED_EDGE ( 'NONE', *, *, #970, .T. ) ;
#526 = DIRECTION ( 'NONE',  ( -0.000000000000000000, -0.000000000000000000, -1.000000000000000000 ) ) ;
#527 = ORIENTED_EDGE ( 'NONE', *, *, #1112, .T. ) ;
#528 = DIRECTION ( 'NONE',  ( 0.000000000000000000, 0.000000000000000000, -1.000000000000000000 ) ) ;
#529 = PERSON_AND_ORGANIZATION ( #1717, #1000 ) ;
#530 = LINE ( 'NONE', #386, #407 ) ;
#531 = ORIENTED_EDGE ( 'NONE', *, *, #341, .F. ) ;
#532 = EDGE_LOOP ( 'NONE', ( #156, #162, #1642, #527 ) ) ;
#533 = CARTESIAN_POINT ( 'NONE',  ( -21.51995305164319561, -9.389671361502355040, 1.000000000000000444 ) ) ;
#534 = DIRECTION ( 'NONE',  ( -0.000000000000000000, -0.000000000000000000, -1.000000000000000000 ) ) ;
#535 = EDGE_LOOP ( 'NONE', ( #1549, #1719, #1668, #121 ) ) ;
#536 = VECTOR ( 'NONE', #286, 1000.000000000000000 ) ;
#537 = LINE ( 'NONE', #1278, #905 ) ;
#538 = CIRCLE ( 'NONE', #213, 1.100000000000000311 ) ;
#539 = APPROVAL_STATUS ( 'not_yet_approved' ) ;
#540 = CARTESIAN_POINT ( 'NONE',  ( 7.230046948356806169, -0.6396713615023511545, 0.9999999999999956701 ) ) ;
#541 = ORIENTED_EDGE ( 'NONE', *, *, #140, .T. ) ;
#542 = EDGE_LOOP ( 'NONE', ( #1256, #1115, #1057, #1738 ) ) ;
#543 = EDGE_CURVE ( 'NONE', #594, #1683, #73, .T. ) ;
#544 = CIRCLE ( 'NONE', #404, 2.000000000000000444 ) ;
#545 = AXIS2_PLACEMENT_3D ( 'NONE', #735, #1289, #59 ) ;
#546 = PLANE ( 'NONE',  #358 ) ;
#547 = AXIS2_PLACEMENT_3D ( 'NONE', #129, #1216, #143 ) ;
#548 = VECTOR ( 'NONE', #301, 1000.000000000000000 ) ;
#549 = PLANE ( 'NONE',  #754 ) ;
#550 = DIRECTION ( 'NONE',  ( 1.000000000000000000, 0.000000000000000000, 0.000000000000000000 ) ) ;
#551 = ADVANCED_FACE ( 'NONE', ( #6 ), #865, .F. ) ;
#552 = FACE_OUTER_BOUND ( 'NONE', #707, .T. ) ;
#553 = CARTESIAN_POINT ( 'NONE',  ( 1.730046948356809944, 20.86032863849765207, 2.500000000000000000 ) ) ;
#554 = EDGE_LOOP ( 'NONE', ( #1154, #1690, #142, #1523 ) ) ;
#555 = DIRECTION ( 'NONE',  ( 0.000000000000000000, 0.000000000000000000, -1.000000000000000000 ) ) ;
#556 = ORIENTED_EDGE ( 'NONE', *, *, #1426, .T. ) ;
#557 = CALENDAR_DATE ( 2026, 2, 7 ) ;
#558 = DIRECTION ( 'NONE',  ( -0.000000000000000000, -0.000000000000000000, -1.000000000000000000 ) ) ;
#559 = EDGE_LOOP ( 'NONE', ( #264, #1411, #1179, #541 ) ) ;
#560 = VERTEX_POINT ( 'NONE', #1237 ) ;
#561 = FACE_OUTER_BOUND ( 'NONE', #289, .T. ) ;
#562 = LINE ( 'NONE', #297, #585 ) ;
#563 = DIRECTION ( 'NONE',  ( -1.000000000000000000, 0.000000000000000000, 0.000000000000000000 ) ) ;
#564 = DIRECTION ( 'NONE',  ( -0.000000000000000000, 0.000000000000000000, 1.000000000000000000 ) ) ;
#565 = LINE ( 'NONE', #553, #1558 ) ;
#566 = ORIENTED_EDGE ( 'NONE', *, *, #890, .T. ) ;
#567 = CARTESIAN_POINT ( 'NONE',  ( 5.980046948356799064, 18.11032863849765207, 1.000000000000000444 ) ) ;
#568 = CARTESIAN_POINT ( 'NONE',  ( 7.230046948356806169, -0.6396713615023520427, 4.399999999999997691 ) ) ;
#569 = EDGE_LOOP ( 'NONE', ( #124, #531, #1389, #1727, #993, #678, #1442, #1628 ) ) ;
#570 = CALENDAR_DATE ( 2026, 2, 7 ) ;
#571 = FACE_OUTER_BOUND ( 'NONE', #104, .T. ) ;
#572 = VERTEX_POINT ( 'NONE', #1406 ) ;
#573 = EDGE_LOOP ( 'NONE', ( #1191, #1750, #1540, #1701 ) ) ;
#574 = DIRECTION ( 'NONE',  ( -1.000000000000000000, 2.081668171172168513E-14, 0.000000000000000000 ) ) ;
#575 = DIRECTION ( 'NONE',  ( -1.000000000000000000, 0.000000000000000000, 0.000000000000000000 ) ) ;
#576 = DIRECTION ( 'NONE',  ( 0.000000000000000000, -0.000000000000000000, -1.000000000000000000 ) ) ;
#577 = LINE ( 'NONE', #988, #489 ) ;
#578 = ORIENTED_EDGE ( 'NONE', *, *, #338, .T. ) ;
#579 = DIRECTION ( 'NONE',  ( 0.000000000000000000, 0.000000000000000000, -1.000000000000000000 ) ) ;
#580 = LINE ( 'NONE', #304, #148 ) ;
#581 = VERTEX_POINT ( 'NONE', #1120 ) ;
#582 = DIRECTION ( 'NONE',  ( -1.000000000000000000, 0.000000000000000000, 0.000000000000000000 ) ) ;
#583 = ORIENTED_EDGE ( 'NONE', *, *, #1199, .T. ) ;
#584 = CIRCLE ( 'NONE', #631, 1.999999999999998668 ) ;
#585 = VECTOR ( 'NONE', #850, 1000.000000000000000 ) ;
#586 = VECTOR ( 'NONE', #399, 1000.000000000000000 ) ;
#587 = VECTOR ( 'NONE', #1746, 1000.000000000000000 ) ;
#588 = DIRECTION ( 'NONE',  ( 1.000000000000000000, 0.000000000000000000, 0.000000000000000000 ) ) ;
#589 = VECTOR ( 'NONE', #177, 1000.000000000000000 ) ;
#590 = FACE_BOUND ( 'NONE', #387, .T. ) ;
#591 = EDGE_LOOP ( 'NONE', ( #869, #989 ) ) ;
#592 = CARTESIAN_POINT ( 'NONE',  ( 0.9800469483568019502, 18.11032863849765207, 1.000000000000000444 ) ) ;
#593 = CARTESIAN_POINT ( 'NONE',  ( -4.269953051643197384, 23.36032863849765207, 0.000000000000000000 ) ) ;
#594 = VERTEX_POINT ( 'NONE', #1252 ) ;
#595 = DIRECTION ( 'NONE',  ( -1.000000000000000000, 0.000000000000000000, 0.000000000000000000 ) ) ;
#596 = DIRECTION ( 'NONE',  ( -1.000000000000000000, 0.000000000000000000, 0.000000000000000000 ) ) ;
#597 = CARTESIAN_POINT ( 'NONE',  ( 1.522973192524243068E-15, -4.389671361502358593, 4.400000000000000355 ) ) ;
#598 = EDGE_CURVE ( 'NONE', #954, #237, #323, .T. ) ;
#599 = ORIENTED_EDGE ( 'NONE', *, *, #839, .T. ) ;
#600 = FACE_OUTER_BOUND ( 'NONE', #1308, .T. ) ;
#601 = DIRECTION ( 'NONE',  ( 0.000000000000000000, -0.000000000000000000, -1.000000000000000000 ) ) ;
#602 = EDGE_CURVE ( 'NONE', #684, #908, #1687, .T. ) ;
#603 = CC_DESIGN_PERSON_AND_ORGANIZATION_ASSIGNMENT ( #523, #1076, ( #644 ) ) ;
#604 = CARTESIAN_POINT ( 'NONE',  ( -25.76995305164318140, -10.63967136150234793, 0.000000000000000000 ) ) ;
#605 = FACE_OUTER_BOUND ( 'NONE', #1349, .T. ) ;
#606 = MANIFOLD_SOLID_BREP ( 'ÇÐ³ý-À­Éì10', #614 ) ;
#607 = EDGE_CURVE ( 'NONE', #1679, #309, #1664, .T. ) ;
#608 = CARTESIAN_POINT ( 'NONE',  ( 5.730046948356810610, -7.139671361502345270, 2.500000000000000000 ) ) ;
#609 = EDGE_CURVE ( 'NONE', #257, #765, #137, .T. ) ;
#610 = CARTESIAN_POINT ( 'NONE',  ( -23.16995305164319419, -7.139671361502345270, 2.500000000000000000 ) ) ;
#611 = LINE ( 'NONE', #1163, #731 ) ;
#612 = CARTESIAN_POINT ( 'NONE',  ( -20.26995305164319561, 0.000000000000000000, 0.000000000000000000 ) ) ;
#613 = VECTOR ( 'NONE', #1103, 1000.000000000000000 ) ;
#614 = CLOSED_SHELL ( 'NONE', ( #475, #808, #271, #1602, #1519, #1303, #551, #708, #680, #1430, #377, #1461, #939, #62, #476, #15, #467, #1296, #228, #153, #786, #509, #21, #1471, #1175, #212, #1732, #982, #1501, #1023, #673, #1629, #777, #1662, #1176, #503, #1584, #139, #9, #984, #1100, #913, #1093, #1224, #1193, #825, #1673, #1300, #272, #1293, #184, #852 ) ) ;
#615 = CARTESIAN_POINT ( 'NONE',  ( 5.730046948356810610, 20.86032863849765207, 2.500000000000000000 ) ) ;
#616 = EDGE_LOOP ( 'NONE', ( #1769, #1655, #1656, #724 ) ) ;
#617 = ORIENTED_EDGE ( 'NONE', *, *, #543, .T. ) ;
#618 = CARTESIAN_POINT ( 'NONE',  ( -25.76995305164319916, 22.36032863849765562, 0.000000000000000000 ) ) ;
#619 = DIRECTION ( 'NONE',  ( -0.000000000000000000, -0.000000000000000000, 1.000000000000000000 ) ) ;
#620 = APPLICATION_CONTEXT ( 'configuration controlled 3d designs of mechanical parts and assemblies' ) ;
#621 = LINE ( 'NONE', #224, #1680 ) ;
#622 = VERTEX_POINT ( 'NONE', #1276 ) ;
#623 = CARTESIAN_POINT ( 'NONE',  ( 0.9800469483568035045, 8.500552244369882944E-17, 1.000000000000000444 ) ) ;
#624 = EDGE_CURVE ( 'NONE', #1005, #943, #1591, .T. ) ;
#625 = DIRECTION ( 'NONE',  ( -1.000000000000000000, 0.000000000000000000, 0.000000000000000000 ) ) ;
#626 = ORIENTED_EDGE ( 'NONE', *, *, #1372, .T. ) ;
#627 = EDGE_CURVE ( 'NONE', #965, #205, #454, .T. ) ;
#628 = CARTESIAN_POINT ( 'NONE',  ( -26.26995305164319561, -7.139671361502345270, 0.000000000000000000 ) ) ;
#629 = DIRECTION ( 'NONE',  ( 0.000000000000000000, 0.000000000000000000, -1.000000000000000000 ) ) ;
#630 = CIRCLE ( 'NONE', #1286, 1.999999999999998224 ) ;
#631 = AXIS2_PLACEMENT_3D ( 'NONE', #522, #1618, #834 ) ;
#632 = ORIENTED_EDGE ( 'NONE', *, *, #1225, .T. ) ;
#633 = AXIS2_PLACEMENT_3D ( 'NONE', #716, #896, #1268 ) ;
#634 = CIRCLE ( 'NONE', #1385, 1.100000000000000311 ) ;
#635 = FACE_OUTER_BOUND ( 'NONE', #932, .T. ) ;
#636 = CIRCLE ( 'NONE', #782, 1.000000000000000888 ) ;
#637 = AXIS2_PLACEMENT_3D ( 'NONE', #690, #1365, #1348 ) ;
#638 = EDGE_CURVE ( 'NONE', #1280, #76, #1383, .T. ) ;
#639 = DIRECTION ( 'NONE',  ( 0.000000000000000000, -1.000000000000000000, 0.000000000000000000 ) ) ;
#640 = ORIENTED_EDGE ( 'NONE', *, *, #1040, .F. ) ;
#641 = CARTESIAN_POINT ( 'NONE',  ( 3.730046948356810610, 20.86032863849765207, 2.500000000000000000 ) ) ;
#642 = EDGE_CURVE ( 'NONE', #946, #1197, #630, .T. ) ;
#643 = EDGE_CURVE ( 'NONE', #1434, #410, #565, .T. ) ;
#644 = PRODUCT_DEFINITION ( 'æœ', '', #1635, #751 ) ;
#645 = EDGE_CURVE ( 'NONE', #1366, #381, #577, .T. ) ;
#646 = ORIENTED_EDGE ( 'NONE', *, *, #1755, .T. ) ;
#647 = PLANE ( 'NONE',  #150 ) ;
#648 = EDGE_LOOP ( 'NONE', ( #1344, #1316, #318, #1560, #83, #1607, #207, #421, #823, #61, #811, #1463, #1208, #1219 ) ) ;
#649 = EDGE_CURVE ( 'NONE', #965, #622, #167, .T. ) ;
#650 = DIRECTION ( 'NONE',  ( 0.000000000000000000, 0.000000000000000000, 1.000000000000000000 ) ) ;
#651 = EDGE_CURVE ( 'NONE', #1603, #1214, #734, .T. ) ;
#652 = CARTESIAN_POINT ( 'NONE',  ( 3.730046948356810610, -7.139671361502345270, 4.400000000000000355 ) ) ;
#653 = ORIENTED_EDGE ( 'NONE', *, *, #598, .F. ) ;
#654 = DIRECTION ( 'NONE',  ( -1.000000000000000000, 0.000000000000000000, 0.000000000000000000 ) ) ;
#655 = VERTEX_POINT ( 'NONE', #822 ) ;
#656 = CARTESIAN_POINT ( 'NONE',  ( -24.26995305164319205, 20.86032863849765207, 2.500000000000000000 ) ) ;
#657 = VECTOR ( 'NONE', #1262, 1000.000000000000000 ) ;
#658 = VECTOR ( 'NONE', #20, 1000.000000000000000 ) ;
#659 = DIRECTION ( 'NONE',  ( -0.000000000000000000, -0.000000000000000000, -1.000000000000000000 ) ) ;
#660 = VERTEX_POINT ( 'NONE', #1371 ) ;
#661 = CARTESIAN_POINT ( 'NONE',  ( -24.26995305164319205, 20.86032863849765207, 2.500000000000000000 ) ) ;
#662 = CC_DESIGN_DATE_AND_TIME_ASSIGNMENT ( #290, #172, ( #361 ) ) ;
#663 = ORIENTED_EDGE ( 'NONE', *, *, #651, .F. ) ;
#664 = LINE ( 'NONE', #933, #923 ) ;
#665 = APPROVAL_STATUS ( 'not_yet_approved' ) ;
#666 = FACE_BOUND ( 'NONE', #591, .T. ) ;
#667 = VERTEX_POINT ( 'NONE', #713 ) ;
#668 = ORIENTED_EDGE ( 'NONE', *, *, #270, .T. ) ;
#669 = CARTESIAN_POINT ( 'NONE',  ( -23.16995305164319419, -7.139671361502345270, 4.400000000000000355 ) ) ;
#670 = EDGE_CURVE ( 'NONE', #205, #667, #1265, .T. ) ;
#671 = ORIENTED_EDGE ( 'NONE', *, *, #1168, .F. ) ;
#672 = PLANE ( 'NONE',  #1234 ) ;
#673 = ADVANCED_FACE ( 'NONE', ( #974 ), #1133, .F. ) ;
#674 = ORIENTED_EDGE ( 'NONE', *, *, #1605, .T. ) ;
#675 = PLANE ( 'NONE',  #298 ) ;
#676 = DIRECTION ( 'NONE',  ( 0.000000000000000000, 0.000000000000000000, -1.000000000000000000 ) ) ;
#677 = ORIENTED_EDGE ( 'NONE', *, *, #919, .F. ) ;
#678 = ORIENTED_EDGE ( 'NONE', *, *, #1272, .F. ) ;
#679 = CARTESIAN_POINT ( 'NONE',  ( 5.980046948356799064, -4.389671361502356817, 1.000000000000000444 ) ) ;
#680 = ADVANCED_FACE ( 'NONE', ( #1013, #1004, #1543, #48, #590 ), #353, .T. ) ;
#681 = DIRECTION ( 'NONE',  ( 0.000000000000000000, 0.000000000000000000, -1.000000000000000000 ) ) ;
#682 = DIRECTION ( 'NONE',  ( -0.000000000000000000, -0.000000000000000000, 1.000000000000000000 ) ) ;
#683 = CARTESIAN_POINT ( 'NONE',  ( 3.830046948356805814, 14.36032863849764674, 4.399999999999999467 ) ) ;
#684 = VERTEX_POINT ( 'NONE', #495 ) ;
#685 = CIRCLE ( 'NONE', #752, 2.000000000000000444 ) ;
#686 = CARTESIAN_POINT ( 'NONE',  ( -27.76995305164319561, -8.639671361502335500, 4.400000000000000355 ) ) ;
#687 = ORIENTED_EDGE ( 'NONE', *, *, #280, .T. ) ;
#688 = AXIS2_PLACEMENT_3D ( 'NONE', #709, #416, #1525 ) ;
#689 = PERSON_AND_ORGANIZATION ( #1717, #1000 ) ;
#690 = CARTESIAN_POINT ( 'NONE',  ( 5.230046948356807057, -8.639671361502347935, 0.000000000000000000 ) ) ;
#691 = EDGE_LOOP ( 'NONE', ( #314, #1354, #98, #1203 ) ) ;
#692 = VERTEX_POINT ( 'NONE', #1472 ) ;
#693 = AXIS2_PLACEMENT_3D ( 'NONE', #1705, #337, #435 ) ;
#694 = CARTESIAN_POINT ( 'NONE',  ( -0.000000000000000000, 23.11032863849764496, 4.400000000000000355 ) ) ;
#695 = EDGE_CURVE ( 'NONE', #1247, #1734, #749, .T. ) ;
#696 = CIRCLE ( 'NONE', #1094, 1.100000000000000311 ) ;
#697 = CARTESIAN_POINT ( 'NONE',  ( -5.269953051643197384, 23.36032863849765207, 3.399999999999999911 ) ) ;
#698 = LINE ( 'NONE', #299, #406 ) ;
#699 = LINE ( 'NONE', #1264, #798 ) ;
#700 = DIRECTION ( 'NONE',  ( -0.000000000000000000, -0.000000000000000000, -1.000000000000000000 ) ) ;
#701 = ORIENTED_EDGE ( 'NONE', *, *, #1323, .F. ) ;
#702 = CYLINDRICAL_SURFACE ( 'NONE', #79, 1.100000000000000311 ) ;
#703 = ORIENTED_EDGE ( 'NONE', *, *, #510, .T. ) ;
#704 = APPROVAL_ROLE ( '' ) ;
#705 = FACE_OUTER_BOUND ( 'NONE', #178, .T. ) ;
#706 = VERTEX_POINT ( 'NONE', #1045 ) ;
#707 = EDGE_LOOP ( 'NONE', ( #241, #1520 ) ) ;
#708 = ADVANCED_FACE ( 'NONE', ( #635 ), #1058, .F. ) ;
#709 = CARTESIAN_POINT ( 'NONE',  ( 3.730046948356810610, -7.139671361502345270, 2.500000000000000000 ) ) ;
#710 = CARTESIAN_POINT ( 'NONE',  ( -26.51995305164320271, 0.000000000000000000, 4.400000000000000355 ) ) ;
#711 = CARTESIAN_POINT ( 'NONE',  ( 4.830046948356811143, -7.139671361502345270, 2.500000000000000000 ) ) ;
#712 = CARTESIAN_POINT ( 'NONE',  ( -26.51995305164320271, -4.389671361502350599, 1.000000000000000444 ) ) ;
#713 = CARTESIAN_POINT ( 'NONE',  ( -21.51995305164319916, 18.11032863849765207, 4.400000000000000355 ) ) ;
#714 = VERTEX_POINT ( 'NONE', #901 ) ;
#715 = CARTESIAN_POINT ( 'NONE',  ( -21.51995305164320271, 23.11032863849764496, 4.400000000000000355 ) ) ;
#716 = CARTESIAN_POINT ( 'NONE',  ( 5.980046948356799064, 0.000000000000000000, 1.000000000000000444 ) ) ;
#717 = ORIENTED_EDGE ( 'NONE', *, *, #780, .F. ) ;
#718 = COORDINATED_UNIVERSAL_TIME_OFFSET ( 8, 0, .AHEAD. ) ;
#719 = DIRECTION ( 'NONE',  ( -0.000000000000000000, -0.000000000000000000, 1.000000000000000000 ) ) ;
#720 = VERTEX_POINT ( 'NONE', #220 ) ;
#721 = CYLINDRICAL_SURFACE ( 'NONE', #1352, 1.100000000000000311 ) ;
#722 = PLANE ( 'NONE',  #944 ) ;
#723 = CARTESIAN_POINT ( 'NONE',  ( 5.980046948356799064, -0.6396713615023511545, 1.000000000000000222 ) ) ;
#724 = ORIENTED_EDGE ( 'NONE', *, *, #1107, .F. ) ;
#725 = DIRECTION ( 'NONE',  ( 1.000000000000000000, 0.000000000000000000, 0.000000000000000000 ) ) ;
#726 = DIRECTION ( 'NONE',  ( -1.000000000000000000, 0.000000000000000000, 0.000000000000000000 ) ) ;
#727 = ORIENTED_EDGE ( 'NONE', *, *, #307, .T. ) ;
#728 = DIRECTION ( 'NONE',  ( 0.000000000000000000, 1.000000000000000000, -0.000000000000000000 ) ) ;
#729 = VERTEX_POINT ( 'NONE', #487 ) ;
#730 = VECTOR ( 'NONE', #682, 1000.000000000000000 ) ;
#731 = VECTOR ( 'NONE', #449, 1000.000000000000000 ) ;
#732 = LINE ( 'NONE', #175, #217 ) ;
#733 = VECTOR ( 'NONE', #1146, 1000.000000000000000 ) ;
#734 = LINE ( 'NONE', #1288, #733 ) ;
#735 = CARTESIAN_POINT ( 'NONE',  ( 7.230046948356806169, -8.639671361502335500, 4.400000000000000355 ) ) ;
#736 = DIRECTION ( 'NONE',  ( 1.000000000000000000, 0.000000000000000000, 0.000000000000000000 ) ) ;
#737 = ORIENTED_EDGE ( 'NONE', *, *, #366, .F. ) ;
#738 = DIRECTION ( 'NONE',  ( 0.000000000000000000, 1.000000000000000000, 0.000000000000000000 ) ) ;
#739 = CARTESIAN_POINT ( 'NONE',  ( 5.980046948356799064, 0.000000000000000000, 1.000000000000000444 ) ) ;
#740 = CARTESIAN_POINT ( 'NONE',  ( 5.230046948356791070, -10.63967136150234793, 4.400000000000000355 ) ) ;
#741 = ORIENTED_EDGE ( 'NONE', *, *, #56, .F. ) ;
#742 = CARTESIAN_POINT ( 'NONE',  ( 0.9800469483568080564, -4.389671361502358593, 1.000000000000000444 ) ) ;
#743 = CARTESIAN_POINT ( 'NONE',  ( -25.76995305164318140, 24.36032863849765562, 4.400000000000000355 ) ) ;
#744 = DIRECTION ( 'NONE',  ( -0.000000000000000000, -0.000000000000000000, -1.000000000000000000 ) ) ;
#745 = DIRECTION ( 'NONE',  ( 8.673617379884035472E-17, -1.000000000000000000, 0.000000000000000000 ) ) ;
#746 = ORIENTED_EDGE ( 'NONE', *, *, #642, .T. ) ;
#747 = VERTEX_POINT ( 'NONE', #1062 ) ;
#748 = ORIENTED_EDGE ( 'NONE', *, *, #1703, .T. ) ;
#749 = LINE ( 'NONE', #505, #1189 ) ;
#750 = CC_DESIGN_PERSON_AND_ORGANIZATION_ASSIGNMENT ( #1257, #952, ( #1635 ) ) ;
#751 = DESIGN_CONTEXT ( 'detailed design', #620, 'design' ) ;
#752 = AXIS2_PLACEMENT_3D ( 'NONE', #799, #821, #1341 ) ;
#753 = DIRECTION ( 'NONE',  ( 0.000000000000000000, 0.000000000000000000, -1.000000000000000000 ) ) ;
#754 = AXIS2_PLACEMENT_3D ( 'NONE', #739, #1117, #1659 ) ;
#755 = VECTOR ( 'NONE', #1436, 1000.000000000000000 ) ;
#756 = VECTOR ( 'NONE', #1713, 1000.000000000000000 ) ;
#757 = DIRECTION ( 'NONE',  ( -0.000000000000000000, -0.000000000000000000, -1.000000000000000000 ) ) ;
#758 = ORIENTED_EDGE ( 'NONE', *, *, #624, .F. ) ;
#759 = ORIENTED_EDGE ( 'NONE', *, *, #1101, .T. ) ;
#760 = FACE_OUTER_BOUND ( 'NONE', #1765, .T. ) ;
#761 = LINE ( 'NONE', #376, #1421 ) ;
#762 = EDGE_CURVE ( 'NONE', #262, #138, #761, .T. ) ;
#763 = PLANE ( 'NONE',  #1167 ) ;
#764 = DIRECTION ( 'NONE',  ( 1.000000000000000000, 0.000000000000000000, 0.000000000000000000 ) ) ;
#765 = VERTEX_POINT ( 'NONE', #1317 ) ;
#766 = DIRECTION ( 'NONE',  ( -1.000000000000000000, 0.000000000000000000, 0.000000000000000000 ) ) ;
#767 = DIRECTION ( 'NONE',  ( -1.000000000000000000, 0.000000000000000000, -0.000000000000000000 ) ) ;
#768 = ORIENTED_EDGE ( 'NONE', *, *, #105, .F. ) ;
#769 = DIRECTION ( 'NONE',  ( 0.000000000000000000, -1.000000000000000000, 0.000000000000000000 ) ) ;
#770 = EDGE_CURVE ( 'NONE', #396, #836, #1712, .T. ) ;
#771 = CARTESIAN_POINT ( 'NONE',  ( 3.730046948356810610, -7.139671361502345270, 2.500000000000000000 ) ) ;
#772 = VECTOR ( 'NONE', #1395, 1000.000000000000000 ) ;
#773 = EDGE_CURVE ( 'NONE', #783, #807, #482, .T. ) ;
#774 = AXIS2_PLACEMENT_3D ( 'NONE', #623, #1598, #84 ) ;
#775 = ORIENTED_EDGE ( 'NONE', *, *, #1579, .T. ) ;
#776 = CIRCLE ( 'NONE', #693, 1.100000000000000311 ) ;
#777 = ADVANCED_FACE ( 'NONE', ( #1309 ), #1460, .T. ) ;
#778 = AXIS2_PLACEMENT_3D ( 'NONE', #422, #141, #1545 ) ;
#779 = EDGE_CURVE ( 'NONE', #1627, #132, #1528, .T. ) ;
#780 = EDGE_CURVE ( 'NONE', #1603, #1415, #1049, .T. ) ;
#781 = FACE_OUTER_BOUND ( 'NONE', #542, .T. ) ;
#782 = AXIS2_PLACEMENT_3D ( 'NONE', #18, #681, #563 ) ;
#783 = VERTEX_POINT ( 'NONE', #234 ) ;
#784 = DIRECTION ( 'NONE',  ( -0.000000000000000000, -0.000000000000000000, -1.000000000000000000 ) ) ;
#785 = EDGE_CURVE ( 'NONE', #287, #279, #1135, .T. ) ;
#786 = ADVANCED_FACE ( 'NONE', ( #909 ), #365, .T. ) ;
#787 = EDGE_LOOP ( 'NONE', ( #102, #215, #935, #1266 ) ) ;
#788 = CARTESIAN_POINT ( 'NONE',  ( -26.51995305164320271, 18.11032863849765207, 4.400000000000000355 ) ) ;
#789 = VERTEX_POINT ( 'NONE', #87 ) ;
#790 = DIRECTION ( 'NONE',  ( 0.000000000000000000, 0.000000000000000000, -1.000000000000000000 ) ) ;
#791 = ORIENTED_EDGE ( 'NONE', *, *, #915, .T. ) ;
#792 = CARTESIAN_POINT ( 'NONE',  ( -25.76995305164318140, -10.63967136150234793, 4.400000000000000355 ) ) ;
#793 = CARTESIAN_POINT ( 'NONE',  ( 0.9800469483568080564, -9.389671361502355040, 1.000000000000000444 ) ) ;
#794 = ORIENTED_EDGE ( 'NONE', *, *, #519, .T. ) ;
#795 = CYLINDRICAL_SURFACE ( 'NONE', #926, 2.000000000000001776 ) ;
#796 = AXIS2_PLACEMENT_3D ( 'NONE', #342, #887, #461 ) ;
#797 = ORIENTED_EDGE ( 'NONE', *, *, #469, .F. ) ;
#798 = VECTOR ( 'NONE', #1251, 1000.000000000000000 ) ;
#799 = CARTESIAN_POINT ( 'NONE',  ( 3.730046948356810610, 20.86032863849765207, 2.500000000000000000 ) ) ;
#800 = VECTOR ( 'NONE', #186, 1000.000000000000000 ) ;
#801 = AXIS2_PLACEMENT_3D ( 'NONE', #1410, #1684, #1292 ) ;
#802 = CC_DESIGN_SECURITY_CLASSIFICATION ( #361, ( #1635 ) ) ;
#803 = VECTOR ( 'NONE', #1077, 1000.000000000000000 ) ;
#804 = DATE_AND_TIME ( #1244, #78 ) ;
#805 = CARTESIAN_POINT ( 'NONE',  ( -5.269953051643197384, 23.11032863849764496, 1.000000000000000444 ) ) ;
#806 = ORIENTED_EDGE ( 'NONE', *, *, #1319, .T. ) ;
#807 = VERTEX_POINT ( 'NONE', #628 ) ;
#808 = ADVANCED_FACE ( 'NONE', ( #781 ), #1055, .F. ) ;
#809 = DIRECTION ( 'NONE',  ( 1.000000000000000000, 0.000000000000000000, 0.000000000000000000 ) ) ;
#810 = EDGE_CURVE ( 'NONE', #660, #747, #1728, .T. ) ;
#811 = ORIENTED_EDGE ( 'NONE', *, *, #368, .T. ) ;
#812 = CYLINDRICAL_SURFACE ( 'NONE', #512, 1.100000000000000311 ) ;
#813 = EDGE_LOOP ( 'NONE', ( #41, #1459, #1469, #1259 ) ) ;
#814 = LINE ( 'NONE', #23, #1676 ) ;
#815 = LINE ( 'NONE', #1388, #1334 ) ;
#816 = EDGE_LOOP ( 'NONE', ( #1124, #1402, #195, #1665 ) ) ;
#817 = ORIENTED_EDGE ( 'NONE', *, *, #972, .T. ) ;
#818 = CARTESIAN_POINT ( 'NONE',  ( -22.26995305164319205, -7.139671361502345270, 2.500000000000000000 ) ) ;
#819 = PRODUCT ( 'hertmann1', 'hertmann1', '', ( #1653 ) ) ;
#820 = DIRECTION ( 'NONE',  ( 0.000000000000000000, 0.000000000000000000, 1.000000000000000000 ) ) ;
#821 = DIRECTION ( 'NONE',  ( 0.000000000000000000, 0.000000000000000000, -1.000000000000000000 ) ) ;
#822 = CARTESIAN_POINT ( 'NONE',  ( -22.26995305164319205, 20.86032863849765207, 2.500000000000000000 ) ) ;
#823 = ORIENTED_EDGE ( 'NONE', *, *, #779, .F. ) ;
#824 = LINE ( 'NONE', #303, #259 ) ;
#825 = ADVANCED_FACE ( 'NONE', ( #91, #1336 ), #99, .T. ) ;
#826 = SHAPE_DEFINITION_REPRESENTATION ( #1351, #1221 ) ;
#827 = PLANE ( 'NONE',  #1636 ) ;
#828 = ORIENTED_EDGE ( 'NONE', *, *, #349, .T. ) ;
#829 = ORIENTED_EDGE ( 'NONE', *, *, #341, .T. ) ;
#830 = CARTESIAN_POINT ( 'NONE',  ( -20.26995305164319561, 20.36032863849765562, 3.399999999999999911 ) ) ;
#831 = CARTESIAN_POINT ( 'NONE',  ( -5.269953051643197384, 23.36032863849764851, 0.000000000000000000 ) ) ;
#832 = CARTESIAN_POINT ( 'NONE',  ( -21.51995305164319561, 0.000000000000000000, 1.000000000000000444 ) ) ;
#833 = EDGE_CURVE ( 'NONE', #765, #327, #938, .T. ) ;
#834 = DIRECTION ( 'NONE',  ( -1.000000000000000000, 0.000000000000000000, 0.000000000000000000 ) ) ;
#835 = DIRECTION ( 'NONE',  ( -0.000000000000000000, -0.000000000000000000, 1.000000000000000000 ) ) ;
#836 = VERTEX_POINT ( 'NONE', #973 ) ;
#837 = EDGE_CURVE ( 'NONE', #237, #1008, #1, .T. ) ;
#838 = CIRCLE ( 'NONE', #1675, 1.100000000000000311 ) ;
#839 = EDGE_CURVE ( 'NONE', #1305, #1627, #1236, .T. ) ;
#840 = DIRECTION ( 'NONE',  ( 0.000000000000000000, -1.000000000000000000, -0.000000000000000000 ) ) ;
#841 = EDGE_LOOP ( 'NONE', ( #310, #1650, #393, #1346 ) ) ;
#842 = AXIS2_PLACEMENT_3D ( 'NONE', #1273, #1423, #575 ) ;
#843 = CARTESIAN_POINT ( 'NONE',  ( -24.26995305164319205, -7.139671361502345270, 4.400000000000000355 ) ) ;
#844 = VERTEX_POINT ( 'NONE', #792 ) ;
#845 = ORIENTED_EDGE ( 'NONE', *, *, #1165, .F. ) ;
#846 = CC_DESIGN_APPROVAL ( #916, ( #644 ) ) ;
#847 = CIRCLE ( 'NONE', #494, 2.000000000000000000 ) ;
#848 = DIRECTION ( 'NONE',  ( -0.000000000000000000, 1.000000000000000000, -0.000000000000000000 ) ) ;
#849 = EDGE_CURVE ( 'NONE', #232, #943, #664, .T. ) ;
#850 = DIRECTION ( 'NONE',  ( -0.000000000000000000, -0.000000000000000000, -1.000000000000000000 ) ) ;
#851 = DIRECTION ( 'NONE',  ( -1.000000000000000000, 0.000000000000000000, 0.000000000000000000 ) ) ;
#852 = ADVANCED_FACE ( 'NONE', ( #1215 ), #251, .T. ) ;
#853 = CARTESIAN_POINT ( 'NONE',  ( 2.630046948356810077, -7.139671361502345270, 4.400000000000000355 ) ) ;
#854 = CARTESIAN_POINT ( 'NONE',  ( -21.51995305164320271, 23.11032863849764496, 1.000000000000000444 ) ) ;
#855 = ORIENTED_EDGE ( 'NONE', *, *, #491, .F. ) ;
#856 = DIRECTION ( 'NONE',  ( -1.000000000000000000, 0.000000000000000000, 0.000000000000000000 ) ) ;
#857 = CYLINDRICAL_SURFACE ( 'NONE', #355, 2.000000000000001776 ) ;
#858 = ORIENTED_EDGE ( 'NONE', *, *, #506, .F. ) ;
#859 = APPLICATION_PROTOCOL_DEFINITION ( 'international standard', 'config_control_design', 1994, #620 ) ;
#860 = CARTESIAN_POINT ( 'NONE',  ( -22.26995305164319205, 20.86032863849765207, 0.000000000000000000 ) ) ;
#861 = ORIENTED_EDGE ( 'NONE', *, *, #1338, .T. ) ;
#862 = EDGE_LOOP ( 'NONE', ( #229, #1035 ) ) ;
#863 = DIRECTION ( 'NONE',  ( 0.000000000000000000, 0.000000000000000000, -1.000000000000000000 ) ) ;
#864 = LINE ( 'NONE', #853, #1722 ) ;
#865 = CYLINDRICAL_SURFACE ( 'NONE', #1720, 1.100000000000000311 ) ;
#866 = ORIENTED_EDGE ( 'NONE', *, *, #1019, .F. ) ;
#867 = LINE ( 'NONE', #592, #586 ) ;
#868 = CYLINDRICAL_SURFACE ( 'NONE', #2, 2.000000000000000000 ) ;
#869 = ORIENTED_EDGE ( 'NONE', *, *, #1503, .T. ) ;
#870 = DIRECTION ( 'NONE',  ( 0.000000000000000000, 0.000000000000000000, -1.000000000000000000 ) ) ;
#871 = EDGE_LOOP ( 'NONE', ( #7, #74, #1539, #1358, #599, #1623, #126, #1390 ) ) ;
#872 = PRODUCT_RELATED_PRODUCT_CATEGORY ( 'detail', '', ( #819 ) ) ;
#873 = CARTESIAN_POINT ( 'NONE',  ( -21.51995305164319561, -4.389671361502350599, 1.000000000000000444 ) ) ;
#874 = DIRECTION ( 'NONE',  ( -0.000000000000000000, -0.000000000000000000, -1.000000000000000000 ) ) ;
#875 = EDGE_LOOP ( 'NONE', ( #1149, #320 ) ) ;
#876 = CARTESIAN_POINT ( 'NONE',  ( -25.76995305164319916, 22.36032863849765562, 4.400000000000000355 ) ) ;
#877 = DIRECTION ( 'NONE',  ( -0.000000000000000000, -0.000000000000000000, -1.000000000000000000 ) ) ;
#878 = ORIENTED_EDGE ( 'NONE', *, *, #459, .T. ) ;
#879 = CARTESIAN_POINT ( 'NONE',  ( 3.830046948356805814, 14.36032863849764674, 1.000000000000000000 ) ) ;
#880 = VECTOR ( 'NONE', #1522, 1000.000000000000000 ) ;
#881 = AXIS2_PLACEMENT_3D ( 'NONE', #1159, #1726, #1181 ) ;
#882 = AXIS2_PLACEMENT_3D ( 'NONE', #193, #1173, #1711 ) ;
#883 = APPROVAL_PERSON_ORGANIZATION ( #689, #1425, #1400 ) ;
#884 = FACE_OUTER_BOUND ( 'NONE', #1061, .T. ) ;
#885 = CIRCLE ( 'NONE', #1586, 1.100000000000000311 ) ;
#886 = EDGE_CURVE ( 'NONE', #1384, #1305, #125, .T. ) ;
#887 = DIRECTION ( 'NONE',  ( 0.000000000000000000, 1.000000000000000000, 0.000000000000000000 ) ) ;
#888 = DIRECTION ( 'NONE',  ( -0.000000000000000000, -0.000000000000000000, -1.000000000000000000 ) ) ;
#889 = DIRECTION ( 'NONE',  ( 0.000000000000000000, 0.000000000000000000, -1.000000000000000000 ) ) ;
#890 = EDGE_CURVE ( 'NONE', #492, #1434, #1606, .T. ) ;
#891 = DIRECTION ( 'NONE',  ( -0.000000000000000000, -0.000000000000000000, -1.000000000000000000 ) ) ;
#892 = FACE_OUTER_BOUND ( 'NONE', #998, .T. ) ;
#893 = EDGE_LOOP ( 'NONE', ( #500, #626 ) ) ;
#894 = ORIENTED_EDGE ( 'NONE', *, *, #1225, .F. ) ;
#895 = CARTESIAN_POINT ( 'NONE',  ( 7.230046948356806169, -0.6396713615023511545, 0.9999999999999956701 ) ) ;
#896 = DIRECTION ( 'NONE',  ( 1.000000000000000000, 0.000000000000000000, 0.000000000000000000 ) ) ;
#897 = CARTESIAN_POINT ( 'NONE',  ( -25.76995305164318140, -10.63967136150234793, 4.400000000000000355 ) ) ;
#898 = DIRECTION ( 'NONE',  ( -1.000000000000000000, -3.469446951953614189E-16, 0.000000000000000000 ) ) ;
#899 = EDGE_LOOP ( 'NONE', ( #1315, #640, #25, #1621 ) ) ;
#900 = ORIENTED_EDGE ( 'NONE', *, *, #282, .F. ) ;
#901 = CARTESIAN_POINT ( 'NONE',  ( -23.16995305164319419, -7.139671361502345270, 4.400000000000000355 ) ) ;
#902 = VECTOR ( 'NONE', #60, 1000.000000000000000 ) ;
#903 = DIRECTION ( 'NONE',  ( -0.000000000000000000, -0.000000000000000000, -1.000000000000000000 ) ) ;
#904 = CIRCLE ( 'NONE', #1139, 2.000000000000001776 ) ;
#905 = VECTOR ( 'NONE', #1226, 1000.000000000000000 ) ;
#906 = CIRCLE ( 'NONE', #1771, 2.000000000000001776 ) ;
#907 = PLANE ( 'NONE',  #1053 ) ;
#908 = VERTEX_POINT ( 'NONE', #788 ) ;
#909 = FACE_OUTER_BOUND ( 'NONE', #559, .T. ) ;
#910 = DIRECTION ( 'NONE',  ( -0.000000000000000000, -0.000000000000000000, -1.000000000000000000 ) ) ;
#911 = ORIENTED_EDGE ( 'NONE', *, *, #384, .F. ) ;
#912 = DIRECTION ( 'NONE',  ( -0.000000000000000000, -0.000000000000000000, -1.000000000000000000 ) ) ;
#913 = ADVANCED_FACE ( 'NONE', ( #552, #1201 ), #672, .T. ) ;
#914 = FACE_OUTER_BOUND ( 'NONE', #816, .T. ) ;
#915 = EDGE_CURVE ( 'NONE', #1434, #492, #685, .T. ) ;
#916 = APPROVAL ( #665, 'æœª' ) ;
#917 = VERTEX_POINT ( 'NONE', #390 ) ;
#918 = DIRECTION ( 'NONE',  ( 0.000000000000000000, -1.000000000000000000, 0.000000000000000000 ) ) ;
#919 = EDGE_CURVE ( 'NONE', #381, #836, #1081, .T. ) ;
#920 = ORIENTED_EDGE ( 'NONE', *, *, #921, .T. ) ;
#921 = EDGE_CURVE ( 'NONE', #1230, #1770, #838, .T. ) ;
#922 = CARTESIAN_POINT ( 'NONE',  ( 5.730046948356810610, -7.139671361502345270, 2.500000000000000000 ) ) ;
#923 = VECTOR ( 'NONE', #1362, 1000.000000000000000 ) ;
#924 = VECTOR ( 'NONE', #16, 1000.000000000000000 ) ;
#925 = VERTEX_POINT ( 'NONE', #103 ) ;
#926 = AXIS2_PLACEMENT_3D ( 'NONE', #661, #1204, #654 ) ;
#927 = AXIS2_PLACEMENT_3D ( 'NONE', #1162, #1704, #473 ) ;
#928 = DIRECTION ( 'NONE',  ( -1.000000000000000000, 0.000000000000000000, 0.000000000000000000 ) ) ;
#929 = VECTOR ( 'NONE', #388, 1000.000000000000000 ) ;
#930 = ORIENTED_EDGE ( 'NONE', *, *, #1015, .F. ) ;
#931 = LINE ( 'NONE', #1474, #95 ) ;
#932 = EDGE_LOOP ( 'NONE', ( #1597, #1138, #768, #131 ) ) ;
#933 = CARTESIAN_POINT ( 'NONE',  ( 1.730046948356810388, -7.139671361502345270, 2.500000000000000000 ) ) ;
#934 = DIRECTION ( 'NONE',  ( -1.000000000000000000, 0.000000000000000000, 0.000000000000000000 ) ) ;
#935 = ORIENTED_EDGE ( 'NONE', *, *, #1326, .T. ) ;
#936 = CYLINDRICAL_SURFACE ( 'NONE', #1468, 2.000000000000000444 ) ;
#937 = ORIENTED_EDGE ( 'NONE', *, *, #649, .T. ) ;
#938 = LINE ( 'NONE', #1624, #490 ) ;
#939 = ADVANCED_FACE ( 'NONE', ( #1088 ), #812, .F. ) ;
#940 = FACE_OUTER_BOUND ( 'NONE', #1378, .T. ) ;
#941 = ORIENTED_EDGE ( 'NONE', *, *, #1323, .T. ) ;
#942 = CARTESIAN_POINT ( 'NONE',  ( 3.730046948356810610, 20.86032863849765207, 2.500000000000000000 ) ) ;
#943 = VERTEX_POINT ( 'NONE', #1637 ) ;
#944 = AXIS2_PLACEMENT_3D ( 'NONE', #154, #1677, #564 ) ;
#945 = DIRECTION ( 'NONE',  ( -0.000000000000000000, -0.000000000000000000, 1.000000000000000000 ) ) ;
#946 = VERTEX_POINT ( 'NONE', #136 ) ;
#947 = VECTOR ( 'NONE', #877, 1000.000000000000000 ) ;
#948 = AXIS2_PLACEMENT_3D ( 'NONE', #54, #1151, #595 ) ;
#949 = FACE_OUTER_BOUND ( 'NONE', #841, .T. ) ;
#950 = AXIS2_PLACEMENT_3D ( 'NONE', #832, #1250, #1104 ) ;
#951 = AXIS2_PLACEMENT_3D ( 'NONE', #57, #1678, #446 ) ;
#952 = PERSON_AND_ORGANIZATION_ROLE ( 'creator' ) ;
#953 = CARTESIAN_POINT ( 'NONE',  ( 0.9800469483568015061, 23.11032863849764496, 4.400000000000000355 ) ) ;
#954 = VERTEX_POINT ( 'NONE', #1210 ) ;
#955 = ORIENTED_EDGE ( 'NONE', *, *, #149, .T. ) ;
#956 = DIRECTION ( 'NONE',  ( 0.000000000000000000, 1.000000000000000000, 0.000000000000000000 ) ) ;
#957 = EDGE_CURVE ( 'NONE', #492, #692, #1741, .T. ) ;
#958 = CARTESIAN_POINT ( 'NONE',  ( 3.730046948356810610, 20.86032863849765207, 2.500000000000000000 ) ) ;
#959 = DIRECTION ( 'NONE',  ( -1.000000000000000000, 0.000000000000000000, 0.000000000000000000 ) ) ;
#960 = ORIENTED_EDGE ( 'NONE', *, *, #65, .T. ) ;
#961 = DIRECTION ( 'NONE',  ( 1.000000000000000000, 0.000000000000000000, 0.000000000000000000 ) ) ;
#962 = PERSON_AND_ORGANIZATION ( #1717, #1000 ) ;
#963 = DIRECTION ( 'NONE',  ( -1.000000000000000000, 0.000000000000000000, 0.000000000000000000 ) ) ;
#964 = ORIENTED_EDGE ( 'NONE', *, *, #338, .F. ) ;
#965 = VERTEX_POINT ( 'NONE', #1648 ) ;
#966 = CARTESIAN_POINT ( 'NONE',  ( -27.76995305164319561, -8.639671361502335500, 0.000000000000000000 ) ) ;
#967 = EDGE_CURVE ( 'NONE', #1694, #351, #385, .T. ) ;
#968 = DIRECTION ( 'NONE',  ( 0.000000000000000000, 0.000000000000000000, -1.000000000000000000 ) ) ;
#969 = EDGE_CURVE ( 'NONE', #844, #789, #1613, .T. ) ;
#970 = EDGE_CURVE ( 'NONE', #954, #352, #584, .T. ) ;
#971 = LINE ( 'NONE', #1369, #1533 ) ;
#972 = EDGE_CURVE ( 'NONE', #1134, #1230, #864, .T. ) ;
#973 = CARTESIAN_POINT ( 'NONE',  ( -5.269953051643197384, 13.11032863849765029, 1.000000000000000444 ) ) ;
#974 = FACE_OUTER_BOUND ( 'NONE', #573, .T. ) ;
#975 = ORIENTED_EDGE ( 'NONE', *, *, #321, .F. ) ;
#976 = CARTESIAN_POINT ( 'NONE',  ( -5.269953051643197384, 23.36032863849764851, 3.399999999999999911 ) ) ;
#977 = ORIENTED_EDGE ( 'NONE', *, *, #1703, .F. ) ;
#978 = PERSON_AND_ORGANIZATION ( #1717, #1000 ) ;
#979 = DIRECTION ( 'NONE',  ( 0.000000000000000000, 1.000000000000000000, -0.000000000000000000 ) ) ;
#980 = ORIENTED_EDGE ( 'NONE', *, *, #70, .F. ) ;
#981 = ORIENTED_EDGE ( 'NONE', *, *, #886, .F. ) ;
#982 = ADVANCED_FACE ( 'NONE', ( #1515 ), #1003, .F. ) ;
#983 = CARTESIAN_POINT ( 'NONE',  ( -25.36995305164319348, -7.139671361502345270, 4.400000000000000355 ) ) ;
#984 = ADVANCED_FACE ( 'NONE', ( #1119 ), #722, .T. ) ;
#985 = PLANE ( 'NONE',  #1166 ) ;
#986 = LINE ( 'NONE', #1263, #1242 ) ;
#987 = LINE ( 'NONE', #47, #235 ) ;
#988 = CARTESIAN_POINT ( 'NONE',  ( -5.269953051643197384, 0.000000000000000000, 0.000000000000000000 ) ) ;
#989 = ORIENTED_EDGE ( 'NONE', *, *, #46, .T. ) ;
#990 = AXIS2_PLACEMENT_3D ( 'NONE', #1382, #285, #576 ) ;
#991 = DIRECTION ( 'NONE',  ( -0.000000000000000000, -0.000000000000000000, 1.000000000000000000 ) ) ;
#992 = DIRECTION ( 'NONE',  ( -1.000000000000000000, 0.000000000000000000, 0.000000000000000000 ) ) ;
#993 = ORIENTED_EDGE ( 'NONE', *, *, #967, .T. ) ;
#994 = VECTOR ( 'NONE', #281, 1000.000000000000000 ) ;
#995 = PERSON_AND_ORGANIZATION_ROLE ( 'design_owner' ) ;
#996 = VECTOR ( 'NONE', #1573, 1000.000000000000000 ) ;
#997 = CARTESIAN_POINT ( 'NONE',  ( 3.730046948356810610, -7.139671361502345270, 2.500000000000000000 ) ) ;
#998 = EDGE_LOOP ( 'NONE', ( #462, #855, #1585, #1417 ) ) ;
#999 = VERTEX_POINT ( 'NONE', #1132 ) ;
#1000 = ORGANIZATION ( 'æœª', 'æœª', '' ) ;
#1001 = VECTOR ( 'NONE', #874, 1000.000000000000000 ) ;
#1002 = DIRECTION ( 'NONE',  ( -1.000000000000000000, 0.000000000000000000, 0.000000000000000000 ) ) ;
#1003 = PLANE ( 'NONE',  #990 ) ;
#1004 = FACE_BOUND ( 'NONE', #875, .T. ) ;
#1005 = VERTEX_POINT ( 'NONE', #312 ) ;
#1006 = CARTESIAN_POINT ( 'NONE',  ( -22.26995305164319205, -7.139671361502345270, 0.000000000000000000 ) ) ;
#1007 = CARTESIAN_POINT ( 'NONE',  ( 5.230046948356791070, 24.36032863849765562, 4.400000000000000355 ) ) ;
#1008 = VERTEX_POINT ( 'NONE', #1394 ) ;
#1009 = CC_DESIGN_PERSON_AND_ORGANIZATION_ASSIGNMENT ( #978, #1521, ( #361 ) ) ;
#1010 = CARTESIAN_POINT ( 'NONE',  ( 0.000000000000000000, -9.389671361502355040, 1.000000000000000444 ) ) ;
#1011 = ORIENTED_EDGE ( 'NONE', *, *, #347, .T. ) ;
#1012 = DIRECTION ( 'NONE',  ( -1.000000000000000000, 0.000000000000000000, -0.000000000000000000 ) ) ;
#1013 = FACE_OUTER_BOUND ( 'NONE', #648, .T. ) ;
#1014 = FACE_OUTER_BOUND ( 'NONE', #554, .T. ) ;
#1015 = EDGE_CURVE ( 'NONE', #480, #1218, #1530, .T. ) ;
#1016 = DIRECTION ( 'NONE',  ( -1.000000000000000000, -0.000000000000000000, -0.000000000000000000 ) ) ;
#1017 = ORIENTED_EDGE ( 'NONE', *, *, #371, .T. ) ;
#1018 = CARTESIAN_POINT ( 'NONE',  ( 7.230046948356806169, 22.36032863849763785, 0.000000000000000000 ) ) ;
#1019 = EDGE_CURVE ( 'NONE', #655, #279, #699, .T. ) ;
#1020 = CARTESIAN_POINT ( 'NONE',  ( 4.830046948356811143, 20.86032863849765207, 2.500000000000000000 ) ) ;
#1021 = CARTESIAN_POINT ( 'NONE',  ( 3.730046948356810610, -7.139671361502345270, 4.400000000000000355 ) ) ;
#1022 = ORIENTED_EDGE ( 'NONE', *, *, #1730, .T. ) ;
#1023 = ADVANCED_FACE ( 'NONE', ( #19 ), #1663, .T. ) ;
#1024 = ORIENTED_EDGE ( 'NONE', *, *, #135, .F. ) ;
#1025 = DIRECTION ( 'NONE',  ( -1.000000000000000000, 0.000000000000000000, 0.000000000000000000 ) ) ;
#1026 = PLANE ( 'NONE',  #1187 ) ;
#1027 = AXIS2_PLACEMENT_3D ( 'NONE', #1576, #1427, #214 ) ;
#1028 = AXIS2_PLACEMENT_3D ( 'NONE', #1478, #1757, #242 ) ;
#1029 = AXIS2_PLACEMENT_3D ( 'NONE', #612, #767, #64 ) ;
#1030 = VECTOR ( 'NONE', #1555, 1000.000000000000000 ) ;
#1031 = CIRCLE ( 'NONE', #516, 2.000000000000000000 ) ;
#1032 = CARTESIAN_POINT ( 'NONE',  ( -24.26995305164319205, 20.86032863849765207, 4.400000000000000355 ) ) ;
#1033 = LINE ( 'NONE', #1433, #42 ) ;
#1034 = EDGE_CURVE ( 'NONE', #36, #1114, #538, .T. ) ;
#1035 = ORIENTED_EDGE ( 'NONE', *, *, #14, .T. ) ;
#1036 = ORIENTED_EDGE ( 'NONE', *, *, #770, .F. ) ;
#1037 = CARTESIAN_POINT ( 'NONE',  ( -24.26995305164319205, 20.86032863849765207, 2.500000000000000000 ) ) ;
#1038 = UNCERTAINTY_MEASURE_WITH_UNIT (LENGTH_MEASURE( 1.000000000000000082E-05 ), #1514, 'distance_accuracy_value', 'NONE');
#1039 = CARTESIAN_POINT ( 'NONE',  ( 5.980046948356799064, 18.11032863849765207, 1.000000000000000444 ) ) ;
#1040 = EDGE_CURVE ( 'NONE', #1603, #1247, #987, .T. ) ;
#1041 = DIRECTION ( 'NONE',  ( -0.000000000000000000, 0.000000000000000000, -1.000000000000000000 ) ) ;
#1042 = ORIENTED_EDGE ( 'NONE', *, *, #1426, .F. ) ;
#1043 = ORIENTED_EDGE ( 'NONE', *, *, #919, .T. ) ;
#1044 = ORIENTED_EDGE ( 'NONE', *, *, #135, .T. ) ;
#1045 = CARTESIAN_POINT ( 'NONE',  ( -26.26995305164319561, 20.86032863849765207, 2.500000000000000000 ) ) ;
#1046 = LINE ( 'NONE', #1313, #756 ) ;
#1047 = DIRECTION ( 'NONE',  ( -0.000000000000000000, -0.000000000000000000, 1.000000000000000000 ) ) ;
#1048 = ORIENTED_EDGE ( 'NONE', *, *, #187, .T. ) ;
#1049 = LINE ( 'NONE', #1587, #1561 ) ;
#1050 = VECTOR ( 'NONE', #513, 1000.000000000000000 ) ;
#1051 = DIRECTION ( 'NONE',  ( 0.000000000000000000, 0.000000000000000000, -1.000000000000000000 ) ) ;
#1052 = VECTOR ( 'NONE', #1130, 1000.000000000000000 ) ;
#1053 = AXIS2_PLACEMENT_3D ( 'NONE', #1450, #81, #898 ) ;
#1054 = VERTEX_POINT ( 'NONE', #1416 ) ;
#1055 = CYLINDRICAL_SURFACE ( 'NONE', #253, 2.000000000000000444 ) ;
#1056 = CARTESIAN_POINT ( 'NONE',  ( 3.730046948356810610, 20.86032863849765207, 4.400000000000000355 ) ) ;
#1057 = ORIENTED_EDGE ( 'NONE', *, *, #1475, .T. ) ;
#1058 = CYLINDRICAL_SURFACE ( 'NONE', #252, 1.100000000000000311 ) ;
#1059 = LINE ( 'NONE', #260, #929 ) ;
#1060 = EDGE_CURVE ( 'NONE', #480, #684, #52, .T. ) ;
#1061 = EDGE_LOOP ( 'NONE', ( #1363, #894, #452, #436, #1572, #1554 ) ) ;
#1062 = CARTESIAN_POINT ( 'NONE',  ( -20.26995305164319561, 13.11032863849764851, 1.000000000000000444 ) ) ;
#1063 = ORIENTED_EDGE ( 'NONE', *, *, #1470, .T. ) ;
#1064 = LINE ( 'NONE', #1610, #1188 ) ;
#1065 = AXIS2_PLACEMENT_3D ( 'NONE', #1070, #650, #1347 ) ;
#1066 = VECTOR ( 'NONE', #1152, 1000.000000000000000 ) ;
#1067 = ORIENTED_EDGE ( 'NONE', *, *, #307, .F. ) ;
#1068 = CIRCLE ( 'NONE', #496, 1.100000000000000311 ) ;
#1069 = AXIS2_PLACEMENT_3D ( 'NONE', #157, #315, #1535 ) ;
#1070 = CARTESIAN_POINT ( 'NONE',  ( 5.230046948356807057, 22.36032863849765562, 0.000000000000000000 ) ) ;
#1071 = CARTESIAN_POINT ( 'NONE',  ( -5.269953051643197384, 13.11032863849765029, 0.000000000000000000 ) ) ;
#1072 = ORIENTED_EDGE ( 'NONE', *, *, #1729, .F. ) ;
#1073 = CARTESIAN_POINT ( 'NONE',  ( -25.76995305164318140, 24.36032863849765562, 0.000000000000000000 ) ) ;
#1074 = ORIENTED_EDGE ( 'NONE', *, *, #1169, .T. ) ;
#1075 = CARTESIAN_POINT ( 'NONE',  ( -21.26995305164320627, 24.36032863849765562, 3.399999999999999911 ) ) ;
#1076 = PERSON_AND_ORGANIZATION_ROLE ( 'creator' ) ;
#1077 = DIRECTION ( 'NONE',  ( -1.000000000000000000, -0.000000000000000000, -0.000000000000000000 ) ) ;
#1078 = ORIENTED_EDGE ( 'NONE', *, *, #321, .T. ) ;
#1079 = PLANE ( 'NONE',  #1355 ) ;
#1080 = ORIENTED_EDGE ( 'NONE', *, *, #233, .T. ) ;
#1081 = LINE ( 'NONE', #408, #730 ) ;
#1082 = APPROVAL_DATE_TIME ( #1375, #916 ) ;
#1083 = FACE_BOUND ( 'NONE', #1562, .T. ) ;
#1084 = ORIENTED_EDGE ( 'NONE', *, *, #1503, .F. ) ;
#1085 = ORIENTED_EDGE ( 'NONE', *, *, #280, .F. ) ;
#1086 = DIRECTION ( 'NONE',  ( 1.000000000000000000, 0.000000000000000000, 0.000000000000000000 ) ) ;
#1087 = AXIS2_PLACEMENT_3D ( 'NONE', #1405, #176, #1542 ) ;
#1088 = FACE_OUTER_BOUND ( 'NONE', #39, .T. ) ;
#1089 = EDGE_LOOP ( 'NONE', ( #1486, #383, #1161, #450 ) ) ;
#1090 = AXIS2_PLACEMENT_3D ( 'NONE', #1667, #1574, #194 ) ;
#1091 = VECTOR ( 'NONE', #582, 1000.000000000000000 ) ;
#1092 = CARTESIAN_POINT ( 'NONE',  ( 3.730046948356810610, -7.139671361502345270, 2.500000000000000000 ) ) ;
#1093 = ADVANCED_FACE ( 'NONE', ( #1299 ), #857, .F. ) ;
#1094 = AXIS2_PLACEMENT_3D ( 'NONE', #71, #483, #1582 ) ;
#1095 = VECTOR ( 'NONE', #130, 1000.000000000000000 ) ;
#1096 = COORDINATED_UNIVERSAL_TIME_OFFSET ( 8, 0, .AHEAD. ) ;
#1097 = LINE ( 'NONE', #1654, #497 ) ;
#1098 = ORIENTED_EDGE ( 'NONE', *, *, #506, .T. ) ;
#1099 = VERTEX_POINT ( 'NONE', #568 ) ;
#1100 = ADVANCED_FACE ( 'NONE', ( #1689 ), #1148, .F. ) ;
#1101 = EDGE_CURVE ( 'NONE', #352, #946, #456, .T. ) ;
#1102 = LINE ( 'NONE', #1368, #994 ) ;
#1103 = DIRECTION ( 'NONE',  ( 1.000000000000000000, -0.000000000000000000, -0.000000000000000000 ) ) ;
#1104 = DIRECTION ( 'NONE',  ( 0.000000000000000000, 0.000000000000000000, -1.000000000000000000 ) ) ;
#1105 = DIRECTION ( 'NONE',  ( -0.000000000000000000, -0.000000000000000000, -1.000000000000000000 ) ) ;
#1106 = CARTESIAN_POINT ( 'NONE',  ( -21.51995305164318495, -1.493246710424168298E-14, 4.400000000000000355 ) ) ;
#1107 = EDGE_CURVE ( 'NONE', #1571, #1451, #580, .T. ) ;
#1108 = ORIENTED_EDGE ( 'NONE', *, *, #515, .F. ) ;
#1109 = DIRECTION ( 'NONE',  ( -1.000000000000000000, 0.000000000000000000, 0.000000000000000000 ) ) ;
#1110 = ORIENTED_EDGE ( 'NONE', *, *, #1773, .T. ) ;
#1111 = APPROVAL_DATE_TIME ( #804, #1425 ) ;
#1112 = EDGE_CURVE ( 'NONE', #943, #1005, #1381, .T. ) ;
#1113 = CARTESIAN_POINT ( 'NONE',  ( -24.26995305164319205, 20.86032863849765207, 2.500000000000000000 ) ) ;
#1114 = VERTEX_POINT ( 'NONE', #1553 ) ;
#1115 = ORIENTED_EDGE ( 'NONE', *, *, #957, .T. ) ;
#1116 = CARTESIAN_POINT ( 'NONE',  ( -20.26995305164319561, 20.36032863849765562, 3.399999999999999911 ) ) ;
#1117 = DIRECTION ( 'NONE',  ( 1.000000000000000000, 0.000000000000000000, 0.000000000000000000 ) ) ;
#1118 = FACE_OUTER_BOUND ( 'NONE', #899, .T. ) ;
#1119 = FACE_OUTER_BOUND ( 'NONE', #504, .T. ) ;
#1120 = CARTESIAN_POINT ( 'NONE',  ( 7.230046948356807057, -8.639671361502347935, 4.400000000000000355 ) ) ;
#1121 = ORIENTED_EDGE ( 'NONE', *, *, #833, .T. ) ;
#1122 = FACE_OUTER_BOUND ( 'NONE', #1477, .T. ) ;
#1123 = CARTESIAN_POINT ( 'NONE',  ( -1.516186324464861574E-15, 13.11032863849765029, 0.000000000000000000 ) ) ;
#1124 = ORIENTED_EDGE ( 'NONE', *, *, #1609, .F. ) ;
#1125 = APPROVAL_DATE_TIME ( #119, #1749 ) ;
#1126 = CARTESIAN_POINT ( 'NONE',  ( 0.000000000000000000, 18.11032863849765207, 4.400000000000000355 ) ) ;
#1127 = EDGE_LOOP ( 'NONE', ( #1063, #1547, #1072, #1098 ) ) ;
#1128 = EDGE_LOOP ( 'NONE', ( #791, #566 ) ) ;
#1129 = DIRECTION ( 'NONE',  ( -0.000000000000000000, -0.000000000000000000, 1.000000000000000000 ) ) ;
#1130 = DIRECTION ( 'NONE',  ( 0.000000000000000000, 0.000000000000000000, -1.000000000000000000 ) ) ;
#1131 = CARTESIAN_POINT ( 'NONE',  ( -27.76995305164319561, -8.639671361502335500, 4.400000000000000355 ) ) ;
#1132 = CARTESIAN_POINT ( 'NONE',  ( -20.26995305164319561, 23.36032863849764851, 3.399999999999999911 ) ) ;
#1133 = PLANE ( 'NONE',  #951 ) ;
#1134 = VERTEX_POINT ( 'NONE', #1563 ) ;
#1135 = CIRCLE ( 'NONE', #375, 2.000000000000001776 ) ;
#1136 = LINE ( 'NONE', #1254, #152 ) ;
#1137 = LINE ( 'NONE', #1007, #236 ) ;
#1138 = ORIENTED_EDGE ( 'NONE', *, *, #1599, .T. ) ;
#1139 = AXIS2_PLACEMENT_3D ( 'NONE', #1575, #629, #1699 ) ;
#1140 = VECTOR ( 'NONE', #1407, 1000.000000000000000 ) ;
#1141 = DIRECTION ( 'NONE',  ( -1.000000000000000000, 0.000000000000000000, 0.000000000000000000 ) ) ;
#1142 = ORIENTED_EDGE ( 'NONE', *, *, #1596, .F. ) ;
#1143 = VECTOR ( 'NONE', #934, 1000.000000000000000 ) ;
#1144 = LINE ( 'NONE', #283, #295 ) ;
#1145 = EDGE_CURVE ( 'NONE', #1212, #714, #776, .T. ) ;
#1146 = DIRECTION ( 'NONE',  ( 1.000000000000000000, 0.000000000000000000, 0.000000000000000000 ) ) ;
#1147 = DIRECTION ( 'NONE',  ( 1.000000000000000000, 0.000000000000000000, 0.000000000000000000 ) ) ;
#1148 = PLANE ( 'NONE',  #109 ) ;
#1149 = ORIENTED_EDGE ( 'NONE', *, *, #785, .F. ) ;
#1150 = EDGE_CURVE ( 'NONE', #1247, #1335, #1682, .T. ) ;
#1151 = DIRECTION ( 'NONE',  ( -0.000000000000000000, -0.000000000000000000, -1.000000000000000000 ) ) ;
#1152 = DIRECTION ( 'NONE',  ( -0.000000000000000000, -0.000000000000000000, 1.000000000000000000 ) ) ;
#1153 = CARTESIAN_POINT ( 'NONE',  ( -25.76995305164319916, 22.36032863849765562, 4.400000000000000355 ) ) ;
#1154 = ORIENTED_EDGE ( 'NONE', *, *, #1301, .T. ) ;
#1155 = ORIENTED_EDGE ( 'NONE', *, *, #128, .T. ) ;
#1156 = LINE ( 'NONE', #326, #947 ) ;
#1157 = LINE ( 'NONE', #308, #94 ) ;
#1158 = EDGE_CURVE ( 'NONE', #655, #706, #1464, .T. ) ;
#1159 = CARTESIAN_POINT ( 'NONE',  ( -26.51995305164320271, 0.000000000000000000, 1.000000000000000444 ) ) ;
#1160 = FACE_OUTER_BOUND ( 'NONE', #511, .T. ) ;
#1161 = ORIENTED_EDGE ( 'NONE', *, *, #970, .F. ) ;
#1162 = CARTESIAN_POINT ( 'NONE',  ( 3.730046948356810610, 20.86032863849765207, 4.400000000000000355 ) ) ;
#1163 = CARTESIAN_POINT ( 'NONE',  ( 0.9800469483568035045, 8.500552244369882944E-17, 4.400000000000000355 ) ) ;
#1164 = VECTOR ( 'NONE', #1581, 1000.000000000000000 ) ;
#1165 = EDGE_CURVE ( 'NONE', #410, #692, #1466, .T. ) ;
#1166 = AXIS2_PLACEMENT_3D ( 'NONE', #32, #863, #1012 ) ;
#1167 = AXIS2_PLACEMENT_3D ( 'NONE', #373, #1220, #790 ) ;
#1168 = EDGE_CURVE ( 'NONE', #292, #1770, #1156, .T. ) ;
#1169 = EDGE_CURVE ( 'NONE', #351, #1643, #611, .T. ) ;
#1170 = CARTESIAN_POINT ( 'NONE',  ( -1.516186324464861574E-15, 13.11032863849765029, 0.000000000000000000 ) ) ;
#1171 = LINE ( 'NONE', #740, #1274 ) ;
#1172 = EDGE_LOOP ( 'NONE', ( #89, #1580, #1762, #29 ) ) ;
#1173 = DIRECTION ( 'NONE',  ( 0.000000000000000000, -1.000000000000000000, -2.551063935260009012E-16 ) ) ;
#1174 = DIRECTION ( 'NONE',  ( -0.000000000000000000, -0.000000000000000000, -1.000000000000000000 ) ) ;
#1175 = ADVANCED_FACE ( 'NONE', ( #200 ), #1536, .F. ) ;
#1176 = ADVANCED_FACE ( 'NONE', ( #1696 ), #1429, .F. ) ;
#1177 = LINE ( 'NONE', #1186, #1489 ) ;
#1178 = LINE ( 'NONE', #1320, #443 ) ;
#1179 = ORIENTED_EDGE ( 'NONE', *, *, #1307, .F. ) ;
#1180 = DIRECTION ( 'NONE',  ( -1.000000000000000000, 0.000000000000000000, 0.000000000000000000 ) ) ;
#1181 = DIRECTION ( 'NONE',  ( 0.000000000000000000, 0.000000000000000000, -1.000000000000000000 ) ) ;
#1182 = EDGE_LOOP ( 'NONE', ( #171, #981, #1373, #1715 ) ) ;
#1183 = DIRECTION ( 'NONE',  ( 0.000000000000000000, 1.000000000000000000, -0.000000000000000000 ) ) ;
#1184 = AXIS2_PLACEMENT_3D ( 'NONE', #1202, #676, #963 ) ;
#1185 = AXIS2_PLACEMENT_3D ( 'NONE', #958, #108, #1764 ) ;
#1186 = CARTESIAN_POINT ( 'NONE',  ( 5.980046948356799064, 0.000000000000000000, 4.400000000000000355 ) ) ;
#1187 = AXIS2_PLACEMENT_3D ( 'NONE', #1010, #319, #1691 ) ;
#1188 = VECTOR ( 'NONE', #382, 1000.000000000000000 ) ;
#1189 = VECTOR ( 'NONE', #77, 1000.000000000000000 ) ;
#1190 = EDGE_CURVE ( 'NONE', #352, #1008, #1137, .T. ) ;
#1191 = ORIENTED_EDGE ( 'NONE', *, *, #670, .T. ) ;
#1192 = CARTESIAN_POINT ( 'NONE',  ( -24.26995305164319205, 20.86032863849765207, 0.000000000000000000 ) ) ;
#1193 = ADVANCED_FACE ( 'NONE', ( #317 ), #868, .F. ) ;
#1194 = CARTESIAN_POINT ( 'NONE',  ( 0.000000000000000000, 23.11032863849764496, 1.000000000000000444 ) ) ;
#1195 = ORIENTED_EDGE ( 'NONE', *, *, #233, .F. ) ;
#1196 = CARTESIAN_POINT ( 'NONE',  ( -25.76995305164319916, 22.36032863849765562, 0.000000000000000000 ) ) ;
#1197 = VERTEX_POINT ( 'NONE', #1279 ) ;
#1198 = CARTESIAN_POINT ( 'NONE',  ( 7.230046948356806169, 14.36032863849764674, 4.399999999999999467 ) ) ;
#1199 = EDGE_CURVE ( 'NONE', #1440, #1366, #75, .T. ) ;
#1200 = VERTEX_POINT ( 'NONE', #966 ) ;
#1201 = FACE_BOUND ( 'NONE', #862, .T. ) ;
#1202 = CARTESIAN_POINT ( 'NONE',  ( -21.26995305164319916, 23.36032863849765207, 0.000000000000000000 ) ) ;
#1203 = ORIENTED_EDGE ( 'NONE', *, *, #849, .F. ) ;
#1204 = DIRECTION ( 'NONE',  ( -0.000000000000000000, -0.000000000000000000, -1.000000000000000000 ) ) ;
#1205 = VECTOR ( 'NONE', #1483, 1000.000000000000000 ) ;
#1206 = AXIS2_PLACEMENT_3D ( 'NONE', #1692, #1392, #1249 ) ;
#1207 = AXIS2_PLACEMENT_3D ( 'NONE', #173, #719, #182 ) ;
#1208 = ORIENTED_EDGE ( 'NONE', *, *, #1453, .T. ) ;
#1209 = CIRCLE ( 'NONE', #335, 1.100000000000000311 ) ;
#1210 = CARTESIAN_POINT ( 'NONE',  ( 7.230046948356806169, 22.36032863849763785, 4.400000000000000355 ) ) ;
#1211 = CARTESIAN_POINT ( 'NONE',  ( 7.230046948356807057, -8.639671361502347935, 0.000000000000000000 ) ) ;
#1212 = VERTEX_POINT ( 'NONE', #147 ) ;
#1213 = DIRECTION ( 'NONE',  ( -1.000000000000000000, 0.000000000000000000, 0.000000000000000000 ) ) ;
#1214 = VERTEX_POINT ( 'NONE', #428 ) ;
#1215 = FACE_OUTER_BOUND ( 'NONE', #225, .T. ) ;
#1216 = DIRECTION ( 'NONE',  ( 0.000000000000000000, 0.000000000000000000, 1.000000000000000000 ) ) ;
#1217 = LINE ( 'NONE', #1228, #880 ) ;
#1218 = VERTEX_POINT ( 'NONE', #1644 ) ;
#1219 = ORIENTED_EDGE ( 'NONE', *, *, #645, .F. ) ;
#1220 = DIRECTION ( 'NONE',  ( 1.000000000000000000, 0.000000000000000000, 0.000000000000000000 ) ) ;
#1221 = ADVANCED_BREP_SHAPE_REPRESENTATION ( 'hertmann1', ( #606, #547 ), #1492 ) ;
#1222 = CARTESIAN_POINT ( 'NONE',  ( 3.730046948356810610, -7.139671361502345270, 4.400000000000000355 ) ) ;
#1223 = ORIENTED_EDGE ( 'NONE', *, *, #218, .F. ) ;
#1224 = ADVANCED_FACE ( 'NONE', ( #31, #294 ), #1231, .T. ) ;
#1225 = EDGE_CURVE ( 'NONE', #1399, #999, #1772, .T. ) ;
#1226 = DIRECTION ( 'NONE',  ( -0.000000000000000000, -0.000000000000000000, -1.000000000000000000 ) ) ;
#1227 = DATE_AND_TIME ( #400, #221 ) ;
#1228 = CARTESIAN_POINT ( 'NONE',  ( 0.9800469483568080564, 0.000000000000000000, 4.400000000000000355 ) ) ;
#1229 = ORIENTED_EDGE ( 'NONE', *, *, #371, .F. ) ;
#1230 = VERTEX_POINT ( 'NONE', #163 ) ;
#1231 = PLANE ( 'NONE',  #688 ) ;
#1232 = EDGE_CURVE ( 'NONE', #396, #1694, #1102, .T. ) ;
#1233 = DIRECTION ( 'NONE',  ( -0.000000000000000000, -0.000000000000000000, -1.000000000000000000 ) ) ;
#1234 = AXIS2_PLACEMENT_3D ( 'NONE', #656, #528, #1494 ) ;
#1235 = EDGE_CURVE ( 'NONE', #1212, #1114, #1391, .T. ) ;
#1236 = LINE ( 'NONE', #273, #330 ) ;
#1237 = CARTESIAN_POINT ( 'NONE',  ( 0.9800469483568019502, 18.11032863849765207, 1.000000000000000444 ) ) ;
#1238 = ORIENTED_EDGE ( 'NONE', *, *, #1424, .F. ) ;
#1239 = VECTOR ( 'NONE', #848, 1000.000000000000000 ) ;
#1240 = CIRCLE ( 'NONE', #1069, 1.100000000000000311 ) ;
#1241 = LINE ( 'NONE', #976, #3 ) ;
#1242 = VECTOR ( 'NONE', #1393, 1000.000000000000000 ) ;
#1243 = ORIENTED_EDGE ( 'NONE', *, *, #1169, .F. ) ;
#1244 = CALENDAR_DATE ( 2026, 2, 7 ) ;
#1245 = CARTESIAN_POINT ( 'NONE',  ( 7.230046948356806169, -0.6396713615023520427, 4.399999999999997691 ) ) ;
#1246 = VERTEX_POINT ( 'NONE', #1261 ) ;
#1247 = VERTEX_POINT ( 'NONE', #1512 ) ;
#1248 = DIRECTION ( 'NONE',  ( 1.000000000000000000, 0.000000000000000000, 0.000000000000000000 ) ) ;
#1249 = DIRECTION ( 'NONE',  ( -1.000000000000000000, 0.000000000000000000, 0.000000000000000000 ) ) ;
#1250 = DIRECTION ( 'NONE',  ( 1.000000000000000000, 0.000000000000000000, 0.000000000000000000 ) ) ;
#1251 = DIRECTION ( 'NONE',  ( -0.000000000000000000, -0.000000000000000000, -1.000000000000000000 ) ) ;
#1252 = CARTESIAN_POINT ( 'NONE',  ( 5.980046948356799064, 14.36032863849764674, 4.399999999999999467 ) ) ;
#1253 = ORIENTED_EDGE ( 'NONE', *, *, #444, .F. ) ;
#1254 = CARTESIAN_POINT ( 'NONE',  ( -20.26995305164319561, 24.36032863849765562, 3.399999999999999911 ) ) ;
#1255 = DIRECTION ( 'NONE',  ( -0.000000000000000000, -0.000000000000000000, -1.000000000000000000 ) ) ;
#1256 = ORIENTED_EDGE ( 'NONE', *, *, #890, .F. ) ;
#1257 = PERSON_AND_ORGANIZATION ( #1717, #1000 ) ;
#1258 = LINE ( 'NONE', #879, #1634 ) ;
#1259 = ORIENTED_EDGE ( 'NONE', *, *, #773, .F. ) ;
#1260 = ORIENTED_EDGE ( 'NONE', *, *, #1755, .F. ) ;
#1261 = CARTESIAN_POINT ( 'NONE',  ( -25.76995305164318140, -10.63967136150234793, 0.000000000000000000 ) ) ;
#1262 = DIRECTION ( 'NONE',  ( 0.000000000000000000, 1.000000000000000000, -0.000000000000000000 ) ) ;
#1263 = CARTESIAN_POINT ( 'NONE',  ( 0.000000000000000000, 18.11032863849765207, 1.000000000000000444 ) ) ;
#1264 = CARTESIAN_POINT ( 'NONE',  ( -22.26995305164319205, 20.86032863849765207, 2.500000000000000000 ) ) ;
#1265 = LINE ( 'NONE', #1106, #1487 ) ;
#1266 = ORIENTED_EDGE ( 'NONE', *, *, #1773, .F. ) ;
#1267 = LINE ( 'NONE', #37, #1534 ) ;
#1268 = DIRECTION ( 'NONE',  ( 0.000000000000000000, 0.000000000000000000, -1.000000000000000000 ) ) ;
#1269 = ORIENTED_EDGE ( 'NONE', *, *, #316, .F. ) ;
#1270 = LINE ( 'NONE', #451, #1724 ) ;
#1271 = ORIENTED_EDGE ( 'NONE', *, *, #491, .T. ) ;
#1272 = EDGE_CURVE ( 'NONE', #205, #351, #1379, .T. ) ;
#1273 = CARTESIAN_POINT ( 'NONE',  ( -25.76995305164319916, -8.639671361502347935, 4.400000000000000355 ) ) ;
#1274 = VECTOR ( 'NONE', #1714, 1000.000000000000000 ) ;
#1275 = DIRECTION ( 'NONE',  ( -0.000000000000000000, -0.000000000000000000, 1.000000000000000000 ) ) ;
#1276 = CARTESIAN_POINT ( 'NONE',  ( -21.51995305164319916, 18.11032863849765207, 1.000000000000000444 ) ) ;
#1277 = VERTEX_POINT ( 'NONE', #679 ) ;
#1278 = CARTESIAN_POINT ( 'NONE',  ( -27.76995305164319561, -8.639671361502335500, 4.400000000000000355 ) ) ;
#1279 = CARTESIAN_POINT ( 'NONE',  ( -27.76995305164319561, 22.36032863849763785, 4.400000000000000355 ) ) ;
#1280 = VERTEX_POINT ( 'NONE', #818 ) ;
#1281 = VECTOR ( 'NONE', #211, 1000.000000000000000 ) ;
#1282 = AXIS2_PLACEMENT_3D ( 'NONE', #425, #1768, #1614 ) ;
#1283 = CYLINDRICAL_SURFACE ( 'NONE', #948, 1.999999999999998224 ) ;
#1284 = ORIENTED_EDGE ( 'NONE', *, *, #1145, .F. ) ;
#1285 = APPROVAL_PERSON_ORGANIZATION ( #962, #1749, #1508 ) ;
#1286 = AXIS2_PLACEMENT_3D ( 'NONE', #1153, #1505, #274 ) ;
#1287 = CARTESIAN_POINT ( 'NONE',  ( 0.9800469483568080564, -9.389671361502351488, 4.400000000000000355 ) ) ;
#1288 = CARTESIAN_POINT ( 'NONE',  ( 0.000000000000000000, -9.389671361502355040, 1.000000000000000444 ) ) ;
#1289 = DIRECTION ( 'NONE',  ( -1.000000000000000000, 0.000000000000000000, 0.000000000000000000 ) ) ;
#1290 = DIRECTION ( 'NONE',  ( 0.000000000000000000, -1.000000000000000000, 0.000000000000000000 ) ) ;
#1291 = VERTEX_POINT ( 'NONE', #133 ) ;
#1292 = DIRECTION ( 'NONE',  ( -1.000000000000000000, 0.000000000000000000, 0.000000000000000000 ) ) ;
#1293 = ADVANCED_FACE ( 'NONE', ( #561 ), #546, .F. ) ;
#1294 = FACE_OUTER_BOUND ( 'NONE', #10, .T. ) ;
#1295 = FACE_OUTER_BOUND ( 'NONE', #1578, .T. ) ;
#1296 = ADVANCED_FACE ( 'NONE', ( #197 ), #549, .F. ) ;
#1297 = EDGE_LOOP ( 'NONE', ( #1243, #30, #703, #1506 ) ) ;
#1298 = DIRECTION ( 'NONE',  ( -0.000000000000000000, -0.000000000000000000, 1.000000000000000000 ) ) ;
#1299 = FACE_OUTER_BOUND ( 'NONE', #1756, .T. ) ;
#1300 = ADVANCED_FACE ( 'NONE', ( #311, #1526 ), #985, .T. ) ;
#1301 = EDGE_CURVE ( 'NONE', #257, #1099, #429, .T. ) ;
#1302 = CARTESIAN_POINT ( 'NONE',  ( 2.630046948356810077, 20.86032863849765207, 4.400000000000000355 ) ) ;
#1303 = ADVANCED_FACE ( 'NONE', ( #1294 ), #721, .F. ) ;
#1304 = DIRECTION ( 'NONE',  ( -0.000000000000000000, -1.000000000000000000, -0.000000000000000000 ) ) ;
#1305 = VERTEX_POINT ( 'NONE', #1541 ) ;
#1306 = EDGE_LOOP ( 'NONE', ( #183, #372, #1617, #878 ) ) ;
#1307 = EDGE_CURVE ( 'NONE', #1710, #844, #1723, .T. ) ;
#1308 = EDGE_LOOP ( 'NONE', ( #828, #975, #1537, #1271 ) ) ;
#1309 = FACE_OUTER_BOUND ( 'NONE', #1297, .T. ) ;
#1310 = VECTOR ( 'NONE', #736, 1000.000000000000000 ) ;
#1311 = CC_DESIGN_APPROVAL ( #1749, ( #361 ) ) ;
#1312 = VECTOR ( 'NONE', #991, 1000.000000000000000 ) ;
#1313 = CARTESIAN_POINT ( 'NONE',  ( -20.26995305164319561, 23.36032863849764851, 3.399999999999999911 ) ) ;
#1314 = DIRECTION ( 'NONE',  ( -0.000000000000000000, -0.000000000000000000, -1.000000000000000000 ) ) ;
#1315 = ORIENTED_EDGE ( 'NONE', *, *, #695, .F. ) ;
#1316 = ORIENTED_EDGE ( 'NONE', *, *, #340, .F. ) ;
#1317 = CARTESIAN_POINT ( 'NONE',  ( 5.980046948356799064, -0.6396713615023511545, 1.000000000000000444 ) ) ;
#1318 = DIRECTION ( 'NONE',  ( -1.000000000000000000, 0.000000000000000000, 0.000000000000000000 ) ) ;
#1319 = EDGE_CURVE ( 'NONE', #594, #262, #1686, .T. ) ;
#1320 = CARTESIAN_POINT ( 'NONE',  ( -4.269953051643190278, 24.36032863849765562, 3.399999999999999911 ) ) ;
#1321 = ORIENTED_EDGE ( 'NONE', *, *, #543, .F. ) ;
#1322 = CARTESIAN_POINT ( 'NONE',  ( -26.26995305164319561, -7.139671361502345270, 2.500000000000000000 ) ) ;
#1323 = EDGE_CURVE ( 'NONE', #908, #667, #43, .T. ) ;
#1324 = CARTESIAN_POINT ( 'NONE',  ( 2.630046948356810077, 20.86032863849765207, 2.500000000000000000 ) ) ;
#1325 = ORIENTED_EDGE ( 'NONE', *, *, #1342, .T. ) ;
#1326 = EDGE_CURVE ( 'NONE', #279, #287, #1608, .T. ) ;
#1327 = CARTESIAN_POINT ( 'NONE',  ( -25.76995305164319916, -8.639671361502347935, 4.400000000000000355 ) ) ;
#1328 = AXIS2_PLACEMENT_3D ( 'NONE', #484, #1583, #764 ) ;
#1329 = VECTOR ( 'NONE', #1105, 1000.000000000000000 ) ;
#1330 = DIRECTION ( 'NONE',  ( -1.000000000000000000, 0.000000000000000000, 0.000000000000000000 ) ) ;
#1331 = VECTOR ( 'NONE', #1248, 1000.000000000000000 ) ;
#1332 = AXIS2_PLACEMENT_3D ( 'NONE', #463, #888, #1428 ) ;
#1333 = VECTOR ( 'NONE', #550, 1000.000000000000000 ) ;
#1334 = VECTOR ( 'NONE', #558, 1000.000000000000000 ) ;
#1335 = VERTEX_POINT ( 'NONE', #1287 ) ;
#1336 = FACE_BOUND ( 'NONE', #250, .T. ) ;
#1337 = EDGE_LOOP ( 'NONE', ( #293, #797, #1260, #344 ) ) ;
#1338 = EDGE_CURVE ( 'NONE', #324, #237, #732, .T. ) ;
#1339 = DIRECTION ( 'NONE',  ( 0.000000000000000000, -0.000000000000000000, 1.000000000000000000 ) ) ;
#1340 = ORIENTED_EDGE ( 'NONE', *, *, #187, .F. ) ;
#1341 = DIRECTION ( 'NONE',  ( -1.000000000000000000, 0.000000000000000000, 0.000000000000000000 ) ) ;
#1342 = EDGE_CURVE ( 'NONE', #168, #747, #1513, .T. ) ;
#1343 = EDGE_CURVE ( 'NONE', #1399, #660, #1144, .T. ) ;
#1344 = ORIENTED_EDGE ( 'NONE', *, *, #1199, .F. ) ;
#1345 = CARTESIAN_POINT ( 'NONE',  ( -20.26995305164319561, 0.000000000000000000, 0.000000000000000000 ) ) ;
#1346 = ORIENTED_EDGE ( 'NONE', *, *, #14, .F. ) ;
#1347 = DIRECTION ( 'NONE',  ( -1.000000000000000000, 0.000000000000000000, 0.000000000000000000 ) ) ;
#1348 = DIRECTION ( 'NONE',  ( 1.000000000000000000, 0.000000000000000000, 0.000000000000000000 ) ) ;
#1349 = EDGE_LOOP ( 'NONE', ( #1042, #930, #402, #1671 ) ) ;
#1350 = FACE_OUTER_BOUND ( 'NONE', #787, .T. ) ;
#1351 = PRODUCT_DEFINITION_SHAPE ( 'NONE', 'NONE',  #644 ) ;
#1352 = AXIS2_PLACEMENT_3D ( 'NONE', #151, #1404, #453 ) ;
#1353 = AXIS2_PLACEMENT_3D ( 'NONE', #997, #1697, #328 ) ;
#1354 = ORIENTED_EDGE ( 'NONE', *, *, #498, .T. ) ;
#1355 = AXIS2_PLACEMENT_3D ( 'NONE', #1194, #639, #405 ) ;
#1356 = DIRECTION ( 'NONE',  ( -1.000000000000000000, 0.000000000000000000, -0.000000000000000000 ) ) ;
#1357 = DIRECTION ( 'NONE',  ( 0.000000000000000000, 0.000000000000000000, 1.000000000000000000 ) ) ;
#1358 = ORIENTED_EDGE ( 'NONE', *, *, #886, .T. ) ;
#1359 = EDGE_LOOP ( 'NONE', ( #748, #677, #174, #1325 ) ) ;
#1360 = LINE ( 'NONE', #669, #1747 ) ;
#1361 = VERTEX_POINT ( 'NONE', #1674 ) ;
#1362 = DIRECTION ( 'NONE',  ( -0.000000000000000000, -0.000000000000000000, -1.000000000000000000 ) ) ;
#1363 = ORIENTED_EDGE ( 'NONE', *, *, #1568, .F. ) ;
#1364 = CARTESIAN_POINT ( 'NONE',  ( -27.76995305164319561, 22.36032863849763785, 0.000000000000000000 ) ) ;
#1365 = DIRECTION ( 'NONE',  ( 0.000000000000000000, 0.000000000000000000, 1.000000000000000000 ) ) ;
#1366 = VERTEX_POINT ( 'NONE', #831 ) ;
#1367 = VERTEX_POINT ( 'NONE', #697 ) ;
#1368 = CARTESIAN_POINT ( 'NONE',  ( 0.000000000000000000, 23.11032863849764496, 1.000000000000000444 ) ) ;
#1369 = CARTESIAN_POINT ( 'NONE',  ( -26.26995305164319561, 20.86032863849765207, 2.500000000000000000 ) ) ;
#1370 = DIRECTION ( 'NONE',  ( -1.000000000000000000, 0.000000000000000000, 0.000000000000000000 ) ) ;
#1371 = CARTESIAN_POINT ( 'NONE',  ( -20.26995305164319561, 23.11032863849764496, 1.000000000000000444 ) ) ;
#1372 = EDGE_CURVE ( 'NONE', #1280, #783, #1444, .T. ) ;
#1373 = ORIENTED_EDGE ( 'NONE', *, *, #1735, .T. ) ;
#1374 = CYLINDRICAL_SURFACE ( 'NONE', #778, 1.000000000000000888 ) ;
#1375 = DATE_AND_TIME ( #557, #1590 ) ;
#1376 = CARTESIAN_POINT ( 'NONE',  ( 0.9800469483568080564, -4.389671361502358593, 4.400000000000000355 ) ) ;
#1377 = ORIENTED_EDGE ( 'NONE', *, *, #1599, .F. ) ;
#1378 = EDGE_LOOP ( 'NONE', ( #1377, #1284, #485, #158 ) ) ;
#1379 = LINE ( 'NONE', #694, #1331 ) ;
#1380 = CARTESIAN_POINT ( 'NONE',  ( 3.830046948356805814, -0.6396713615023520427, 4.399999999999997691 ) ) ;
#1381 = CIRCLE ( 'NONE', #1090, 2.000000000000000000 ) ;
#1382 = CARTESIAN_POINT ( 'NONE',  ( 0.000000000000000000, -4.389671361502350599, 1.000000000000000444 ) ) ;
#1383 = LINE ( 'NONE', #1551, #1413 ) ;
#1384 = VERTEX_POINT ( 'NONE', #329 ) ;
#1385 = AXIS2_PLACEMENT_3D ( 'NONE', #8, #1681, #856 ) ;
#1386 = DIRECTION ( 'NONE',  ( -0.000000000000000000, -0.000000000000000000, -1.000000000000000000 ) ) ;
#1387 = VERTEX_POINT ( 'NONE', #1020 ) ;
#1388 = CARTESIAN_POINT ( 'NONE',  ( 7.230046948356807057, -8.639671361502347935, 4.400000000000000355 ) ) ;
#1389 = ORIENTED_EDGE ( 'NONE', *, *, #466, .F. ) ;
#1390 = ORIENTED_EDGE ( 'NONE', *, *, #1190, .T. ) ;
#1391 = LINE ( 'NONE', #983, #924 ) ;
#1392 = DIRECTION ( 'NONE',  ( 0.000000000000000000, 0.000000000000000000, -1.000000000000000000 ) ) ;
#1393 = DIRECTION ( 'NONE',  ( -1.000000000000000000, 0.000000000000000000, 0.000000000000000000 ) ) ;
#1394 = CARTESIAN_POINT ( 'NONE',  ( 5.230046948356791070, 24.36032863849765562, 0.000000000000000000 ) ) ;
#1395 = DIRECTION ( 'NONE',  ( 6.938893903907237252E-16, -1.000000000000000000, 0.000000000000000000 ) ) ;
#1396 = EDGE_LOOP ( 'NONE', ( #278, #668 ) ) ;
#1397 = CARTESIAN_POINT ( 'NONE',  ( 3.730046948356810610, -7.139671361502345270, 2.500000000000000000 ) ) ;
#1398 = CARTESIAN_POINT ( 'NONE',  ( -25.76995305164318140, 24.36032863849765562, 4.400000000000000355 ) ) ;
#1399 = VERTEX_POINT ( 'NONE', #322 ) ;
#1400 = APPROVAL_ROLE ( '' ) ;
#1401 = CYLINDRICAL_SURFACE ( 'NONE', #1353, 2.000000000000000000 ) ;
#1402 = ORIENTED_EDGE ( 'NONE', *, *, #1455, .T. ) ;
#1403 = ORIENTED_EDGE ( 'NONE', *, *, #209, .F. ) ;
#1404 = DIRECTION ( 'NONE',  ( -0.000000000000000000, -0.000000000000000000, -1.000000000000000000 ) ) ;
#1405 = CARTESIAN_POINT ( 'NONE',  ( 0.000000000000000000, 18.11032863849765207, 1.000000000000000444 ) ) ;
#1406 = CARTESIAN_POINT ( 'NONE',  ( 7.230046948356806169, 14.36032863849764674, 1.000000000000000000 ) ) ;
#1407 = DIRECTION ( 'NONE',  ( -0.000000000000000000, -1.000000000000000000, -0.000000000000000000 ) ) ;
#1408 = CARTESIAN_POINT ( 'NONE',  ( 3.730046948356810610, -7.139671361502345270, 2.500000000000000000 ) ) ;
#1409 = VERTEX_POINT ( 'NONE', #17 ) ;
#1410 = CARTESIAN_POINT ( 'NONE',  ( -24.26995305164319205, -7.139671361502345270, 2.500000000000000000 ) ) ;
#1411 = ORIENTED_EDGE ( 'NONE', *, *, #1556, .F. ) ;
#1412 = CARTESIAN_POINT ( 'NONE',  ( -20.26995305164319561, 13.11032863849764851, 0.000000000000000000 ) ) ;
#1413 = VECTOR ( 'NONE', #700, 1000.000000000000000 ) ;
#1414 = CARTESIAN_POINT ( 'NONE',  ( -26.51995305164320271, 18.11032863849765207, 1.000000000000000444 ) ) ;
#1415 = VERTEX_POINT ( 'NONE', #873 ) ;
#1416 = CARTESIAN_POINT ( 'NONE',  ( 4.830046948356811143, 20.86032863849765207, 4.400000000000000355 ) ) ;
#1417 = ORIENTED_EDGE ( 'NONE', *, *, #1556, .T. ) ;
#1418 = AXIS2_PLACEMENT_3D ( 'NONE', #363, #910, #367 ) ;
#1419 = LINE ( 'NONE', #1126, #1091 ) ;
#1420 = VECTOR ( 'NONE', #1481, 1000.000000000000000 ) ;
#1421 = VECTOR ( 'NONE', #1183, 1000.000000000000000 ) ;
#1422 = EDGE_CURVE ( 'NONE', #729, #917, #562, .T. ) ;
#1423 = DIRECTION ( 'NONE',  ( 0.000000000000000000, 0.000000000000000000, 1.000000000000000000 ) ) ;
#1424 = EDGE_CURVE ( 'NONE', #783, #1280, #514, .T. ) ;
#1425 = APPROVAL ( #539, 'æœª' ) ;
#1426 = EDGE_CURVE ( 'NONE', #1218, #908, #460, .T. ) ;
#1427 = DIRECTION ( 'NONE',  ( -0.000000000000000000, -0.000000000000000000, -1.000000000000000000 ) ) ;
#1428 = DIRECTION ( 'NONE',  ( -1.000000000000000000, 0.000000000000000000, 0.000000000000000000 ) ) ;
#1429 = PLANE ( 'NONE',  #633 ) ;
#1430 = ADVANCED_FACE ( 'NONE', ( #884 ), #202, .F. ) ;
#1431 = FACE_OUTER_BOUND ( 'NONE', #1744, .T. ) ;
#1432 = EDGE_CURVE ( 'NONE', #232, #1652, #1745, .T. ) ;
#1433 = CARTESIAN_POINT ( 'NONE',  ( 0.9800469483568035045, 8.500552244369882944E-17, 1.000000000000000444 ) ) ;
#1434 = VERTEX_POINT ( 'NONE', #1595 ) ;
#1435 = ORIENTED_EDGE ( 'NONE', *, *, #785, .T. ) ;
#1436 = DIRECTION ( 'NONE',  ( 0.000000000000000000, 1.000000000000000000, 2.891205793294678819E-16 ) ) ;
#1437 = CARTESIAN_POINT ( 'NONE',  ( 0.000000000000000000, -9.389671361502355040, 4.400000000000000355 ) ) ;
#1438 = DIRECTION ( 'NONE',  ( -0.000000000000000000, -0.000000000000000000, -1.000000000000000000 ) ) ;
#1439 = LINE ( 'NONE', #356, #1493 ) ;
#1440 = VERTEX_POINT ( 'NONE', #1454 ) ;
#1441 = ORIENTED_EDGE ( 'NONE', *, *, #1112, .F. ) ;
#1442 = ORIENTED_EDGE ( 'NONE', *, *, #627, .F. ) ;
#1443 = CARTESIAN_POINT ( 'NONE',  ( -24.26995305164319205, -7.139671361502345270, 4.400000000000000355 ) ) ;
#1444 = CIRCLE ( 'NONE', #1206, 2.000000000000001776 ) ;
#1445 = CIRCLE ( 'NONE', #1611, 1.100000000000000311 ) ;
#1446 = CC_DESIGN_PERSON_AND_ORGANIZATION_ASSIGNMENT ( #1619, #424, ( #1635 ) ) ;
#1447 = AXIS2_PLACEMENT_3D ( 'NONE', #508, #502, #1213 ) ;
#1448 = VECTOR ( 'NONE', #1314, 1000.000000000000000 ) ;
#1449 = CYLINDRICAL_SURFACE ( 'NONE', #1706, 1.100000000000000311 ) ;
#1450 = CARTESIAN_POINT ( 'NONE',  ( 1.522973192524243068E-15, -4.389671361502358593, 1.000000000000000444 ) ) ;
#1451 = VERTEX_POINT ( 'NONE', #1324 ) ;
#1452 = DIRECTION ( 'NONE',  ( -0.000000000000000000, -0.000000000000000000, -1.000000000000000000 ) ) ;
#1453 = EDGE_CURVE ( 'NONE', #168, #381, #88, .T. ) ;
#1454 = CARTESIAN_POINT ( 'NONE',  ( -4.269953051643190278, 24.36032863849765562, 0.000000000000000000 ) ) ;
#1455 = EDGE_CURVE ( 'NONE', #1409, #1482, #85, .T. ) ;
#1456 = ORIENTED_EDGE ( 'NONE', *, *, #1107, .T. ) ;
#1457 = CARTESIAN_POINT ( 'NONE',  ( -20.26995305164319561, 0.000000000000000000, 1.000000000000000444 ) ) ;
#1458 = CARTESIAN_POINT ( 'NONE',  ( 3.730046948356810610, 20.86032863849765207, 0.000000000000000000 ) ) ;
#1459 = ORIENTED_EDGE ( 'NONE', *, *, #638, .T. ) ;
#1460 = PLANE ( 'NONE',  #774 ) ;
#1461 = ADVANCED_FACE ( 'NONE', ( #1431 ), #1592, .F. ) ;
#1462 = AXIS2_PLACEMENT_3D ( 'NONE', #641, #1604, #1356 ) ;
#1463 = ORIENTED_EDGE ( 'NONE', *, *, #1647, .T. ) ;
#1464 = CIRCLE ( 'NONE', #188, 2.000000000000001776 ) ;
#1465 = CARTESIAN_POINT ( 'NONE',  ( 0.9800469483568080564, -4.389671361502358593, 1.000000000000000444 ) ) ;
#1466 = CIRCLE ( 'NONE', #331, 2.000000000000000444 ) ;
#1467 = EDGE_CURVE ( 'NONE', #807, #76, #904, .T. ) ;
#1468 = AXIS2_PLACEMENT_3D ( 'NONE', #942, #784, #1600 ) ;
#1469 = ORIENTED_EDGE ( 'NONE', *, *, #316, .T. ) ;
#1470 = EDGE_CURVE ( 'NONE', #1679, #257, #1177, .T. ) ;
#1471 = ADVANCED_FACE ( 'NONE', ( #488 ), #477, .T. ) ;
#1472 = CARTESIAN_POINT ( 'NONE',  ( 5.730046948356810610, 20.86032863849765207, 0.000000000000000000 ) ) ;
#1473 = EDGE_LOOP ( 'NONE', ( #343, #578, #336, #357 ) ) ;
#1474 = CARTESIAN_POINT ( 'NONE',  ( -1.516186324464861574E-15, 13.11032863849765029, 1.000000000000000444 ) ) ;
#1475 = EDGE_CURVE ( 'NONE', #692, #410, #544, .T. ) ;
#1476 = EDGE_CURVE ( 'NONE', #138, #720, #223, .T. ) ;
#1477 = EDGE_LOOP ( 'NONE', ( #806, #687, #1403, #1321 ) ) ;
#1478 = CARTESIAN_POINT ( 'NONE',  ( -4.269953051643197384, 23.36032863849765207, 3.399999999999999911 ) ) ;
#1479 = DIRECTION ( 'NONE',  ( -0.000000000000000000, -0.000000000000000000, -1.000000000000000000 ) ) ;
#1480 = ORIENTED_EDGE ( 'NONE', *, *, #466, .T. ) ;
#1481 = DIRECTION ( 'NONE',  ( -0.000000000000000000, -0.000000000000000000, -1.000000000000000000 ) ) ;
#1482 = VERTEX_POINT ( 'NONE', #231 ) ;
#1483 = DIRECTION ( 'NONE',  ( -0.000000000000000000, -0.000000000000000000, -1.000000000000000000 ) ) ;
#1484 = CARTESIAN_POINT ( 'NONE',  ( -27.76995305164319561, 22.36032863849763785, 4.400000000000000355 ) ) ;
#1485 = ORIENTED_EDGE ( 'NONE', *, *, #1698, .F. ) ;
#1486 = ORIENTED_EDGE ( 'NONE', *, *, #837, .T. ) ;
#1487 = VECTOR ( 'NONE', #1649, 1000.000000000000000 ) ;
#1488 = CARTESIAN_POINT ( 'NONE',  ( 0.000000000000000000, 23.11032863849764496, 1.000000000000000444 ) ) ;
#1489 = VECTOR ( 'NONE', #227, 1000.000000000000000 ) ;
#1490 = AXIS2_PLACEMENT_3D ( 'NONE', #686, #961, #1507 ) ;
#1491 = EDGE_LOOP ( 'NONE', ( #920, #1044 ) ) ;
#1492 =( GEOMETRIC_REPRESENTATION_CONTEXT ( 3 ) GLOBAL_UNCERTAINTY_ASSIGNED_CONTEXT ( ( #1038 ) ) GLOBAL_UNIT_ASSIGNED_CONTEXT ( ( #1514, #1767, #1669 ) ) REPRESENTATION_CONTEXT ( 'NONE', 'WORKASPACE' ) );
#1493 = VECTOR ( 'NONE', #1047, 1000.000000000000000 ) ;
#1494 = DIRECTION ( 'NONE',  ( -1.000000000000000000, 0.000000000000000000, -0.000000000000000000 ) ) ;
#1495 = ORIENTED_EDGE ( 'NONE', *, *, #56, .T. ) ;
#1496 = LINE ( 'NONE', #276, #1140 ) ;
#1497 = SECURITY_CLASSIFICATION_LEVEL ( 'unclassified' ) ;
#1498 = CARTESIAN_POINT ( 'NONE',  ( 0.000000000000000000, 23.11032863849764496, 3.399999999999999911 ) ) ;
#1499 = EDGE_LOOP ( 'NONE', ( #325, #433 ) ) ;
#1500 = ORIENTED_EDGE ( 'NONE', *, *, #204, .T. ) ;
#1501 = ADVANCED_FACE ( 'NONE', ( #605 ), #348, .T. ) ;
#1502 = LINE ( 'NONE', #1488, #1707 ) ;
#1503 = EDGE_CURVE ( 'NONE', #1571, #1054, #93, .T. ) ;
#1504 = DIRECTION ( 'NONE',  ( 1.000000000000000000, -0.000000000000000000, -0.000000000000000000 ) ) ;
#1505 = DIRECTION ( 'NONE',  ( 0.000000000000000000, 0.000000000000000000, 1.000000000000000000 ) ) ;
#1506 = ORIENTED_EDGE ( 'NONE', *, *, #210, .T. ) ;
#1507 = DIRECTION ( 'NONE',  ( 0.000000000000000000, 0.000000000000000000, -1.000000000000000000 ) ) ;
#1508 = APPROVAL_ROLE ( '' ) ;
#1509 = DIRECTION ( 'NONE',  ( -1.000000000000000000, 0.000000000000000000, 0.000000000000000000 ) ) ;
#1510 = ORIENTED_EDGE ( 'NONE', *, *, #1467, .F. ) ;
#1511 = ORIENTED_EDGE ( 'NONE', *, *, #770, .T. ) ;
#1512 = CARTESIAN_POINT ( 'NONE',  ( -21.51995305164319561, -9.389671361502355040, 4.400000000000000355 ) ) ;
#1513 = LINE ( 'NONE', #1412, #1066 ) ;
#1514 =( LENGTH_UNIT ( ) NAMED_UNIT ( * ) SI_UNIT ( .MILLI., .METRE. ) );
#1515 = FACE_OUTER_BOUND ( 'NONE', #1337, .T. ) ;
#1516 = CARTESIAN_POINT ( 'NONE',  ( 7.230046948356806169, 22.36032863849763785, 4.400000000000000355 ) ) ;
#1517 = ORIENTED_EDGE ( 'NONE', *, *, #334, .F. ) ;
#1518 = DIRECTION ( 'NONE',  ( 0.000000000000000000, 0.000000000000000000, -1.000000000000000000 ) ) ;
#1519 = ADVANCED_FACE ( 'NONE', ( #914 ), #1449, .F. ) ;
#1520 = ORIENTED_EDGE ( 'NONE', *, *, #1158, .T. ) ;
#1521 = PERSON_AND_ORGANIZATION_ROLE ( 'classification_officer' ) ;
#1522 = DIRECTION ( 'NONE',  ( 0.000000000000000000, 1.000000000000000000, -0.000000000000000000 ) ) ;
#1523 = ORIENTED_EDGE ( 'NONE', *, *, #609, .F. ) ;
#1524 = ORIENTED_EDGE ( 'NONE', *, *, #1232, .F. ) ;
#1525 = DIRECTION ( 'NONE',  ( -1.000000000000000000, 0.000000000000000000, -0.000000000000000000 ) ) ;
#1526 = FACE_BOUND ( 'NONE', #403, .T. ) ;
#1527 = DIRECTION ( 'NONE',  ( -1.000000000000000000, 0.000000000000000000, 0.000000000000000000 ) ) ;
#1528 = CIRCLE ( 'NONE', #72, 1.999999999999998224 ) ;
#1529 = AXIS2_PLACEMENT_3D ( 'NONE', #442, #164, #596 ) ;
#1530 = LINE ( 'NONE', #712, #1588 ) ;
#1531 = DIRECTION ( 'NONE',  ( 0.000000000000000000, -1.000000000000000000, 0.000000000000000000 ) ) ;
#1532 = ORIENTED_EDGE ( 'NONE', *, *, #1735, .F. ) ;
#1533 = VECTOR ( 'NONE', #1233, 1000.000000000000000 ) ;
#1534 = VECTOR ( 'NONE', #579, 1000.000000000000000 ) ;
#1535 = DIRECTION ( 'NONE',  ( -1.000000000000000000, 0.000000000000000000, 0.000000000000000000 ) ) ;
#1536 = PLANE ( 'NONE',  #258 ) ;
#1537 = ORIENTED_EDGE ( 'NONE', *, *, #1605, .F. ) ;
#1538 = DIRECTION ( 'NONE',  ( 1.000000000000000000, -0.000000000000000000, -0.000000000000000000 ) ) ;
#1539 = ORIENTED_EDGE ( 'NONE', *, *, #65, .F. ) ;
#1540 = ORIENTED_EDGE ( 'NONE', *, *, #649, .F. ) ;
#1541 = CARTESIAN_POINT ( 'NONE',  ( -21.26995305164320627, 24.36032863849765562, 0.000000000000000000 ) ) ;
#1542 = DIRECTION ( 'NONE',  ( 0.000000000000000000, -0.000000000000000000, -1.000000000000000000 ) ) ;
#1543 = FACE_BOUND ( 'NONE', #415, .T. ) ;
#1544 = ORIENTED_EDGE ( 'NONE', *, *, #762, .T. ) ;
#1545 = DIRECTION ( 'NONE',  ( -1.000000000000000000, 0.000000000000000000, 0.000000000000000000 ) ) ;
#1546 = DIRECTION ( 'NONE',  ( -0.000000000000000000, -0.000000000000000000, -1.000000000000000000 ) ) ;
#1547 = ORIENTED_EDGE ( 'NONE', *, *, #609, .T. ) ;
#1548 = CARTESIAN_POINT ( 'NONE',  ( 5.980046948356799064, -0.6396713615023520427, 4.399999999999997691 ) ) ;
#1549 = ORIENTED_EDGE ( 'NONE', *, *, #957, .F. ) ;
#1550 = DIRECTION ( 'NONE',  ( 0.000000000000000000, 0.000000000000000000, -1.000000000000000000 ) ) ;
#1551 = CARTESIAN_POINT ( 'NONE',  ( -22.26995305164319205, -7.139671361502345270, 2.500000000000000000 ) ) ;
#1552 = ORIENTED_EDGE ( 'NONE', *, *, #972, .F. ) ;
#1553 = CARTESIAN_POINT ( 'NONE',  ( -25.36995305164319348, -7.139671361502345270, 2.500000000000000000 ) ) ;
#1554 = ORIENTED_EDGE ( 'NONE', *, *, #1647, .F. ) ;
#1555 = DIRECTION ( 'NONE',  ( 1.000000000000000000, 0.000000000000000000, 0.000000000000000000 ) ) ;
#1556 = EDGE_CURVE ( 'NONE', #844, #1246, #339, .T. ) ;
#1557 = DIRECTION ( 'NONE',  ( 0.000000000000000000, 1.000000000000000000, 0.000000000000000000 ) ) ;
#1558 = VECTOR ( 'NONE', #432, 1000.000000000000000 ) ;
#1559 = DIRECTION ( 'NONE',  ( -1.000000000000000000, 0.000000000000000000, 0.000000000000000000 ) ) ;
#1560 = ORIENTED_EDGE ( 'NONE', *, *, #1338, .F. ) ;
#1561 = VECTOR ( 'NONE', #370, 1000.000000000000000 ) ;
#1562 = EDGE_LOOP ( 'NONE', ( #1011, #364 ) ) ;
#1563 = CARTESIAN_POINT ( 'NONE',  ( 2.630046948356810077, -7.139671361502345270, 4.400000000000000355 ) ) ;
#1564 = AXIS2_PLACEMENT_3D ( 'NONE', #1718, #753, #499 ) ;
#1565 = CIRCLE ( 'NONE', #927, 1.100000000000000311 ) ;
#1566 = FACE_OUTER_BOUND ( 'NONE', #1172, .T. ) ;
#1567 = APPROVAL_PERSON_ORGANIZATION ( #26, #916, #704 ) ;
#1568 = EDGE_CURVE ( 'NONE', #999, #1291, #1046, .T. ) ;
#1569 = DIRECTION ( 'NONE',  ( -1.000000000000000000, 0.000000000000000000, 0.000000000000000000 ) ) ;
#1570 = CARTESIAN_POINT ( 'NONE',  ( -26.51995305164320271, -4.389671361502350599, 1.000000000000000444 ) ) ;
#1571 = VERTEX_POINT ( 'NONE', #1302 ) ;
#1572 = ORIENTED_EDGE ( 'NONE', *, *, #1342, .F. ) ;
#1573 = DIRECTION ( 'NONE',  ( -0.000000000000000000, -0.000000000000000000, 1.000000000000000000 ) ) ;
#1574 = DIRECTION ( 'NONE',  ( 0.000000000000000000, 0.000000000000000000, -1.000000000000000000 ) ) ;
#1575 = CARTESIAN_POINT ( 'NONE',  ( -24.26995305164319205, -7.139671361502345270, 0.000000000000000000 ) ) ;
#1576 = CARTESIAN_POINT ( 'NONE',  ( -24.26995305164319205, -7.139671361502345270, 2.500000000000000000 ) ) ;
#1577 = ORIENTED_EDGE ( 'NONE', *, *, #128, .F. ) ;
#1578 = EDGE_LOOP ( 'NONE', ( #1524, #1511, #977, #245, #1740, #937, #1577, #374, #646, #717, #369, #181, #12, #145, #1121, #1495, #1085, #1544, #1022, #426 ) ) ;
#1579 = EDGE_CURVE ( 'NONE', #1387, #1451, #696, .T. ) ;
#1580 = ORIENTED_EDGE ( 'NONE', *, *, #459, .F. ) ;
#1581 = DIRECTION ( 'NONE',  ( -0.000000000000000000, -0.000000000000000000, -1.000000000000000000 ) ) ;
#1582 = DIRECTION ( 'NONE',  ( -1.000000000000000000, 0.000000000000000000, 0.000000000000000000 ) ) ;
#1583 = DIRECTION ( 'NONE',  ( -0.000000000000000000, 0.000000000000000000, 1.000000000000000000 ) ) ;
#1584 = ADVANCED_FACE ( 'NONE', ( #354 ), #763, .F. ) ;
#1585 = ORIENTED_EDGE ( 'NONE', *, *, #969, .F. ) ;
#1586 = AXIS2_PLACEMENT_3D ( 'NONE', #652, #266, #120 ) ;
#1587 = CARTESIAN_POINT ( 'NONE',  ( -21.51995305164319561, 0.000000000000000000, 1.000000000000000444 ) ) ;
#1588 = VECTOR ( 'NONE', #445, 1000.000000000000000 ) ;
#1589 = AXIS2_PLACEMENT_3D ( 'NONE', #771, #1051, #1318 ) ;
#1590 = LOCAL_TIME ( 12, 42, 3.000000000000000000, #254 ) ;
#1591 = CIRCLE ( 'NONE', #398, 2.000000000000000000 ) ;
#1592 = CYLINDRICAL_SURFACE ( 'NONE', #113, 1.100000000000000311 ) ;
#1593 = ORIENTED_EDGE ( 'NONE', *, *, #201, .T. ) ;
#1594 = CARTESIAN_POINT ( 'NONE',  ( 3.730046948356810610, 20.86032863849765207, 2.500000000000000000 ) ) ;
#1595 = CARTESIAN_POINT ( 'NONE',  ( 1.730046948356809944, 20.86032863849765207, 2.500000000000000000 ) ) ;
#1596 = EDGE_CURVE ( 'NONE', #1218, #1734, #97, .T. ) ;
#1597 = ORIENTED_EDGE ( 'NONE', *, *, #270, .F. ) ;
#1598 = DIRECTION ( 'NONE',  ( -1.000000000000000000, -8.673617379884035472E-17, 0.000000000000000000 ) ) ;
#1599 = EDGE_CURVE ( 'NONE', #714, #36, #1360, .T. ) ;
#1600 = DIRECTION ( 'NONE',  ( -1.000000000000000000, 0.000000000000000000, 0.000000000000000000 ) ) ;
#1601 = EDGE_CURVE ( 'NONE', #965, #660, #1502, .T. ) ;
#1602 = ADVANCED_FACE ( 'NONE', ( #1350 ), #795, .F. ) ;
#1603 = VERTEX_POINT ( 'NONE', #533 ) ;
#1604 = DIRECTION ( 'NONE',  ( 0.000000000000000000, 0.000000000000000000, -1.000000000000000000 ) ) ;
#1605 = EDGE_CURVE ( 'NONE', #789, #581, #1031, .T. ) ;
#1606 = CIRCLE ( 'NONE', #1185, 2.000000000000000444 ) ;
#1607 = ORIENTED_EDGE ( 'NONE', *, *, #239, .F. ) ;
#1608 = CIRCLE ( 'NONE', #493, 2.000000000000001776 ) ;
#1609 = EDGE_CURVE ( 'NONE', #1409, #729, #238, .T. ) ;
#1610 = CARTESIAN_POINT ( 'NONE',  ( -5.269953051643197384, 20.36032863849765562, 3.399999999999999911 ) ) ;
#1611 = AXIS2_PLACEMENT_3D ( 'NONE', #481, #1298, #219 ) ;
#1612 = ORIENTED_EDGE ( 'NONE', *, *, #773, .T. ) ;
#1613 = LINE ( 'NONE', #246, #1742 ) ;
#1614 = DIRECTION ( 'NONE',  ( -1.000000000000000000, 0.000000000000000000, 0.000000000000000000 ) ) ;
#1615 = VERTEX_POINT ( 'NONE', #1465 ) ;
#1616 = LINE ( 'NONE', #1345, #191 ) ;
#1617 = ORIENTED_EDGE ( 'NONE', *, *, #519, .F. ) ;
#1618 = DIRECTION ( 'NONE',  ( 0.000000000000000000, 0.000000000000000000, 1.000000000000000000 ) ) ;
#1619 = PERSON_AND_ORGANIZATION ( #1717, #1000 ) ;
#1620 = CARTESIAN_POINT ( 'NONE',  ( -25.76995305164318140, 24.36032863849765562, 0.000000000000000000 ) ) ;
#1621 = ORIENTED_EDGE ( 'NONE', *, *, #469, .T. ) ;
#1622 = CARTESIAN_POINT ( 'NONE',  ( 0.9800469483568019502, 18.11032863849765207, 4.400000000000000355 ) ) ;
#1623 = ORIENTED_EDGE ( 'NONE', *, *, #1658, .F. ) ;
#1624 = CARTESIAN_POINT ( 'NONE',  ( 3.830046948356805814, -0.6396713615023511545, 0.9999999999999956701 ) ) ;
#1625 = EDGE_CURVE ( 'NONE', #917, #1482, #1068, .T. ) ;
#1626 = FACE_BOUND ( 'NONE', #1396, .T. ) ;
#1627 = VERTEX_POINT ( 'NONE', #1073 ) ;
#1628 = ORIENTED_EDGE ( 'NONE', *, *, #1601, .T. ) ;
#1629 = ADVANCED_FACE ( 'NONE', ( #101 ), #1079, .T. ) ;
#1630 = CIRCLE ( 'NONE', #90, 1.100000000000000311 ) ;
#1631 = DIRECTION ( 'NONE',  ( 0.000000000000000000, -1.000000000000000000, 0.000000000000000000 ) ) ;
#1632 = VECTOR ( 'NONE', #918, 1000.000000000000000 ) ;
#1633 = VECTOR ( 'NONE', #619, 1000.000000000000000 ) ;
#1634 = VECTOR ( 'NONE', #1538, 1000.000000000000000 ) ;
#1635 = PRODUCT_DEFINITION_FORMATION_WITH_SPECIFIED_SOURCE ( 'ä»', '', #819, .NOT_KNOWN. ) ;
#1636 = AXIS2_PLACEMENT_3D ( 'NONE', #876, #1041, #1559 ) ;
#1637 = CARTESIAN_POINT ( 'NONE',  ( 1.730046948356810388, -7.139671361502345270, 0.000000000000000000 ) ) ;
#1638 = ORIENTED_EDGE ( 'NONE', *, *, #670, .F. ) ;
#1639 = DIRECTION ( 'NONE',  ( -1.000000000000000000, 0.000000000000000000, 0.000000000000000000 ) ) ;
#1640 = CALENDAR_DATE ( 2026, 2, 7 ) ;
#1641 = LINE ( 'NONE', #1498, #1143 ) ;
#1642 = ORIENTED_EDGE ( 'NONE', *, *, #849, .T. ) ;
#1643 = VERTEX_POINT ( 'NONE', #1622 ) ;
#1644 = CARTESIAN_POINT ( 'NONE',  ( -26.51995305164320271, -4.389671361502350599, 4.400000000000000355 ) ) ;
#1645 = CARTESIAN_POINT ( 'NONE',  ( 5.980046948356799064, 14.36032863849764674, 1.000000000000000444 ) ) ;
#1646 = CARTESIAN_POINT ( 'NONE',  ( 0.000000000000000000, -4.389671361502350599, 1.000000000000000444 ) ) ;
#1647 = EDGE_CURVE ( 'NONE', #1291, #168, #1616, .T. ) ;
#1648 = CARTESIAN_POINT ( 'NONE',  ( -21.51995305164320271, 23.11032863849764496, 1.000000000000000444 ) ) ;
#1649 = DIRECTION ( 'NONE',  ( 6.938893903907237252E-16, -1.000000000000000000, 0.000000000000000000 ) ) ;
#1650 = ORIENTED_EDGE ( 'NONE', *, *, #1758, .F. ) ;
#1651 = FACE_OUTER_BOUND ( 'NONE', #1306, .T. ) ;
#1652 = VERTEX_POINT ( 'NONE', #922 ) ;
#1653 = MECHANICAL_CONTEXT ( 'NONE', #394, 'mechanical' ) ;
#1654 = CARTESIAN_POINT ( 'NONE',  ( 5.980046948356799064, 0.000000000000000000, 4.400000000000000355 ) ) ;
#1655 = ORIENTED_EDGE ( 'NONE', *, *, #384, .T. ) ;
#1656 = ORIENTED_EDGE ( 'NONE', *, *, #204, .F. ) ;
#1657 = DIRECTION ( 'NONE',  ( -0.000000000000000000, 0.000000000000000000, 1.000000000000000000 ) ) ;
#1658 = EDGE_CURVE ( 'NONE', #946, #1627, #106, .T. ) ;
#1659 = DIRECTION ( 'NONE',  ( 0.000000000000000000, 0.000000000000000000, -1.000000000000000000 ) ) ;
#1660 = EDGE_CURVE ( 'NONE', #1277, #1615, #1059, .T. ) ;
#1661 = CARTESIAN_POINT ( 'NONE',  ( -25.76995305164319916, -8.639671361502347935, 0.000000000000000000 ) ) ;
#1662 = ADVANCED_FACE ( 'NONE', ( #123 ), #647, .F. ) ;
#1663 = PLANE ( 'NONE',  #1087 ) ;
#1664 = LINE ( 'NONE', #597, #589 ) ;
#1665 = ORIENTED_EDGE ( 'NONE', *, *, #1422, .F. ) ;
#1666 = LINE ( 'NONE', #434, #1312 ) ;
#1667 = CARTESIAN_POINT ( 'NONE',  ( 3.730046948356810610, -7.139671361502345270, 0.000000000000000000 ) ) ;
#1668 = ORIENTED_EDGE ( 'NONE', *, *, #643, .T. ) ;
#1669 =( NAMED_UNIT ( * ) SI_UNIT ( $, .STERADIAN. ) SOLID_ANGLE_UNIT ( ) );
#1670 = CARTESIAN_POINT ( 'NONE',  ( -26.26995305164319561, 20.86032863849765207, 0.000000000000000000 ) ) ;
#1671 = ORIENTED_EDGE ( 'NONE', *, *, #602, .T. ) ;
#1672 = EDGE_LOOP ( 'NONE', ( #1017, #521, #1223, #1761 ) ) ;
#1673 = ADVANCED_FACE ( 'NONE', ( #1733 ), #936, .F. ) ;
#1674 = CARTESIAN_POINT ( 'NONE',  ( -5.269953051643197384, 23.11032863849764496, 3.399999999999999911 ) ) ;
#1675 = AXIS2_PLACEMENT_3D ( 'NONE', #397, #945, #263 ) ;
#1676 = VECTOR ( 'NONE', #1147, 1000.000000000000000 ) ;
#1677 = DIRECTION ( 'NONE',  ( -1.000000000000000000, 0.000000000000000000, -0.000000000000000000 ) ) ;
#1678 = DIRECTION ( 'NONE',  ( -1.000000000000000000, -6.938893903907237252E-16, 0.000000000000000000 ) ) ;
#1679 = VERTEX_POINT ( 'NONE', #249 ) ;
#1680 = VECTOR ( 'NONE', #350, 1000.000000000000000 ) ;
#1681 = DIRECTION ( 'NONE',  ( -0.000000000000000000, -0.000000000000000000, 1.000000000000000000 ) ) ;
#1682 = LINE ( 'NONE', #1437, #1310 ) ;
#1683 = VERTEX_POINT ( 'NONE', #1198 ) ;
#1684 = DIRECTION ( 'NONE',  ( -0.000000000000000000, -0.000000000000000000, -1.000000000000000000 ) ) ;
#1685 = ORIENTED_EDGE ( 'NONE', *, *, #1476, .T. ) ;
#1686 = LINE ( 'NONE', #1645, #1052 ) ;
#1687 = LINE ( 'NONE', #1414, #536 ) ;
#1688 = PLANE ( 'NONE',  #545 ) ;
#1689 = FACE_OUTER_BOUND ( 'NONE', #1359, .T. ) ;
#1690 = ORIENTED_EDGE ( 'NONE', *, *, #366, .T. ) ;
#1691 = DIRECTION ( 'NONE',  ( 0.000000000000000000, -0.000000000000000000, -1.000000000000000000 ) ) ;
#1692 = CARTESIAN_POINT ( 'NONE',  ( -24.26995305164319205, -7.139671361502345270, 2.500000000000000000 ) ) ;
#1693 = CYLINDRICAL_SURFACE ( 'NONE', #1027, 2.000000000000001776 ) ;
#1694 = VERTEX_POINT ( 'NONE', #1739 ) ;
#1695 = CYLINDRICAL_SURFACE ( 'NONE', #1332, 1.999999999999999556 ) ;
#1696 = FACE_OUTER_BOUND ( 'NONE', #1127, .T. ) ;
#1697 = DIRECTION ( 'NONE',  ( -0.000000000000000000, -0.000000000000000000, -1.000000000000000000 ) ) ;
#1698 = EDGE_CURVE ( 'NONE', #1361, #1367, #1064, .T. ) ;
#1699 = DIRECTION ( 'NONE',  ( -1.000000000000000000, 0.000000000000000000, 0.000000000000000000 ) ) ;
#1700 = LINE ( 'NONE', #471, #185 ) ;
#1701 = ORIENTED_EDGE ( 'NONE', *, *, #627, .T. ) ;
#1702 = AXIS2_PLACEMENT_3D ( 'NONE', #593, #1129, #574 ) ;
#1703 = EDGE_CURVE ( 'NONE', #747, #836, #931, .T. ) ;
#1704 = DIRECTION ( 'NONE',  ( 0.000000000000000000, 0.000000000000000000, -1.000000000000000000 ) ) ;
#1705 = CARTESIAN_POINT ( 'NONE',  ( -24.26995305164319205, -7.139671361502345270, 4.400000000000000355 ) ) ;
#1706 = AXIS2_PLACEMENT_3D ( 'NONE', #1032, #1438, #1569 ) ;
#1707 = VECTOR ( 'NONE', #809, 1000.000000000000000 ) ;
#1708 = CARTESIAN_POINT ( 'NONE',  ( -23.16995305164319419, 20.86032863849765207, 4.400000000000000355 ) ) ;
#1709 = LINE ( 'NONE', #608, #1448 ) ;
#1710 = VERTEX_POINT ( 'NONE', #1131 ) ;
#1711 = DIRECTION ( 'NONE',  ( 0.000000000000000000, 2.551063935260009012E-16, -1.000000000000000000 ) ) ;
#1712 = LINE ( 'NONE', #230, #1632 ) ;
#1713 = DIRECTION ( 'NONE',  ( -0.000000000000000000, -0.000000000000000000, -1.000000000000000000 ) ) ;
#1714 = DIRECTION ( 'NONE',  ( -0.000000000000000000, -0.000000000000000000, -1.000000000000000000 ) ) ;
#1715 = ORIENTED_EDGE ( 'NONE', *, *, #1568, .T. ) ;
#1716 = DIRECTION ( 'NONE',  ( 0.000000000000000000, 0.000000000000000000, 1.000000000000000000 ) ) ;
#1717 = PERSON ( 'æœª', 'æœª', 'æœª', ('æœª'), ('æœª'), ('æœª') ) ;
#1718 = CARTESIAN_POINT ( 'NONE',  ( 3.730046948356810610, 20.86032863849765207, 4.400000000000000355 ) ) ;
#1719 = ORIENTED_EDGE ( 'NONE', *, *, #915, .F. ) ;
#1720 = AXIS2_PLACEMENT_3D ( 'NONE', #409, #420, #959 ) ;
#1721 = DIRECTION ( 'NONE',  ( -1.000000000000000000, 0.000000000000000000, 0.000000000000000000 ) ) ;
#1722 = VECTOR ( 'NONE', #300, 1000.000000000000000 ) ;
#1723 = CIRCLE ( 'NONE', #842, 1.999999999999998224 ) ;
#1724 = VECTOR ( 'NONE', #728, 1000.000000000000000 ) ;
#1725 = VECTOR ( 'NONE', #1357, 1000.000000000000000 ) ;
#1726 = DIRECTION ( 'NONE',  ( 1.000000000000000000, 0.000000000000000000, 0.000000000000000000 ) ) ;
#1727 = ORIENTED_EDGE ( 'NONE', *, *, #1232, .T. ) ;
#1728 = LINE ( 'NONE', #1457, #44 ) ;
#1729 = EDGE_CURVE ( 'NONE', #1277, #765, #698, .T. ) ;
#1730 = EDGE_CURVE ( 'NONE', #138, #560, #986, .T. ) ;
#1731 = CC_DESIGN_DATE_AND_TIME_ASSIGNMENT ( #1227, #306, ( #644 ) ) ;
#1732 = ADVANCED_FACE ( 'NONE', ( #1118 ), #33, .T. ) ;
#1733 = FACE_OUTER_BOUND ( 'NONE', #535, .T. ) ;
#1734 = VERTEX_POINT ( 'NONE', #134 ) ;
#1735 = EDGE_CURVE ( 'NONE', #1384, #999, #636, .T. ) ;
#1736 = DIRECTION ( 'NONE',  ( -0.000000000000000000, 0.000000000000000000, -1.000000000000000000 ) ) ;
#1737 = EDGE_CURVE ( 'NONE', #1200, #1246, #379, .T. ) ;
#1738 = ORIENTED_EDGE ( 'NONE', *, *, #643, .F. ) ;
#1739 = CARTESIAN_POINT ( 'NONE',  ( 0.9800469483568015061, 23.11032863849764496, 1.000000000000000444 ) ) ;
#1740 = ORIENTED_EDGE ( 'NONE', *, *, #1601, .F. ) ;
#1741 = LINE ( 'NONE', #5, #1329 ) ;
#1742 = VECTOR ( 'NONE', #1751, 1000.000000000000000 ) ;
#1743 = DIRECTION ( 'NONE',  ( -0.000000000000000000, -0.000000000000000000, -1.000000000000000000 ) ) ;
#1744 = EDGE_LOOP ( 'NONE', ( #911, #1084, #1456, #107 ) ) ;
#1745 = CIRCLE ( 'NONE', #1589, 2.000000000000000000 ) ;
#1746 = DIRECTION ( 'NONE',  ( 1.000000000000000000, 0.000000000000000000, 0.000000000000000000 ) ) ;
#1747 = VECTOR ( 'NONE', #526, 1000.000000000000000 ) ;
#1748 = CIRCLE ( 'NONE', #380, 1.100000000000000311 ) ;
#1749 = APPROVAL ( #391, 'æœª' ) ;
#1750 = ORIENTED_EDGE ( 'NONE', *, *, #201, .F. ) ;
#1751 = DIRECTION ( 'NONE',  ( 1.000000000000000000, 0.000000000000000000, 0.000000000000000000 ) ) ;
#1752 = CARTESIAN_POINT ( 'NONE',  ( 1.730046948356809944, 20.86032863849765207, 0.000000000000000000 ) ) ;
#1753 = ORIENTED_EDGE ( 'NONE', *, *, #1301, .F. ) ;
#1754 = DIRECTION ( 'NONE',  ( -0.000000000000000000, -0.000000000000000000, 1.000000000000000000 ) ) ;
#1755 = EDGE_CURVE ( 'NONE', #480, #1415, #165, .T. ) ;
#1756 = EDGE_LOOP ( 'NONE', ( #866, #1517, #1110, #1435 ) ) ;
#1757 = DIRECTION ( 'NONE',  ( -0.000000000000000000, -0.000000000000000000, -1.000000000000000000 ) ) ;
#1758 = EDGE_CURVE ( 'NONE', #729, #1409, #1209, .T. ) ;
#1759 = COORDINATED_UNIVERSAL_TIME_OFFSET ( 8, 0, .AHEAD. ) ;
#1760 = LINE ( 'NONE', #793, #50 ) ;
#1761 = ORIENTED_EDGE ( 'NONE', *, *, #444, .T. ) ;
#1762 = ORIENTED_EDGE ( 'NONE', *, *, #642, .F. ) ;
#1763 = CARTESIAN_POINT ( 'NONE',  ( 5.230046948356807057, -8.639671361502347935, 4.400000000000000355 ) ) ;
#1764 = DIRECTION ( 'NONE',  ( -1.000000000000000000, 0.000000000000000000, 0.000000000000000000 ) ) ;
#1765 = EDGE_LOOP ( 'NONE', ( #275, #741, #737, #1195, #1078, #861, #653, #980 ) ) ;
#1766 = DIRECTION ( 'NONE',  ( -0.000000000000000000, -0.000000000000000000, 1.000000000000000000 ) ) ;
#1767 =( NAMED_UNIT ( * ) PLANE_ANGLE_UNIT ( ) SI_UNIT ( $, .RADIAN. ) );
#1768 = DIRECTION ( 'NONE',  ( 0.000000000000000000, 0.000000000000000000, -1.000000000000000000 ) ) ;
#1769 = ORIENTED_EDGE ( 'NONE', *, *, #46, .F. ) ;
#1770 = VERTEX_POINT ( 'NONE', #711 ) ;
#1771 = AXIS2_PLACEMENT_3D ( 'NONE', #1113, #11, #413 ) ;
#1772 = LINE ( 'NONE', #830, #1239 ) ;
#1773 = EDGE_CURVE ( 'NONE', #706, #287, #971, .T. ) ;
ENDSEC;
END-ISO-10303-21;
