ISO-10303-21;
HEADER;
/* Generated by software containing ST-Developer
 * from STEP Tools, Inc. (www.steptools.com) 
 */
/* OPTION: using custom renumber hook */

FILE_DESCRIPTION(
/* description */ ('STEP AP242 Edition 2',
'CAx-IF Rec.Pracs.---Representation and Presentation of Product Manufa
cturing Information (PMI)---4.0---2014-10-13',
'CAx-IF Rec.Pracs.---3D Tessellated Geometry---0.4---2014-09-14','2;1',
'CAx-IF Rec.Pracs.---User Defined Attributes---1.5---2016-08-15'),
/* implementation_level */ '2;1');

FILE_NAME(
/* name */ 'hartmann2 - hartmann2',
/* time_stamp */ '2026-09-22T17:17:01Z',
/* author */ (''),
/* organization */ (''),
/* preprocessor_version */ 'ST-DEVELOPER v20',
/* originating_system */ 'ONSHAPE BY PTC INC, 1.221',
/* authorisation */ '  ');

FILE_SCHEMA (('AP242_MANAGED_MODEL_BASED_3D_ENGINEERING_MIM_LF { 1 0 10303 442 3 1 4 }'));
ENDSEC;

DATA;
#10=SHAPE_REPRESENTATION_RELATIONSHIP('','',#1041,#11);
#11=ADVANCED_BREP_SHAPE_REPRESENTATION('',(#1039),#3771);
#12=B_SPLINE_SURFACE_WITH_KNOTS('',3,3,((#1988,#1989,#1990,#1991,#1992,
#1993,#1994,#1995,#1996,#1997,#1998,#1999,#2000,#2001,#2002,#2003,#2004,
#2005,#2006,#2007,#2008,#2009,#2010,#2011,#2012,#2013,#2014,#2015,#2016,
#2017,#2018,#2019,#2020,#2021,#2022,#2023,#2024,#2025,#2026,#2027,#2028,
#2029,#2030,#2031,#2032,#2033,#2034,#2035,#2036,#2037,#2038,#2039,#2040,
#2041,#2042,#2043,#2044,#2045,#2046,#2047,#2048,#2049,#2050,#2051,#2052,
#2053,#2054,#2055,#2056,#2057,#2058,#2059,#2060,#2061,#2062,#2063,#2064,
#2065,#2066,#2067,#2068,#2069,#2070,#2071,#2072,#2073,#2074,#2075,#2076,
#2077,#2078,#2079,#2080,#2081,#2082,#2083,#2084,#2085,#2086,#2087,#2088,
#2089,#2090,#2091,#2092,#2093,#2094,#2095,#2096,#2097,#2098,#2099,#2100,
#2101,#2102,#2103,#2104,#2105,#2106,#2107,#2108,#2109,#2110,#2111,#2112,
#2113,#2114,#2115,#2116,#2117,#2118,#2119,#2120,#2121,#2122,#2123,#2124,
#2125,#2126,#2127,#2128,#2129,#2130,#2131,#2132,#2133,#2134,#2135,#2136,
#2137,#2138,#2139,#2140,#2141,#2142,#2143,#2144,#2145,#2146,#2147,#2148,
#2149,#2150,#2151,#2152,#2153,#2154,#2155,#2156,#2157,#2158,#2159,#2160,
#2161,#2162,#2163,#2164,#2165,#2166,#2167,#2168,#2169,#2170,#2171,#2172,
#2173),(#2174,#2175,#2176,#2177,#2178,#2179,#2180,#2181,#2182,#2183,#2184,
#2185,#2186,#2187,#2188,#2189,#2190,#2191,#2192,#2193,#2194,#2195,#2196,
#2197,#2198,#2199,#2200,#2201,#2202,#2203,#2204,#2205,#2206,#2207,#2208,
#2209,#2210,#2211,#2212,#2213,#2214,#2215,#2216,#2217,#2218,#2219,#2220,
#2221,#2222,#2223,#2224,#2225,#2226,#2227,#2228,#2229,#2230,#2231,#2232,
#2233,#2234,#2235,#2236,#2237,#2238,#2239,#2240,#2241,#2242,#2243,#2244,
#2245,#2246,#2247,#2248,#2249,#2250,#2251,#2252,#2253,#2254,#2255,#2256,
#2257,#2258,#2259,#2260,#2261,#2262,#2263,#2264,#2265,#2266,#2267,#2268,
#2269,#2270,#2271,#2272,#2273,#2274,#2275,#2276,#2277,#2278,#2279,#2280,
#2281,#2282,#2283,#2284,#2285,#2286,#2287,#2288,#2289,#2290,#2291,#2292,
#2293,#2294,#2295,#2296,#2297,#2298,#2299,#2300,#2301,#2302,#2303,#2304,
#2305,#2306,#2307,#2308,#2309,#2310,#2311,#2312,#2313,#2314,#2315,#2316,
#2317,#2318,#2319,#2320,#2321,#2322,#2323,#2324,#2325,#2326,#2327,#2328,
#2329,#2330,#2331,#2332,#2333,#2334,#2335,#2336,#2337,#2338,#2339,#2340,
#2341,#2342,#2343,#2344,#2345,#2346,#2347,#2348,#2349,#2350,#2351,#2352,
#2353,#2354,#2355,#2356,#2357,#2358,#2359),(#2360,#2361,#2362,#2363,#2364,
#2365,#2366,#2367,#2368,#2369,#2370,#2371,#2372,#2373,#2374,#2375,#2376,
#2377,#2378,#2379,#2380,#2381,#2382,#2383,#2384,#2385,#2386,#2387,#2388,
#2389,#2390,#2391,#2392,#2393,#2394,#2395,#2396,#2397,#2398,#2399,#2400,
#2401,#2402,#2403,#2404,#2405,#2406,#2407,#2408,#2409,#2410,#2411,#2412,
#2413,#2414,#2415,#2416,#2417,#2418,#2419,#2420,#2421,#2422,#2423,#2424,
#2425,#2426,#2427,#2428,#2429,#2430,#2431,#2432,#2433,#2434,#2435,#2436,
#2437,#2438,#2439,#2440,#2441,#2442,#2443,#2444,#2445,#2446,#2447,#2448,
#2449,#2450,#2451,#2452,#2453,#2454,#2455,#2456,#2457,#2458,#2459,#2460,
#2461,#2462,#2463,#2464,#2465,#2466,#2467,#2468,#2469,#2470,#2471,#2472,
#2473,#2474,#2475,#2476,#2477,#2478,#2479,#2480,#2481,#2482,#2483,#2484,
#2485,#2486,#2487,#2488,#2489,#2490,#2491,#2492,#2493,#2494,#2495,#2496,
#2497,#2498,#2499,#2500,#2501,#2502,#2503,#2504,#2505,#2506,#2507,#2508,
#2509,#2510,#2511,#2512,#2513,#2514,#2515,#2516,#2517,#2518,#2519,#2520,
#2521,#2522,#2523,#2524,#2525,#2526,#2527,#2528,#2529,#2530,#2531,#2532,
#2533,#2534,#2535,#2536,#2537,#2538,#2539,#2540,#2541,#2542,#2543,#2544,
#2545),(#2546,#2547,#2548,#2549,#2550,#2551,#2552,#2553,#2554,#2555,#2556,
#2557,#2558,#2559,#2560,#2561,#2562,#2563,#2564,#2565,#2566,#2567,#2568,
#2569,#2570,#2571,#2572,#2573,#2574,#2575,#2576,#2577,#2578,#2579,#2580,
#2581,#2582,#2583,#2584,#2585,#2586,#2587,#2588,#2589,#2590,#2591,#2592,
#2593,#2594,#2595,#2596,#2597,#2598,#2599,#2600,#2601,#2602,#2603,#2604,
#2605,#2606,#2607,#2608,#2609,#2610,#2611,#2612,#2613,#2614,#2615,#2616,
#2617,#2618,#2619,#2620,#2621,#2622,#2623,#2624,#2625,#2626,#2627,#2628,
#2629,#2630,#2631,#2632,#2633,#2634,#2635,#2636,#2637,#2638,#2639,#2640,
#2641,#2642,#2643,#2644,#2645,#2646,#2647,#2648,#2649,#2650,#2651,#2652,
#2653,#2654,#2655,#2656,#2657,#2658,#2659,#2660,#2661,#2662,#2663,#2664,
#2665,#2666,#2667,#2668,#2669,#2670,#2671,#2672,#2673,#2674,#2675,#2676,
#2677,#2678,#2679,#2680,#2681,#2682,#2683,#2684,#2685,#2686,#2687,#2688,
#2689,#2690,#2691,#2692,#2693,#2694,#2695,#2696,#2697,#2698,#2699,#2700,
#2701,#2702,#2703,#2704,#2705,#2706,#2707,#2708,#2709,#2710,#2711,#2712,
#2713,#2714,#2715,#2716,#2717,#2718,#2719,#2720,#2721,#2722,#2723,#2724,
#2725,#2726,#2727,#2728,#2729,#2730,#2731)),.UNSPECIFIED.,.F.,.F.,.F.,(4,
4),(4,2,2,2,2,2,2,2,2,2,2,2,2,2,2,2,2,2,2,2,2,2,2,2,2,2,2,2,2,2,2,2,2,2,
2,2,2,2,2,2,2,2,2,2,2,2,2,2,2,2,2,2,2,2,2,2,2,2,2,2,2,2,2,2,2,2,2,2,2,2,
2,2,2,2,2,2,2,2,2,2,2,2,2,2,2,2,2,2,2,2,2,2,4),(0.,1.00600061774522),(0.0514820615192963,
0.0539430995759656,0.056404137632635,0.0613262137459736,0.0637872518026429,
0.0662482898593122,0.0711703659726509,0.0736314040293202,0.0760924420859895,
0.0810145181993282,0.0834755562559975,0.0859365943126668,0.0908586704260055,
0.0933197084826748,0.0957807465393441,0.100702822652683,0.103163860709352,
0.105624898766021,0.11054697487936,0.113008012936029,0.115469050992699,
0.120391127106037,0.122852165162707,0.125313203219376,0.130235279332715,
0.135157355446053,0.137618393502723,0.140079431559392,0.145001507672731,
0.1474625457294,0.149923583786069,0.154845659899408,0.157306697956077,0.159767736012746,
0.164689812126085,0.167150850182754,0.169611888239424,0.174533964352762,
0.176995002409432,0.179456040466101,0.18437811657944,0.186839154636109,
0.189300192692778,0.194222268806117,0.196683306862786,0.199144344919456,
0.204066421032794,0.206527459089464,0.208988497146133,0.213910573259472,
0.21883264937281,0.223754725486149,0.228676801599488,0.231137839656157,
0.233598877712826,0.238520953826165,0.240981991882834,0.243443029939503,
0.248365106052842,0.250826144109511,0.253287182166181,0.258209258279519,
0.260670296336189,0.263131334392858,0.268053410506197,0.270514448562866,
0.272975486619535,0.277897562732874,0.280358600789543,0.282819638846213,
0.287741714959551,0.290202753016221,0.29266379107289,0.297585867186228,
0.300046905242898,0.302507943299567,0.307430019412906,0.312352095526244,
0.317274171639583,0.322196247752922,0.324657285809591,0.32711832386626,
0.332040399979599,0.334501438036268,0.336962476092938,0.341884552206276,
0.344345590262946,0.346806628319615,0.351728704432954,0.356650780546292,
0.361572856659631,0.3640338947163,0.36649493277297),.UNSPECIFIED.);
#13=B_SPLINE_SURFACE_WITH_KNOTS('',3,3,((#2872,#2873,#2874,#2875,#2876,
#2877,#2878,#2879,#2880,#2881,#2882,#2883,#2884,#2885,#2886,#2887,#2888,
#2889,#2890,#2891,#2892,#2893,#2894,#2895,#2896,#2897,#2898,#2899,#2900,
#2901,#2902,#2903,#2904,#2905,#2906,#2907,#2908,#2909,#2910,#2911,#2912,
#2913,#2914,#2915,#2916,#2917,#2918,#2919,#2920,#2921,#2922,#2923,#2924,
#2925,#2926,#2927,#2928,#2929,#2930,#2931,#2932,#2933,#2934,#2935,#2936,
#2937,#2938,#2939,#2940,#2941,#2942,#2943,#2944,#2945,#2946,#2947,#2948,
#2949,#2950,#2951,#2952,#2953,#2954,#2955,#2956,#2957,#2958,#2959,#2960,
#2961,#2962,#2963,#2964,#2965,#2966,#2967,#2968,#2969,#2970,#2971,#2972,
#2973,#2974,#2975,#2976,#2977,#2978,#2979,#2980,#2981,#2982,#2983,#2984,
#2985,#2986,#2987,#2988,#2989,#2990,#2991,#2992,#2993,#2994,#2995,#2996,
#2997,#2998,#2999,#3000,#3001,#3002,#3003,#3004,#3005,#3006,#3007,#3008,
#3009,#3010,#3011,#3012,#3013,#3014,#3015,#3016,#3017,#3018,#3019,#3020,
#3021,#3022,#3023,#3024,#3025,#3026,#3027,#3028,#3029,#3030,#3031,#3032,
#3033,#3034,#3035,#3036,#3037,#3038,#3039,#3040,#3041,#3042,#3043,#3044,
#3045,#3046,#3047,#3048,#3049,#3050,#3051,#3052,#3053,#3054,#3055,#3056,
#3057),(#3058,#3059,#3060,#3061,#3062,#3063,#3064,#3065,#3066,#3067,#3068,
#3069,#3070,#3071,#3072,#3073,#3074,#3075,#3076,#3077,#3078,#3079,#3080,
#3081,#3082,#3083,#3084,#3085,#3086,#3087,#3088,#3089,#3090,#3091,#3092,
#3093,#3094,#3095,#3096,#3097,#3098,#3099,#3100,#3101,#3102,#3103,#3104,
#3105,#3106,#3107,#3108,#3109,#3110,#3111,#3112,#3113,#3114,#3115,#3116,
#3117,#3118,#3119,#3120,#3121,#3122,#3123,#3124,#3125,#3126,#3127,#3128,
#3129,#3130,#3131,#3132,#3133,#3134,#3135,#3136,#3137,#3138,#3139,#3140,
#3141,#3142,#3143,#3144,#3145,#3146,#3147,#3148,#3149,#3150,#3151,#3152,
#3153,#3154,#3155,#3156,#3157,#3158,#3159,#3160,#3161,#3162,#3163,#3164,
#3165,#3166,#3167,#3168,#3169,#3170,#3171,#3172,#3173,#3174,#3175,#3176,
#3177,#3178,#3179,#3180,#3181,#3182,#3183,#3184,#3185,#3186,#3187,#3188,
#3189,#3190,#3191,#3192,#3193,#3194,#3195,#3196,#3197,#3198,#3199,#3200,
#3201,#3202,#3203,#3204,#3205,#3206,#3207,#3208,#3209,#3210,#3211,#3212,
#3213,#3214,#3215,#3216,#3217,#3218,#3219,#3220,#3221,#3222,#3223,#3224,
#3225,#3226,#3227,#3228,#3229,#3230,#3231,#3232,#3233,#3234,#3235,#3236,
#3237,#3238,#3239,#3240,#3241,#3242,#3243),(#3244,#3245,#3246,#3247,#3248,
#3249,#3250,#3251,#3252,#3253,#3254,#3255,#3256,#3257,#3258,#3259,#3260,
#3261,#3262,#3263,#3264,#3265,#3266,#3267,#3268,#3269,#3270,#3271,#3272,
#3273,#3274,#3275,#3276,#3277,#3278,#3279,#3280,#3281,#3282,#3283,#3284,
#3285,#3286,#3287,#3288,#3289,#3290,#3291,#3292,#3293,#3294,#3295,#3296,
#3297,#3298,#3299,#3300,#3301,#3302,#3303,#3304,#3305,#3306,#3307,#3308,
#3309,#3310,#3311,#3312,#3313,#3314,#3315,#3316,#3317,#3318,#3319,#3320,
#3321,#3322,#3323,#3324,#3325,#3326,#3327,#3328,#3329,#3330,#3331,#3332,
#3333,#3334,#3335,#3336,#3337,#3338,#3339,#3340,#3341,#3342,#3343,#3344,
#3345,#3346,#3347,#3348,#3349,#3350,#3351,#3352,#3353,#3354,#3355,#3356,
#3357,#3358,#3359,#3360,#3361,#3362,#3363,#3364,#3365,#3366,#3367,#3368,
#3369,#3370,#3371,#3372,#3373,#3374,#3375,#3376,#3377,#3378,#3379,#3380,
#3381,#3382,#3383,#3384,#3385,#3386,#3387,#3388,#3389,#3390,#3391,#3392,
#3393,#3394,#3395,#3396,#3397,#3398,#3399,#3400,#3401,#3402,#3403,#3404,
#3405,#3406,#3407,#3408,#3409,#3410,#3411,#3412,#3413,#3414,#3415,#3416,
#3417,#3418,#3419,#3420,#3421,#3422,#3423,#3424,#3425,#3426,#3427,#3428,
#3429),(#3430,#3431,#3432,#3433,#3434,#3435,#3436,#3437,#3438,#3439,#3440,
#3441,#3442,#3443,#3444,#3445,#3446,#3447,#3448,#3449,#3450,#3451,#3452,
#3453,#3454,#3455,#3456,#3457,#3458,#3459,#3460,#3461,#3462,#3463,#3464,
#3465,#3466,#3467,#3468,#3469,#3470,#3471,#3472,#3473,#3474,#3475,#3476,
#3477,#3478,#3479,#3480,#3481,#3482,#3483,#3484,#3485,#3486,#3487,#3488,
#3489,#3490,#3491,#3492,#3493,#3494,#3495,#3496,#3497,#3498,#3499,#3500,
#3501,#3502,#3503,#3504,#3505,#3506,#3507,#3508,#3509,#3510,#3511,#3512,
#3513,#3514,#3515,#3516,#3517,#3518,#3519,#3520,#3521,#3522,#3523,#3524,
#3525,#3526,#3527,#3528,#3529,#3530,#3531,#3532,#3533,#3534,#3535,#3536,
#3537,#3538,#3539,#3540,#3541,#3542,#3543,#3544,#3545,#3546,#3547,#3548,
#3549,#3550,#3551,#3552,#3553,#3554,#3555,#3556,#3557,#3558,#3559,#3560,
#3561,#3562,#3563,#3564,#3565,#3566,#3567,#3568,#3569,#3570,#3571,#3572,
#3573,#3574,#3575,#3576,#3577,#3578,#3579,#3580,#3581,#3582,#3583,#3584,
#3585,#3586,#3587,#3588,#3589,#3590,#3591,#3592,#3593,#3594,#3595,#3596,
#3597,#3598,#3599,#3600,#3601,#3602,#3603,#3604,#3605,#3606,#3607,#3608,
#3609,#3610,#3611,#3612,#3613,#3614,#3615)),.UNSPECIFIED.,.F.,.F.,.F.,(4,
4),(4,2,2,2,2,2,2,2,2,2,2,2,2,2,2,2,2,2,2,2,2,2,2,2,2,2,2,2,2,2,2,2,2,2,
2,2,2,2,2,2,2,2,2,2,2,2,2,2,2,2,2,2,2,2,2,2,2,2,2,2,2,2,2,2,2,2,2,2,2,2,
2,2,2,2,2,2,2,2,2,2,2,2,2,2,2,2,2,2,2,2,2,2,4),(-0.00600488499429679,1.),
(0.07695511410659,0.0781918526669549,0.0794285912273198,0.0819020683480496,
0.0843755454687794,0.0868490225895092,0.0917959768309688,0.0942694539516986,
0.0967429310724285,0.101689885313888,0.106636839555348,0.111583793796807,
0.114057270917537,0.116530748038267,0.121477702279727,0.123951179400456,
0.126424656521186,0.131371610762646,0.133845087883376,0.136318565004105,
0.141265519245565,0.143738996366295,0.146212473487025,0.151159427728484,
0.156106381969944,0.161053336211403,0.166000290452863,0.168473767573593,
0.170947244694323,0.175894198935782,0.178367676056512,0.180841153177242,
0.185788107418702,0.188261584539431,0.190735061660161,0.195682015901621,
0.198155493022351,0.20062897014308,0.20557592438454,0.20804940150527,0.210522878626,
0.215469832867459,0.217943309988189,0.220416787108919,0.225363741350379,
0.227837218471108,0.230310695591838,0.235257649833298,0.237731126954028,
0.240204604074757,0.245151558316217,0.250098512557677,0.255045466799136,
0.259992421040596,0.262465898161326,0.264939375282055,0.269886329523515,
0.272359806644245,0.274833283764975,0.279780238006434,0.282253715127164,
0.284727192247894,0.289674146489354,0.292147623610083,0.294621100730813,
0.299568054972273,0.304515009213732,0.309461963455192,0.311935440575922,
0.314408917696652,0.319355871938111,0.321829349058841,0.324302826179571,
0.32924978042103,0.33172325754176,0.33419673466249,0.33914368890395,0.34161716602468,
0.344090643145409,0.349037597386869,0.353984551628329,0.356458028749058,
0.358931505869788,0.363878460111248,0.366351937231978,0.368825414352707,
0.373772368594167,0.376245845714897,0.378719322835627,0.383666277077086,
0.386139754197816,0.388613231318546,0.393560185560005),.UNSPECIFIED.);
#14=PLANE('',#1067);
#15=PLANE('',#1078);
#16=PLANE('',#1085);
#17=PLANE('',#1091);
#18=PLANE('',#1093);
#19=PLANE('',#1095);
#20=PLANE('',#1097);
#21=PLANE('',#1098);
#22=PLANE('',#1107);
#23=PLANE('',#1108);
#24=PLANE('',#1109);
#25=PLANE('',#1110);
#26=PLANE('',#1111);
#27=PLANE('',#1112);
#28=PLANE('',#1113);
#29=PLANE('',#1114);
#30=PLANE('',#1115);
#31=PLANE('',#1116);
#32=PLANE('',#1117);
#33=PLANE('',#1118);
#34=PLANE('',#1124);
#35=PLANE('',#1125);
#36=PLANE('',#1126);
#37=PLANE('',#1127);
#38=B_SPLINE_CURVE_WITH_KNOTS('',3,(#1436,#1437,#1438,#1439,#1440,#1441,
#1442,#1443,#1444,#1445,#1446,#1447,#1448,#1449,#1450),.UNSPECIFIED.,.F.,
 .F.,(4,1,1,1,1,1,1,1,1,1,1,1,4),(0.34375,0.34765625,0.349609375,0.3515625,
0.353515625,0.35546875,0.359375,0.36328125,0.365234375,0.3671875,0.369140625,
0.37109375,0.375),.UNSPECIFIED.);
#39=B_SPLINE_CURVE_WITH_KNOTS('',3,(#1455,#1456,#1457,#1458,#1459,#1460,
#1461,#1462,#1463,#1464,#1465,#1466,#1467,#1468,#1469),.UNSPECIFIED.,.F.,
 .F.,(4,1,1,1,1,1,1,1,1,1,1,1,4),(0.28125,0.28515625,0.287109375,0.2890625,
0.291015625,0.29296875,0.296875,0.30078125,0.302734375,0.3046875,0.306640625,
0.30859375,0.3125),.UNSPECIFIED.);
#40=B_SPLINE_CURVE_WITH_KNOTS('',3,(#1473,#1474,#1475,#1476,#1477,#1478,
#1479,#1480,#1481,#1482,#1483,#1484,#1485,#1486,#1487),.UNSPECIFIED.,.F.,
 .F.,(4,1,1,1,1,1,1,1,1,1,1,1,4),(0.28125,0.28515625,0.287109375,0.2890625,
0.291015625,0.29296875,0.296875,0.30078125,0.302734375,0.3046875,0.306640625,
0.30859375,0.3125),.UNSPECIFIED.);
#41=B_SPLINE_CURVE_WITH_KNOTS('',3,(#1492,#1493,#1494,#1495,#1496,#1497,
#1498,#1499,#1500,#1501,#1502,#1503,#1504,#1505,#1506),.UNSPECIFIED.,.F.,
 .F.,(4,1,1,1,1,1,1,1,1,1,1,1,4),(0.21875,0.22265625,0.224609375,0.2265625,
0.228515625,0.23046875,0.234375,0.23828125,0.240234375,0.2421875,0.244140625,
0.24609375,0.25),.UNSPECIFIED.);
#42=B_SPLINE_CURVE_WITH_KNOTS('',3,(#1510,#1511,#1512,#1513,#1514,#1515,
#1516,#1517,#1518,#1519,#1520,#1521,#1522,#1523,#1524),.UNSPECIFIED.,.F.,
 .F.,(4,1,1,1,1,1,1,1,1,1,1,1,4),(0.21875,0.22265625,0.224609375,0.2265625,
0.228515625,0.23046875,0.234375,0.23828125,0.240234375,0.2421875,0.244140625,
0.24609375,0.25),.UNSPECIFIED.);
#43=B_SPLINE_CURVE_WITH_KNOTS('',3,(#1529,#1530,#1531,#1532,#1533,#1534,
#1535,#1536,#1537,#1538,#1539,#1540,#1541,#1542,#1543),.UNSPECIFIED.,.F.,
 .F.,(4,1,1,1,1,1,1,1,1,1,1,1,4),(0.15625,0.16015625,0.162109375,0.1640625,
0.166015625,0.16796875,0.171875,0.17578125,0.177734375,0.1796875,0.181640625,
0.18359375,0.1875),.UNSPECIFIED.);
#44=B_SPLINE_CURVE_WITH_KNOTS('',3,(#1547,#1548,#1549,#1550,#1551,#1552,
#1553,#1554,#1555,#1556,#1557,#1558,#1559,#1560,#1561),.UNSPECIFIED.,.F.,
 .F.,(4,1,1,1,1,1,1,1,1,1,1,1,4),(0.15625,0.16015625,0.162109375,0.1640625,
0.166015625,0.16796875,0.171875,0.17578125,0.177734375,0.1796875,0.181640625,
0.18359375,0.1875),.UNSPECIFIED.);
#45=B_SPLINE_CURVE_WITH_KNOTS('',3,(#1566,#1567,#1568,#1569,#1570,#1571,
#1572,#1573,#1574,#1575,#1576,#1577,#1578,#1579,#1580),.UNSPECIFIED.,.F.,
 .F.,(4,1,1,1,1,1,1,1,1,1,1,1,4),(0.09375,0.09765625,0.099609375,0.1015625,
0.103515625,0.10546875,0.109375,0.11328125,0.115234375,0.1171875,0.119140625,
0.12109375,0.125),.UNSPECIFIED.);
#46=B_SPLINE_CURVE_WITH_KNOTS('',3,(#1584,#1585,#1586,#1587,#1588,#1589,
#1590,#1591,#1592,#1593,#1594,#1595,#1596,#1597),.UNSPECIFIED.,.F.,.F.,
(4,1,1,1,1,1,1,1,1,1,1,4),(0.0984605840449453,0.101778011039327,0.103436724536518,
0.105095438033709,0.108412865028091,0.111730292022473,0.113389005519664,
0.115047719016854,0.116706432514045,0.118365146011236,0.121682573005618,
0.125),.UNSPECIFIED.);
#47=B_SPLINE_CURVE_WITH_KNOTS('',3,(#1602,#1603,#1604,#1605,#1606,#1607,
#1608,#1609),.UNSPECIFIED.,.F.,.F.,(4,1,1,1,1,4),(0.0514820615196116,0.0542365461397087,
0.0569910307598058,0.0597455153799029,0.0611227576899514,0.0625),
 .UNSPECIFIED.);
#48=B_SPLINE_CURVE_WITH_KNOTS('',3,(#1613,#1614,#1615,#1616,#1617,#1618,
#1619,#1620,#1621,#1622),.UNSPECIFIED.,.F.,.F.,(4,1,1,1,1,1,1,4),(0.375,
0.379640046389923,0.381960069584884,0.384280092779846,0.386600115974807,
0.388920139169768,0.39124016236473,0.393560185559691),.UNSPECIFIED.);
#49=B_SPLINE_CURVE_WITH_KNOTS('',3,(#1628,#1629,#1630,#1631,#1632,#1633,
#1634,#1635,#1636,#1637,#1638,#1639,#1640,#1641,#1642),.UNSPECIFIED.,.F.,
 .F.,(4,1,1,1,1,1,1,1,1,1,1,1,4),(0.3125,0.31640625,0.318359375,0.3203125,
0.322265625,0.32421875,0.328125,0.33203125,0.333984375,0.3359375,0.337890625,
0.33984375,0.34375),.UNSPECIFIED.);
#50=B_SPLINE_CURVE_WITH_KNOTS('',3,(#1644,#1645,#1646,#1647,#1648,#1649,
#1650,#1651,#1652,#1653,#1654,#1655,#1656,#1657,#1658),.UNSPECIFIED.,.F.,
 .F.,(4,1,1,1,1,1,1,1,1,1,1,1,4),(0.3125,0.31640625,0.318359375,0.3203125,
0.322265625,0.32421875,0.328125,0.33203125,0.333984375,0.3359375,0.337890625,
0.33984375,0.34375),.UNSPECIFIED.);
#51=B_SPLINE_CURVE_WITH_KNOTS('',3,(#1659,#1660,#1661,#1662,#1663,#1664,
#1665,#1666,#1667,#1668,#1669,#1670,#1671,#1672,#1673),.UNSPECIFIED.,.F.,
 .F.,(4,1,1,1,1,1,1,1,1,1,1,1,4),(0.25,0.25390625,0.255859375,0.2578125,
0.259765625,0.26171875,0.265625,0.26953125,0.271484375,0.2734375,0.275390625,
0.27734375,0.28125),.UNSPECIFIED.);
#52=B_SPLINE_CURVE_WITH_KNOTS('',3,(#1675,#1676,#1677,#1678,#1679,#1680,
#1681,#1682,#1683,#1684,#1685,#1686,#1687,#1688,#1689),.UNSPECIFIED.,.F.,
 .F.,(4,1,1,1,1,1,1,1,1,1,1,1,4),(0.25,0.25390625,0.255859375,0.2578125,
0.259765625,0.26171875,0.265625,0.26953125,0.271484375,0.2734375,0.275390625,
0.27734375,0.28125),.UNSPECIFIED.);
#53=B_SPLINE_CURVE_WITH_KNOTS('',3,(#1690,#1691,#1692,#1693,#1694,#1695,
#1696,#1697,#1698,#1699,#1700,#1701,#1702,#1703,#1704),.UNSPECIFIED.,.F.,
 .F.,(4,1,1,1,1,1,1,1,1,1,1,1,4),(0.1875,0.19140625,0.193359375,0.1953125,
0.197265625,0.19921875,0.203125,0.20703125,0.208984375,0.2109375,0.212890625,
0.21484375,0.21875),.UNSPECIFIED.);
#54=B_SPLINE_CURVE_WITH_KNOTS('',3,(#1706,#1707,#1708,#1709,#1710,#1711,
#1712,#1713,#1714,#1715,#1716,#1717,#1718,#1719,#1720),.UNSPECIFIED.,.F.,
 .F.,(4,1,1,1,1,1,1,1,1,1,1,1,4),(0.1875,0.19140625,0.193359375,0.1953125,
0.197265625,0.19921875,0.203125,0.20703125,0.208984375,0.2109375,0.212890625,
0.21484375,0.21875),.UNSPECIFIED.);
#55=B_SPLINE_CURVE_WITH_KNOTS('',3,(#1721,#1722,#1723,#1724,#1725,#1726,
#1727,#1728,#1729,#1730,#1731,#1732,#1733,#1734,#1735),.UNSPECIFIED.,.F.,
 .F.,(4,1,1,1,1,1,1,1,1,1,1,1,4),(0.125,0.12890625,0.130859375,0.1328125,
0.134765625,0.13671875,0.140625,0.14453125,0.146484375,0.1484375,0.150390625,
0.15234375,0.15625),.UNSPECIFIED.);
#56=B_SPLINE_CURVE_WITH_KNOTS('',3,(#1737,#1738,#1739,#1740,#1741,#1742,
#1743,#1744,#1745,#1746,#1747,#1748,#1749,#1750,#1751),.UNSPECIFIED.,.F.,
 .F.,(4,1,1,1,1,1,1,1,1,1,1,1,4),(0.125,0.12890625,0.130859375,0.1328125,
0.134765625,0.13671875,0.140625,0.14453125,0.146484375,0.1484375,0.150390625,
0.15234375,0.15625),.UNSPECIFIED.);
#57=B_SPLINE_CURVE_WITH_KNOTS('',3,(#1752,#1753,#1754,#1755,#1756,#1757,
#1758,#1759,#1760,#1761,#1762,#1763,#1764,#1765,#1766),.UNSPECIFIED.,.F.,
 .F.,(4,1,1,1,1,1,1,1,1,1,1,1,4),(0.0625,0.06640625,0.068359375,0.0703125,
0.072265625,0.07421875,0.078125,0.08203125,0.083984375,0.0859375,0.087890625,
0.08984375,0.09375),.UNSPECIFIED.);
#58=B_SPLINE_CURVE_WITH_KNOTS('',3,(#1788,#1789,#1790,#1791,#1792,#1793,
#1794,#1795),.UNSPECIFIED.,.F.,.F.,(4,1,1,1,1,4),(1.47124529533783E-8,0.00643197190766927,
0.0128639291028856,0.0160799077004937,0.0192958862981019,0.0257278434933182),
 .UNSPECIFIED.);
#59=B_SPLINE_CURVE_WITH_KNOTS('',3,(#1799,#1800,#1801,#1802,#1803,#1804,
#1805,#1806,#1807),.UNSPECIFIED.,.F.,.F.,(4,1,1,1,1,1,4),(4.83822937478845E-15,
0.00641274652049773,0.00961911978074417,0.0128254930409906,0.0160318663012371,
0.0192382395614835,0.0256509860819764),.UNSPECIFIED.);
#60=B_SPLINE_CURVE_WITH_KNOTS('',3,(#1843,#1844,#1845,#1846,#1847,#1848,
#1849,#1850,#1851),.UNSPECIFIED.,.F.,.F.,(4,1,1,1,1,1,4),(0.,0.00640725392559631,
0.00961088088839447,0.0128145078511926,0.0192217617767889,0.0224253887395871,
0.0256290157023853),.UNSPECIFIED.);
#61=B_SPLINE_CURVE_WITH_KNOTS('',3,(#1855,#1856,#1857,#1858,#1859,#1860,
#1861,#1862,#1863,#1864),.UNSPECIFIED.,.F.,.F.,(4,1,1,1,1,1,1,4),(0.,0.00322490031395243,
0.00644980062790485,0.00967470094185728,0.0128996012558097,0.0193494018837146,
0.022574302197667,0.0257992025116194),.UNSPECIFIED.);
#62=B_SPLINE_CURVE_WITH_KNOTS('',3,(#1866,#1867,#1868,#1869),
 .UNSPECIFIED.,.F.,.F.,(4,4),(0.34375,0.34694734433351),.UNSPECIFIED.);
#63=B_SPLINE_CURVE_WITH_KNOTS('',3,(#2732,#2733,#2734,#2735,#2736,#2737,
#2738,#2739,#2740,#2741,#2742,#2743,#2744,#2745,#2746,#2747,#2748,#2749,
#2750,#2751,#2752,#2753,#2754,#2755,#2756,#2757,#2758,#2759,#2760,#2761,
#2762,#2763,#2764,#2765,#2766,#2767,#2768,#2769,#2770,#2771,#2772,#2773,
#2774,#2775,#2776,#2777,#2778,#2779,#2780,#2781,#2782,#2783,#2784,#2785,
#2786,#2787,#2788,#2789,#2790,#2791,#2792,#2793,#2794,#2795,#2796,#2797,
#2798,#2799,#2800,#2801,#2802,#2803,#2804,#2805,#2806,#2807,#2808,#2809,
#2810,#2811,#2812,#2813,#2814,#2815,#2816,#2817,#2818,#2819,#2820,#2821,
#2822,#2823,#2824,#2825,#2826,#2827,#2828,#2829,#2830,#2831,#2832,#2833,
#2834,#2835,#2836,#2837,#2838,#2839,#2840,#2841,#2842,#2843,#2844,#2845,
#2846,#2847,#2848,#2849,#2850,#2851,#2852,#2853,#2854,#2855,#2856,#2857,
#2858,#2859,#2860,#2861,#2862,#2863,#2864,#2865,#2866,#2867,#2868,#2869,
#2870,#2871),.UNSPECIFIED.,.F.,.F.,(4,1,1,1,1,1,1,1,1,1,1,1,1,1,1,1,1,1,
1,1,1,1,1,1,1,1,1,1,1,1,1,1,1,1,1,1,1,1,1,1,1,1,1,1,1,1,1,1,1,1,1,1,1,1,
1,1,1,1,1,1,1,1,1,1,1,1,1,1,1,1,1,1,1,1,1,1,1,1,1,1,1,1,1,1,1,1,1,1,1,1,
1,1,1,1,1,1,1,1,1,1,1,1,1,1,1,1,1,1,1,1,1,1,1,1,1,1,1,1,1,1,1,1,1,1,1,1,
1,1,1,1,1,1,1,1,1,1,1,4),(0.0709426216672332,0.0732516240977443,0.0755606265282554,
0.0778696289587665,0.0801786313892776,0.0824876338197887,0.0847966362502998,
0.0871056386808109,0.0894146411113221,0.0917236435418332,0.0928781447570887,
0.0940326459723443,0.0963416484028554,0.0986506508333665,0.100959653263878,
0.103268655694389,0.1055776581249,0.107886660555411,0.110195662985922,0.112504665416433,
0.113659166631689,0.114813667846944,0.117122670277455,0.119431672707966,
0.121740675138477,0.124049677568989,0.1263586799995,0.128667682430011,0.130976684860522,
0.133285687291033,0.134440188506289,0.135594689721544,0.137903692152055,
0.140212694582566,0.142521697013077,0.144830699443589,0.1471397018741,0.149448704304611,
0.151757706735122,0.154066709165633,0.155221210380888,0.156375711596144,
0.158684714026655,0.160993716457166,0.163302718887677,0.165611721318188,
0.1679207237487,0.170229726179211,0.172538728609722,0.174847731040233,0.176002232255488,
0.177156733470744,0.179465735901255,0.181774738331766,0.184083740762277,
0.186392743192788,0.188701745623299,0.191010748053811,0.193319750484322,
0.195628752914833,0.197937755345344,0.200246757775855,0.202555760206366,
0.204864762636877,0.207173765067388,0.209482767497899,0.211791769928411,
0.214100772358922,0.216409774789433,0.218718777219944,0.221027779650455,
0.223336782080966,0.225645784511477,0.227954786941988,0.230263789372499,
0.23257279180301,0.234881794233522,0.237190796664033,0.239499799094544,
0.241808801525055,0.244117803955566,0.246426806386077,0.248735808816588,
0.251044811247099,0.25335381367761,0.255662816108122,0.257971818538633,
0.260280820969144,0.262589823399655,0.264898825830166,0.267207828260677,
0.269516830691188,0.271825833121699,0.27413483555221,0.276443837982721,
0.278752840413233,0.281061842843744,0.282216344058999,0.283370845274255,
0.285679847704766,0.287988850135277,0.290297852565788,0.292606854996299,
0.29491585742681,0.297224859857321,0.299533862287833,0.301842864718344,
0.302997365933599,0.304151867148855,0.306460869579366,0.308769872009877,
0.311078874440388,0.313387876870899,0.31569687930141,0.318005881731921,
0.320314884162432,0.322623886592943,0.323778387808199,0.324932889023455,
0.327241891453966,0.329550893884477,0.331859896314988,0.334168898745499,
0.33647790117601,0.338786903606521,0.341095906037032,0.343404908467543,
0.344559409682799,0.345713910898055,0.348022913328566,0.350331915759077,
0.352640918189588,0.354949920620099,0.35725892305061,0.359567925481121,
0.361876927911632,0.364185930342143,0.366494932772654),.UNSPECIFIED.);
#64=B_SPLINE_CURVE_WITH_KNOTS('',3,(#3616,#3617,#3618,#3619,#3620,#3621,
#3622,#3623,#3624,#3625,#3626,#3627,#3628,#3629,#3630,#3631,#3632,#3633,
#3634,#3635,#3636,#3637,#3638,#3639,#3640,#3641,#3642,#3643,#3644,#3645,
#3646,#3647,#3648,#3649,#3650,#3651,#3652,#3653,#3654,#3655,#3656,#3657,
#3658,#3659,#3660,#3661,#3662,#3663,#3664,#3665,#3666,#3667,#3668,#3669,
#3670,#3671,#3672,#3673,#3674,#3675,#3676,#3677,#3678,#3679,#3680,#3681,
#3682,#3683,#3684,#3685,#3686,#3687,#3688,#3689,#3690,#3691,#3692,#3693,
#3694,#3695,#3696,#3697,#3698,#3699,#3700,#3701,#3702,#3703,#3704,#3705,
#3706,#3707,#3708,#3709,#3710,#3711,#3712,#3713,#3714,#3715,#3716,#3717,
#3718,#3719,#3720,#3721,#3722,#3723,#3724,#3725,#3726,#3727,#3728,#3729,
#3730,#3731,#3732,#3733,#3734,#3735,#3736,#3737,#3738,#3739,#3740,#3741,
#3742,#3743,#3744,#3745,#3746,#3747,#3748,#3749,#3750,#3751,#3752,#3753,
#3754,#3755,#3756,#3757),.UNSPECIFIED.,.F.,.F.,(4,1,1,1,1,1,1,1,1,1,1,1,
1,1,1,1,1,1,1,1,1,1,1,1,1,1,1,1,1,1,1,1,1,1,1,1,1,1,1,1,1,1,1,1,1,1,1,1,
1,1,1,1,1,1,1,1,1,1,1,1,1,1,1,1,1,1,1,1,1,1,1,1,1,1,1,1,1,1,1,1,1,1,1,1,
1,1,1,1,1,1,1,1,1,1,1,1,1,1,1,1,1,1,1,1,1,1,1,1,1,1,1,1,1,1,1,1,1,1,1,1,
1,1,1,1,1,1,1,1,1,1,1,1,1,1,1,1,1,1,1,4),(0.0788434147317206,0.0811499082277164,
0.0823031549757144,0.0834564017237123,0.0857628952197081,0.0880693887157039,
0.0903758822116998,0.0926823757076956,0.0949888692036914,0.0972953626996872,
0.0996018561956831,0.101908349691679,0.104214843187675,0.106521336683671,
0.108827830179666,0.111134323675662,0.113440817171658,0.115747310667654,
0.11805380416365,0.120360297659646,0.122666791155641,0.124973284651637,
0.127279778147633,0.129586271643629,0.131892765139625,0.134199258635621,
0.136505752131616,0.138812245627612,0.141118739123608,0.143425232619604,
0.1457317261156,0.146884972863598,0.148038219611596,0.150344713107591,0.152651206603587,
0.154957700099583,0.157264193595579,0.159570687091575,0.161877180587571,
0.164183674083566,0.166490167579562,0.16764341432756,0.168796661075558,
0.171103154571554,0.17340964806755,0.175716141563546,0.178022635059541,
0.180329128555537,0.182635622051533,0.184942115547529,0.187248609043525,
0.188401855791523,0.189555102539521,0.191861596035516,0.194168089531512,
0.196474583027508,0.198781076523504,0.2010875700195,0.203394063515495,0.205700557011491,
0.208007050507487,0.209160297255485,0.210313544003483,0.212620037499479,
0.214926530995475,0.21723302449147,0.219539517987466,0.221846011483462,
0.224152504979458,0.226458998475454,0.22876549197145,0.229918738719448,
0.231071985467445,0.233378478963441,0.235684972459437,0.237991465955433,
0.240297959451429,0.242604452947425,0.24491094644342,0.247217439939416,
0.249523933435412,0.25067718018341,0.251830426931408,0.254136920427404,
0.2564434139234,0.258749907419395,0.261056400915391,0.263362894411387,0.265669387907383,
0.267975881403379,0.270282374899375,0.27258886839537,0.274895361891366,
0.277201855387362,0.279508348883358,0.281814842379354,0.28412133587535,
0.286427829371345,0.288734322867341,0.291040816363337,0.293347309859333,
0.295653803355329,0.297960296851325,0.30026679034732,0.301420037095318,
0.302573283843316,0.304879777339312,0.307186270835308,0.309492764331304,
0.3117992578273,0.314105751323295,0.316412244819291,0.318718738315287,0.321025231811283,
0.322178478559281,0.323331725307279,0.325638218803275,0.32794471229927,
0.330251205795266,0.332557699291262,0.334864192787258,0.337170686283254,
0.33947717977925,0.341783673275245,0.342936920023243,0.344090166771241,
0.346396660267237,0.348703153763233,0.351009647259229,0.353316140755224,
0.35562263425122,0.357929127747216,0.360235621243212,0.362542114739208,
0.363695361487206,0.364848608235204,0.367155101731199,0.369461595227195,
0.371768088723191,0.374074582219187),.UNSPECIFIED.);
#65=LINE('',#1403,#151);
#66=LINE('',#1407,#152);
#67=LINE('',#1412,#153);
#68=LINE('',#1416,#154);
#69=LINE('',#1421,#155);
#70=LINE('',#1425,#156);
#71=LINE('',#1430,#157);
#72=LINE('',#1434,#158);
#73=LINE('',#1453,#159);
#74=LINE('',#1471,#160);
#75=LINE('',#1490,#161);
#76=LINE('',#1508,#162);
#77=LINE('',#1527,#163);
#78=LINE('',#1545,#164);
#79=LINE('',#1564,#165);
#80=LINE('',#1582,#166);
#81=LINE('',#1600,#167);
#82=LINE('',#1626,#168);
#83=LINE('',#1771,#169);
#84=LINE('',#1775,#170);
#85=LINE('',#1779,#171);
#86=LINE('',#1783,#172);
#87=LINE('',#1811,#173);
#88=LINE('',#1814,#174);
#89=LINE('',#1818,#175);
#90=LINE('',#1820,#176);
#91=LINE('',#1822,#177);
#92=LINE('',#1826,#178);
#93=LINE('',#1828,#179);
#94=LINE('',#1830,#180);
#95=LINE('',#1834,#181);
#96=LINE('',#1836,#182);
#97=LINE('',#1838,#183);
#98=LINE('',#1842,#184);
#99=LINE('',#1871,#185);
#100=LINE('',#1874,#186);
#101=LINE('',#1876,#187);
#102=LINE('',#1878,#188);
#103=LINE('',#1882,#189);
#104=LINE('',#1886,#190);
#105=LINE('',#1890,#191);
#106=LINE('',#1894,#192);
#107=LINE('',#1896,#193);
#108=LINE('',#1897,#194);
#109=LINE('',#1899,#195);
#110=LINE('',#1901,#196);
#111=LINE('',#1903,#197);
#112=LINE('',#1905,#198);
#113=LINE('',#1907,#199);
#114=LINE('',#1909,#200);
#115=LINE('',#1916,#201);
#116=LINE('',#1921,#202);
#117=LINE('',#1923,#203);
#118=LINE('',#1925,#204);
#119=LINE('',#1929,#205);
#120=LINE('',#1931,#206);
#121=LINE('',#1933,#207);
#122=LINE('',#1937,#208);
#123=LINE('',#1939,#209);
#124=LINE('',#1941,#210);
#125=LINE('',#1945,#211);
#126=LINE('',#1947,#212);
#127=LINE('',#1948,#213);
#128=LINE('',#1951,#214);
#129=LINE('',#1953,#215);
#130=LINE('',#1955,#216);
#131=LINE('',#1957,#217);
#132=LINE('',#1958,#218);
#133=LINE('',#1960,#219);
#134=LINE('',#1962,#220);
#135=LINE('',#1963,#221);
#136=LINE('',#1965,#222);
#137=LINE('',#1967,#223);
#138=LINE('',#1969,#224);
#139=LINE('',#1970,#225);
#140=LINE('',#1972,#226);
#141=LINE('',#1974,#227);
#142=LINE('',#1976,#228);
#143=LINE('',#1977,#229);
#144=LINE('',#1979,#230);
#145=LINE('',#1981,#231);
#146=LINE('',#1983,#232);
#147=LINE('',#3760,#233);
#148=LINE('',#3761,#234);
#149=LINE('',#3763,#235);
#150=LINE('',#3765,#236);
#151=VECTOR('',#1138,1.);
#152=VECTOR('',#1141,1.);
#153=VECTOR('',#1146,1.);
#154=VECTOR('',#1149,1.);
#155=VECTOR('',#1154,1.);
#156=VECTOR('',#1157,1.);
#157=VECTOR('',#1162,1.);
#158=VECTOR('',#1165,1.);
#159=VECTOR('',#1168,1.);
#160=VECTOR('',#1169,1.);
#161=VECTOR('',#1172,1.);
#162=VECTOR('',#1173,1.);
#163=VECTOR('',#1176,1.);
#164=VECTOR('',#1177,1.);
#165=VECTOR('',#1180,1.);
#166=VECTOR('',#1181,1.);
#167=VECTOR('',#1184,1.);
#168=VECTOR('',#1191,1.);
#169=VECTOR('',#1204,1.);
#170=VECTOR('',#1207,1.);
#171=VECTOR('',#1210,1.);
#172=VECTOR('',#1213,1.);
#173=VECTOR('',#1228,1.);
#174=VECTOR('',#1229,1.);
#175=VECTOR('',#1232,1.);
#176=VECTOR('',#1233,1.);
#177=VECTOR('',#1234,1.);
#178=VECTOR('',#1237,1.);
#179=VECTOR('',#1238,1.);
#180=VECTOR('',#1239,1.);
#181=VECTOR('',#1242,1.);
#182=VECTOR('',#1243,1.);
#183=VECTOR('',#1244,1.);
#184=VECTOR('',#1247,1.);
#185=VECTOR('',#1254,1.);
#186=VECTOR('',#1255,1.);
#187=VECTOR('',#1256,1.);
#188=VECTOR('',#1257,1.);
#189=VECTOR('',#1260,1.);
#190=VECTOR('',#1263,1.);
#191=VECTOR('',#1266,1.);
#192=VECTOR('',#1269,1.);
#193=VECTOR('',#1272,1.);
#194=VECTOR('',#1273,1.);
#195=VECTOR('',#1276,1.);
#196=VECTOR('',#1279,1.);
#197=VECTOR('',#1282,1.);
#198=VECTOR('',#1285,1.);
#199=VECTOR('',#1288,1.);
#200=VECTOR('',#1291,1.);
#201=VECTOR('',#1304,1.);
#202=VECTOR('',#1307,1.);
#203=VECTOR('',#1308,1.);
#204=VECTOR('',#1309,1.);
#205=VECTOR('',#1312,1.);
#206=VECTOR('',#1313,1.);
#207=VECTOR('',#1314,1.);
#208=VECTOR('',#1317,1.);
#209=VECTOR('',#1318,1.);
#210=VECTOR('',#1319,1.);
#211=VECTOR('',#1322,1.);
#212=VECTOR('',#1323,1.);
#213=VECTOR('',#1324,1.);
#214=VECTOR('',#1325,1.);
#215=VECTOR('',#1326,1.);
#216=VECTOR('',#1327,1.);
#217=VECTOR('',#1330,1.);
#218=VECTOR('',#1331,1.);
#219=VECTOR('',#1334,1.);
#220=VECTOR('',#1337,1.);
#221=VECTOR('',#1338,1.);
#222=VECTOR('',#1341,1.);
#223=VECTOR('',#1344,1.);
#224=VECTOR('',#1347,1.);
#225=VECTOR('',#1348,1.);
#226=VECTOR('',#1351,1.);
#227=VECTOR('',#1354,1.);
#228=VECTOR('',#1357,1.);
#229=VECTOR('',#1358,1.);
#230=VECTOR('',#1361,1.);
#231=VECTOR('',#1364,1.);
#232=VECTOR('',#1367,1.);
#233=VECTOR('',#1380,1.);
#234=VECTOR('',#1381,1.);
#235=VECTOR('',#1384,1.);
#236=VECTOR('',#1387,1.);
#237=ORIENTED_EDGE('',*,*,#537,.F.);
#238=ORIENTED_EDGE('',*,*,#538,.T.);
#239=ORIENTED_EDGE('',*,*,#539,.T.);
#240=ORIENTED_EDGE('',*,*,#540,.F.);
#241=ORIENTED_EDGE('',*,*,#541,.F.);
#242=ORIENTED_EDGE('',*,*,#542,.T.);
#243=ORIENTED_EDGE('',*,*,#543,.T.);
#244=ORIENTED_EDGE('',*,*,#544,.F.);
#245=ORIENTED_EDGE('',*,*,#545,.F.);
#246=ORIENTED_EDGE('',*,*,#546,.T.);
#247=ORIENTED_EDGE('',*,*,#547,.T.);
#248=ORIENTED_EDGE('',*,*,#548,.F.);
#249=ORIENTED_EDGE('',*,*,#549,.F.);
#250=ORIENTED_EDGE('',*,*,#550,.T.);
#251=ORIENTED_EDGE('',*,*,#551,.T.);
#252=ORIENTED_EDGE('',*,*,#552,.F.);
#253=ORIENTED_EDGE('',*,*,#553,.T.);
#254=ORIENTED_EDGE('',*,*,#554,.T.);
#255=ORIENTED_EDGE('',*,*,#555,.F.);
#256=ORIENTED_EDGE('',*,*,#556,.F.);
#257=ORIENTED_EDGE('',*,*,#557,.T.);
#258=ORIENTED_EDGE('',*,*,#558,.T.);
#259=ORIENTED_EDGE('',*,*,#559,.F.);
#260=ORIENTED_EDGE('',*,*,#560,.F.);
#261=ORIENTED_EDGE('',*,*,#561,.T.);
#262=ORIENTED_EDGE('',*,*,#562,.T.);
#263=ORIENTED_EDGE('',*,*,#563,.F.);
#264=ORIENTED_EDGE('',*,*,#564,.F.);
#265=ORIENTED_EDGE('',*,*,#565,.T.);
#266=ORIENTED_EDGE('',*,*,#566,.T.);
#267=ORIENTED_EDGE('',*,*,#567,.F.);
#268=ORIENTED_EDGE('',*,*,#568,.F.);
#269=ORIENTED_EDGE('',*,*,#569,.T.);
#270=ORIENTED_EDGE('',*,*,#570,.T.);
#271=ORIENTED_EDGE('',*,*,#571,.F.);
#272=ORIENTED_EDGE('',*,*,#572,.T.);
#273=ORIENTED_EDGE('',*,*,#554,.F.);
#274=ORIENTED_EDGE('',*,*,#573,.T.);
#275=ORIENTED_EDGE('',*,*,#574,.F.);
#276=ORIENTED_EDGE('',*,*,#575,.T.);
#277=ORIENTED_EDGE('',*,*,#576,.F.);
#278=ORIENTED_EDGE('',*,*,#558,.F.);
#279=ORIENTED_EDGE('',*,*,#577,.T.);
#280=ORIENTED_EDGE('',*,*,#556,.T.);
#281=ORIENTED_EDGE('',*,*,#578,.F.);
#282=ORIENTED_EDGE('',*,*,#562,.F.);
#283=ORIENTED_EDGE('',*,*,#579,.T.);
#284=ORIENTED_EDGE('',*,*,#560,.T.);
#285=ORIENTED_EDGE('',*,*,#580,.F.);
#286=ORIENTED_EDGE('',*,*,#566,.F.);
#287=ORIENTED_EDGE('',*,*,#581,.T.);
#288=ORIENTED_EDGE('',*,*,#564,.T.);
#289=ORIENTED_EDGE('',*,*,#582,.F.);
#290=ORIENTED_EDGE('',*,*,#570,.F.);
#291=ORIENTED_EDGE('',*,*,#583,.T.);
#292=ORIENTED_EDGE('',*,*,#568,.T.);
#293=ORIENTED_EDGE('',*,*,#584,.F.);
#294=ORIENTED_EDGE('',*,*,#585,.T.);
#295=ORIENTED_EDGE('',*,*,#586,.T.);
#296=ORIENTED_EDGE('',*,*,#587,.T.);
#297=ORIENTED_EDGE('',*,*,#588,.T.);
#298=ORIENTED_EDGE('',*,*,#589,.T.);
#299=ORIENTED_EDGE('',*,*,#590,.T.);
#300=ORIENTED_EDGE('',*,*,#591,.T.);
#301=ORIENTED_EDGE('',*,*,#592,.T.);
#302=ORIENTED_EDGE('',*,*,#593,.T.);
#303=ORIENTED_EDGE('',*,*,#549,.T.);
#304=ORIENTED_EDGE('',*,*,#594,.T.);
#305=ORIENTED_EDGE('',*,*,#545,.T.);
#306=ORIENTED_EDGE('',*,*,#595,.T.);
#307=ORIENTED_EDGE('',*,*,#541,.T.);
#308=ORIENTED_EDGE('',*,*,#596,.T.);
#309=ORIENTED_EDGE('',*,*,#537,.T.);
#310=ORIENTED_EDGE('',*,*,#597,.T.);
#311=ORIENTED_EDGE('',*,*,#598,.T.);
#312=ORIENTED_EDGE('',*,*,#574,.T.);
#313=ORIENTED_EDGE('',*,*,#599,.T.);
#314=ORIENTED_EDGE('',*,*,#600,.T.);
#315=ORIENTED_EDGE('',*,*,#601,.T.);
#316=ORIENTED_EDGE('',*,*,#602,.T.);
#317=ORIENTED_EDGE('',*,*,#603,.T.);
#318=ORIENTED_EDGE('',*,*,#604,.F.);
#319=ORIENTED_EDGE('',*,*,#605,.F.);
#320=ORIENTED_EDGE('',*,*,#606,.T.);
#321=ORIENTED_EDGE('',*,*,#607,.T.);
#322=ORIENTED_EDGE('',*,*,#608,.F.);
#323=ORIENTED_EDGE('',*,*,#609,.F.);
#324=ORIENTED_EDGE('',*,*,#610,.T.);
#325=ORIENTED_EDGE('',*,*,#611,.T.);
#326=ORIENTED_EDGE('',*,*,#612,.F.);
#327=ORIENTED_EDGE('',*,*,#613,.T.);
#328=ORIENTED_EDGE('',*,*,#614,.T.);
#329=ORIENTED_EDGE('',*,*,#615,.T.);
#330=ORIENTED_EDGE('',*,*,#616,.F.);
#331=ORIENTED_EDGE('',*,*,#572,.F.);
#332=ORIENTED_EDGE('',*,*,#617,.F.);
#333=ORIENTED_EDGE('',*,*,#618,.F.);
#334=ORIENTED_EDGE('',*,*,#619,.F.);
#335=ORIENTED_EDGE('',*,*,#575,.F.);
#336=ORIENTED_EDGE('',*,*,#598,.F.);
#337=ORIENTED_EDGE('',*,*,#620,.F.);
#338=ORIENTED_EDGE('',*,*,#621,.F.);
#339=ORIENTED_EDGE('',*,*,#622,.F.);
#340=ORIENTED_EDGE('',*,*,#623,.F.);
#341=ORIENTED_EDGE('',*,*,#624,.F.);
#342=ORIENTED_EDGE('',*,*,#625,.F.);
#343=ORIENTED_EDGE('',*,*,#626,.F.);
#344=ORIENTED_EDGE('',*,*,#627,.F.);
#345=ORIENTED_EDGE('',*,*,#628,.F.);
#346=ORIENTED_EDGE('',*,*,#629,.F.);
#347=ORIENTED_EDGE('',*,*,#630,.F.);
#348=ORIENTED_EDGE('',*,*,#631,.F.);
#349=ORIENTED_EDGE('',*,*,#632,.F.);
#350=ORIENTED_EDGE('',*,*,#625,.T.);
#351=ORIENTED_EDGE('',*,*,#633,.F.);
#352=ORIENTED_EDGE('',*,*,#585,.F.);
#353=ORIENTED_EDGE('',*,*,#634,.T.);
#354=ORIENTED_EDGE('',*,*,#632,.T.);
#355=ORIENTED_EDGE('',*,*,#635,.F.);
#356=ORIENTED_EDGE('',*,*,#586,.F.);
#357=ORIENTED_EDGE('',*,*,#633,.T.);
#358=ORIENTED_EDGE('',*,*,#631,.T.);
#359=ORIENTED_EDGE('',*,*,#636,.F.);
#360=ORIENTED_EDGE('',*,*,#587,.F.);
#361=ORIENTED_EDGE('',*,*,#635,.T.);
#362=ORIENTED_EDGE('',*,*,#630,.T.);
#363=ORIENTED_EDGE('',*,*,#637,.F.);
#364=ORIENTED_EDGE('',*,*,#588,.F.);
#365=ORIENTED_EDGE('',*,*,#636,.T.);
#366=ORIENTED_EDGE('',*,*,#629,.T.);
#367=ORIENTED_EDGE('',*,*,#638,.F.);
#368=ORIENTED_EDGE('',*,*,#589,.F.);
#369=ORIENTED_EDGE('',*,*,#637,.T.);
#370=ORIENTED_EDGE('',*,*,#628,.T.);
#371=ORIENTED_EDGE('',*,*,#639,.F.);
#372=ORIENTED_EDGE('',*,*,#590,.F.);
#373=ORIENTED_EDGE('',*,*,#638,.T.);
#374=ORIENTED_EDGE('',*,*,#627,.T.);
#375=ORIENTED_EDGE('',*,*,#640,.F.);
#376=ORIENTED_EDGE('',*,*,#591,.F.);
#377=ORIENTED_EDGE('',*,*,#639,.T.);
#378=ORIENTED_EDGE('',*,*,#626,.T.);
#379=ORIENTED_EDGE('',*,*,#634,.F.);
#380=ORIENTED_EDGE('',*,*,#592,.F.);
#381=ORIENTED_EDGE('',*,*,#640,.T.);
#382=ORIENTED_EDGE('',*,*,#641,.F.);
#383=ORIENTED_EDGE('',*,*,#539,.F.);
#384=ORIENTED_EDGE('',*,*,#642,.F.);
#385=ORIENTED_EDGE('',*,*,#543,.F.);
#386=ORIENTED_EDGE('',*,*,#643,.F.);
#387=ORIENTED_EDGE('',*,*,#547,.F.);
#388=ORIENTED_EDGE('',*,*,#644,.F.);
#389=ORIENTED_EDGE('',*,*,#551,.F.);
#390=ORIENTED_EDGE('',*,*,#645,.T.);
#391=ORIENTED_EDGE('',*,*,#646,.T.);
#392=ORIENTED_EDGE('',*,*,#647,.F.);
#393=ORIENTED_EDGE('',*,*,#648,.F.);
#394=ORIENTED_EDGE('',*,*,#649,.T.);
#395=ORIENTED_EDGE('',*,*,#650,.T.);
#396=ORIENTED_EDGE('',*,*,#651,.F.);
#397=ORIENTED_EDGE('',*,*,#652,.F.);
#398=ORIENTED_EDGE('',*,*,#653,.T.);
#399=ORIENTED_EDGE('',*,*,#654,.T.);
#400=ORIENTED_EDGE('',*,*,#655,.F.);
#401=ORIENTED_EDGE('',*,*,#656,.T.);
#402=ORIENTED_EDGE('',*,*,#657,.T.);
#403=ORIENTED_EDGE('',*,*,#658,.T.);
#404=ORIENTED_EDGE('',*,*,#659,.F.);
#405=ORIENTED_EDGE('',*,*,#660,.T.);
#406=ORIENTED_EDGE('',*,*,#661,.T.);
#407=ORIENTED_EDGE('',*,*,#662,.T.);
#408=ORIENTED_EDGE('',*,*,#663,.T.);
#409=ORIENTED_EDGE('',*,*,#664,.T.);
#410=ORIENTED_EDGE('',*,*,#648,.T.);
#411=ORIENTED_EDGE('',*,*,#665,.F.);
#412=ORIENTED_EDGE('',*,*,#601,.F.);
#413=ORIENTED_EDGE('',*,*,#666,.T.);
#414=ORIENTED_EDGE('',*,*,#616,.T.);
#415=ORIENTED_EDGE('',*,*,#667,.T.);
#416=ORIENTED_EDGE('',*,*,#649,.F.);
#417=ORIENTED_EDGE('',*,*,#666,.F.);
#418=ORIENTED_EDGE('',*,*,#651,.T.);
#419=ORIENTED_EDGE('',*,*,#668,.T.);
#420=ORIENTED_EDGE('',*,*,#614,.F.);
#421=ORIENTED_EDGE('',*,*,#669,.T.);
#422=ORIENTED_EDGE('',*,*,#652,.T.);
#423=ORIENTED_EDGE('',*,*,#669,.F.);
#424=ORIENTED_EDGE('',*,*,#613,.F.);
#425=ORIENTED_EDGE('',*,*,#670,.T.);
#426=ORIENTED_EDGE('',*,*,#612,.T.);
#427=ORIENTED_EDGE('',*,*,#671,.T.);
#428=ORIENTED_EDGE('',*,*,#653,.F.);
#429=ORIENTED_EDGE('',*,*,#670,.F.);
#430=ORIENTED_EDGE('',*,*,#655,.T.);
#431=ORIENTED_EDGE('',*,*,#672,.T.);
#432=ORIENTED_EDGE('',*,*,#610,.F.);
#433=ORIENTED_EDGE('',*,*,#673,.T.);
#434=ORIENTED_EDGE('',*,*,#656,.F.);
#435=ORIENTED_EDGE('',*,*,#673,.F.);
#436=ORIENTED_EDGE('',*,*,#609,.T.);
#437=ORIENTED_EDGE('',*,*,#674,.T.);
#438=ORIENTED_EDGE('',*,*,#608,.T.);
#439=ORIENTED_EDGE('',*,*,#675,.T.);
#440=ORIENTED_EDGE('',*,*,#657,.F.);
#441=ORIENTED_EDGE('',*,*,#674,.F.);
#442=ORIENTED_EDGE('',*,*,#659,.T.);
#443=ORIENTED_EDGE('',*,*,#676,.T.);
#444=ORIENTED_EDGE('',*,*,#606,.F.);
#445=ORIENTED_EDGE('',*,*,#677,.T.);
#446=ORIENTED_EDGE('',*,*,#660,.F.);
#447=ORIENTED_EDGE('',*,*,#677,.F.);
#448=ORIENTED_EDGE('',*,*,#605,.T.);
#449=ORIENTED_EDGE('',*,*,#678,.T.);
#450=ORIENTED_EDGE('',*,*,#604,.T.);
#451=ORIENTED_EDGE('',*,*,#679,.T.);
#452=ORIENTED_EDGE('',*,*,#645,.F.);
#453=ORIENTED_EDGE('',*,*,#678,.F.);
#454=ORIENTED_EDGE('',*,*,#647,.T.);
#455=ORIENTED_EDGE('',*,*,#680,.T.);
#456=ORIENTED_EDGE('',*,*,#602,.F.);
#457=ORIENTED_EDGE('',*,*,#665,.T.);
#458=ORIENTED_EDGE('',*,*,#550,.F.);
#459=ORIENTED_EDGE('',*,*,#593,.F.);
#460=ORIENTED_EDGE('',*,*,#552,.T.);
#461=ORIENTED_EDGE('',*,*,#644,.T.);
#462=ORIENTED_EDGE('',*,*,#546,.F.);
#463=ORIENTED_EDGE('',*,*,#594,.F.);
#464=ORIENTED_EDGE('',*,*,#548,.T.);
#465=ORIENTED_EDGE('',*,*,#643,.T.);
#466=ORIENTED_EDGE('',*,*,#542,.F.);
#467=ORIENTED_EDGE('',*,*,#595,.F.);
#468=ORIENTED_EDGE('',*,*,#544,.T.);
#469=ORIENTED_EDGE('',*,*,#642,.T.);
#470=ORIENTED_EDGE('',*,*,#538,.F.);
#471=ORIENTED_EDGE('',*,*,#596,.F.);
#472=ORIENTED_EDGE('',*,*,#540,.T.);
#473=ORIENTED_EDGE('',*,*,#641,.T.);
#474=ORIENTED_EDGE('',*,*,#681,.F.);
#475=ORIENTED_EDGE('',*,*,#617,.T.);
#476=ORIENTED_EDGE('',*,*,#571,.T.);
#477=ORIENTED_EDGE('',*,*,#584,.T.);
#478=ORIENTED_EDGE('',*,*,#567,.T.);
#479=ORIENTED_EDGE('',*,*,#582,.T.);
#480=ORIENTED_EDGE('',*,*,#563,.T.);
#481=ORIENTED_EDGE('',*,*,#580,.T.);
#482=ORIENTED_EDGE('',*,*,#559,.T.);
#483=ORIENTED_EDGE('',*,*,#578,.T.);
#484=ORIENTED_EDGE('',*,*,#555,.T.);
#485=ORIENTED_EDGE('',*,*,#576,.T.);
#486=ORIENTED_EDGE('',*,*,#620,.T.);
#487=ORIENTED_EDGE('',*,*,#597,.F.);
#488=ORIENTED_EDGE('',*,*,#569,.F.);
#489=ORIENTED_EDGE('',*,*,#619,.T.);
#490=ORIENTED_EDGE('',*,*,#682,.T.);
#491=ORIENTED_EDGE('',*,*,#599,.F.);
#492=ORIENTED_EDGE('',*,*,#573,.F.);
#493=ORIENTED_EDGE('',*,*,#553,.F.);
#494=ORIENTED_EDGE('',*,*,#577,.F.);
#495=ORIENTED_EDGE('',*,*,#557,.F.);
#496=ORIENTED_EDGE('',*,*,#579,.F.);
#497=ORIENTED_EDGE('',*,*,#561,.F.);
#498=ORIENTED_EDGE('',*,*,#581,.F.);
#499=ORIENTED_EDGE('',*,*,#565,.F.);
#500=ORIENTED_EDGE('',*,*,#583,.F.);
#501=ORIENTED_EDGE('',*,*,#682,.F.);
#502=ORIENTED_EDGE('',*,*,#618,.T.);
#503=ORIENTED_EDGE('',*,*,#681,.T.);
#504=ORIENTED_EDGE('',*,*,#600,.F.);
#505=ORIENTED_EDGE('',*,*,#621,.T.);
#506=ORIENTED_EDGE('',*,*,#683,.F.);
#507=ORIENTED_EDGE('',*,*,#661,.F.);
#508=ORIENTED_EDGE('',*,*,#684,.T.);
#509=ORIENTED_EDGE('',*,*,#622,.T.);
#510=ORIENTED_EDGE('',*,*,#684,.F.);
#511=ORIENTED_EDGE('',*,*,#664,.F.);
#512=ORIENTED_EDGE('',*,*,#685,.T.);
#513=ORIENTED_EDGE('',*,*,#623,.T.);
#514=ORIENTED_EDGE('',*,*,#685,.F.);
#515=ORIENTED_EDGE('',*,*,#663,.F.);
#516=ORIENTED_EDGE('',*,*,#686,.T.);
#517=ORIENTED_EDGE('',*,*,#624,.T.);
#518=ORIENTED_EDGE('',*,*,#686,.F.);
#519=ORIENTED_EDGE('',*,*,#662,.F.);
#520=ORIENTED_EDGE('',*,*,#683,.T.);
#521=ORIENTED_EDGE('',*,*,#611,.F.);
#522=ORIENTED_EDGE('',*,*,#672,.F.);
#523=ORIENTED_EDGE('',*,*,#654,.F.);
#524=ORIENTED_EDGE('',*,*,#671,.F.);
#525=ORIENTED_EDGE('',*,*,#615,.F.);
#526=ORIENTED_EDGE('',*,*,#668,.F.);
#527=ORIENTED_EDGE('',*,*,#650,.F.);
#528=ORIENTED_EDGE('',*,*,#667,.F.);
#529=ORIENTED_EDGE('',*,*,#603,.F.);
#530=ORIENTED_EDGE('',*,*,#680,.F.);
#531=ORIENTED_EDGE('',*,*,#646,.F.);
#532=ORIENTED_EDGE('',*,*,#679,.F.);
#533=ORIENTED_EDGE('',*,*,#607,.F.);
#534=ORIENTED_EDGE('',*,*,#676,.F.);
#535=ORIENTED_EDGE('',*,*,#658,.F.);
#536=ORIENTED_EDGE('',*,*,#675,.F.);
#537=EDGE_CURVE('NONE',#687,#688,#787,.T.);
#538=EDGE_CURVE('NONE',#687,#689,#65,.T.);
#539=EDGE_CURVE('NONE',#689,#690,#788,.T.);
#540=EDGE_CURVE('NONE',#688,#690,#66,.T.);
#541=EDGE_CURVE('NONE',#691,#692,#789,.T.);
#542=EDGE_CURVE('NONE',#691,#693,#67,.T.);
#543=EDGE_CURVE('NONE',#693,#694,#790,.T.);
#544=EDGE_CURVE('NONE',#692,#694,#68,.T.);
#545=EDGE_CURVE('NONE',#695,#696,#791,.T.);
#546=EDGE_CURVE('NONE',#695,#697,#69,.T.);
#547=EDGE_CURVE('NONE',#697,#698,#792,.T.);
#548=EDGE_CURVE('NONE',#696,#698,#70,.T.);
#549=EDGE_CURVE('NONE',#699,#700,#793,.T.);
#550=EDGE_CURVE('NONE',#699,#701,#71,.T.);
#551=EDGE_CURVE('NONE',#701,#702,#794,.T.);
#552=EDGE_CURVE('NONE',#700,#702,#72,.T.);
#553=EDGE_CURVE('NONE',#703,#704,#38,.T.);
#554=EDGE_CURVE('NONE',#704,#705,#73,.T.);
#555=EDGE_CURVE('NONE',#706,#705,#39,.F.);
#556=EDGE_CURVE('NONE',#703,#706,#74,.T.);
#557=EDGE_CURVE('NONE',#707,#708,#40,.T.);
#558=EDGE_CURVE('NONE',#708,#709,#75,.T.);
#559=EDGE_CURVE('NONE',#710,#709,#41,.F.);
#560=EDGE_CURVE('NONE',#707,#710,#76,.T.);
#561=EDGE_CURVE('NONE',#711,#712,#42,.T.);
#562=EDGE_CURVE('NONE',#712,#713,#77,.T.);
#563=EDGE_CURVE('NONE',#714,#713,#43,.F.);
#564=EDGE_CURVE('NONE',#711,#714,#78,.T.);
#565=EDGE_CURVE('NONE',#715,#716,#44,.T.);
#566=EDGE_CURVE('NONE',#716,#717,#79,.T.);
#567=EDGE_CURVE('NONE',#718,#717,#45,.F.);
#568=EDGE_CURVE('NONE',#715,#718,#80,.T.);
#569=EDGE_CURVE('NONE',#719,#720,#46,.T.);
#570=EDGE_CURVE('NONE',#720,#721,#81,.T.);
#571=EDGE_CURVE('NONE',#722,#721,#47,.F.);
#572=EDGE_CURVE('NONE',#722,#719,#795,.T.);
#573=EDGE_CURVE('NONE',#704,#723,#48,.T.);
#574=EDGE_CURVE('NONE',#724,#723,#796,.T.);
#575=EDGE_CURVE('NONE',#724,#725,#82,.T.);
#576=EDGE_CURVE('NONE',#705,#725,#49,.F.);
#577=EDGE_CURVE('NONE',#708,#703,#50,.T.);
#578=EDGE_CURVE('NONE',#709,#706,#51,.F.);
#579=EDGE_CURVE('NONE',#712,#707,#52,.T.);
#580=EDGE_CURVE('NONE',#713,#710,#53,.F.);
#581=EDGE_CURVE('NONE',#716,#711,#54,.T.);
#582=EDGE_CURVE('NONE',#717,#714,#55,.F.);
#583=EDGE_CURVE('NONE',#720,#715,#56,.T.);
#584=EDGE_CURVE('NONE',#721,#718,#57,.F.);
#585=EDGE_CURVE('NONE',#726,#727,#797,.F.);
#586=EDGE_CURVE('NONE',#727,#728,#83,.F.);
#587=EDGE_CURVE('NONE',#728,#729,#798,.F.);
#588=EDGE_CURVE('NONE',#729,#730,#84,.T.);
#589=EDGE_CURVE('NONE',#730,#731,#799,.F.);
#590=EDGE_CURVE('NONE',#731,#732,#85,.T.);
#591=EDGE_CURVE('NONE',#732,#733,#800,.F.);
#592=EDGE_CURVE('NONE',#733,#726,#86,.F.);
#593=EDGE_CURVE('NONE',#700,#699,#801,.T.);
#594=EDGE_CURVE('NONE',#696,#695,#802,.T.);
#595=EDGE_CURVE('NONE',#692,#691,#803,.T.);
#596=EDGE_CURVE('NONE',#688,#687,#804,.T.);
#597=EDGE_CURVE('NONE',#734,#735,#58,.T.);
#598=EDGE_CURVE('NONE',#735,#724,#805,.T.);
#599=EDGE_CURVE('NONE',#723,#736,#59,.T.);
#600=EDGE_CURVE('NONE',#736,#734,#806,.T.);
#601=EDGE_CURVE('NONE',#737,#738,#87,.T.);
#602=EDGE_CURVE('NONE',#738,#739,#88,.T.);
#603=EDGE_CURVE('',#739,#740,#807,.F.);
#604=EDGE_CURVE('NONE',#741,#740,#89,.T.);
#605=EDGE_CURVE('NONE',#742,#741,#90,.F.);
#606=EDGE_CURVE('NONE',#742,#743,#91,.F.);
#607=EDGE_CURVE('',#743,#744,#808,.F.);
#608=EDGE_CURVE('NONE',#745,#744,#92,.F.);
#609=EDGE_CURVE('NONE',#746,#745,#93,.F.);
#610=EDGE_CURVE('NONE',#746,#747,#94,.F.);
#611=EDGE_CURVE('',#747,#748,#809,.F.);
#612=EDGE_CURVE('NONE',#749,#748,#95,.F.);
#613=EDGE_CURVE('NONE',#749,#750,#96,.F.);
#614=EDGE_CURVE('NONE',#750,#751,#97,.T.);
#615=EDGE_CURVE('',#751,#752,#810,.F.);
#616=EDGE_CURVE('NONE',#737,#752,#98,.T.);
#617=EDGE_CURVE('NONE',#753,#722,#60,.T.);
#618=EDGE_CURVE('NONE',#754,#753,#811,.T.);
#619=EDGE_CURVE('NONE',#719,#754,#61,.T.);
#620=EDGE_CURVE('NONE',#725,#735,#62,.F.);
#621=EDGE_CURVE('NONE',#755,#756,#99,.T.);
#622=EDGE_CURVE('NONE',#757,#755,#100,.F.);
#623=EDGE_CURVE('NONE',#758,#757,#101,.F.);
#624=EDGE_CURVE('NONE',#756,#758,#102,.T.);
#625=EDGE_CURVE('NONE',#759,#760,#812,.F.);
#626=EDGE_CURVE('NONE',#761,#759,#103,.F.);
#627=EDGE_CURVE('NONE',#762,#761,#813,.F.);
#628=EDGE_CURVE('NONE',#763,#762,#104,.F.);
#629=EDGE_CURVE('NONE',#764,#763,#814,.F.);
#630=EDGE_CURVE('NONE',#765,#764,#105,.T.);
#631=EDGE_CURVE('NONE',#766,#765,#815,.F.);
#632=EDGE_CURVE('NONE',#760,#766,#106,.F.);
#633=EDGE_CURVE('NONE',#727,#760,#107,.F.);
#634=EDGE_CURVE('NONE',#726,#759,#108,.T.);
#635=EDGE_CURVE('NONE',#728,#766,#109,.T.);
#636=EDGE_CURVE('NONE',#729,#765,#110,.F.);
#637=EDGE_CURVE('NONE',#730,#764,#111,.T.);
#638=EDGE_CURVE('NONE',#731,#763,#112,.T.);
#639=EDGE_CURVE('NONE',#732,#762,#113,.T.);
#640=EDGE_CURVE('NONE',#733,#761,#114,.T.);
#641=EDGE_CURVE('NONE',#690,#689,#816,.T.);
#642=EDGE_CURVE('NONE',#694,#693,#817,.T.);
#643=EDGE_CURVE('NONE',#698,#697,#818,.T.);
#644=EDGE_CURVE('NONE',#702,#701,#819,.T.);
#645=EDGE_CURVE('NONE',#767,#768,#115,.F.);
#646=EDGE_CURVE('',#768,#769,#820,.T.);
#647=EDGE_CURVE('NONE',#770,#769,#116,.T.);
#648=EDGE_CURVE('NONE',#771,#770,#117,.F.);
#649=EDGE_CURVE('NONE',#771,#772,#118,.T.);
#650=EDGE_CURVE('',#772,#773,#821,.T.);
#651=EDGE_CURVE('NONE',#774,#773,#119,.F.);
#652=EDGE_CURVE('NONE',#775,#774,#120,.F.);
#653=EDGE_CURVE('NONE',#775,#776,#121,.T.);
#654=EDGE_CURVE('',#776,#777,#822,.T.);
#655=EDGE_CURVE('NONE',#778,#777,#122,.F.);
#656=EDGE_CURVE('NONE',#778,#779,#123,.T.);
#657=EDGE_CURVE('NONE',#779,#780,#124,.F.);
#658=EDGE_CURVE('',#780,#781,#823,.T.);
#659=EDGE_CURVE('NONE',#782,#781,#125,.T.);
#660=EDGE_CURVE('NONE',#782,#767,#126,.F.);
#661=EDGE_CURVE('NONE',#783,#784,#127,.T.);
#662=EDGE_CURVE('NONE',#784,#785,#128,.F.);
#663=EDGE_CURVE('NONE',#785,#786,#129,.F.);
#664=EDGE_CURVE('NONE',#786,#783,#130,.T.);
#665=EDGE_CURVE('NONE',#738,#770,#131,.F.);
#666=EDGE_CURVE('NONE',#737,#771,#132,.F.);
#667=EDGE_CURVE('',#752,#772,#133,.T.);
#668=EDGE_CURVE('',#773,#751,#134,.F.);
#669=EDGE_CURVE('NONE',#750,#774,#135,.T.);
#670=EDGE_CURVE('NONE',#749,#775,#136,.T.);
#671=EDGE_CURVE('',#748,#776,#137,.T.);
#672=EDGE_CURVE('',#777,#747,#138,.F.);
#673=EDGE_CURVE('NONE',#746,#778,#139,.T.);
#674=EDGE_CURVE('NONE',#745,#779,#140,.T.);
#675=EDGE_CURVE('',#744,#780,#141,.T.);
#676=EDGE_CURVE('',#781,#743,#142,.F.);
#677=EDGE_CURVE('NONE',#742,#782,#143,.F.);
#678=EDGE_CURVE('NONE',#741,#767,#144,.T.);
#679=EDGE_CURVE('',#740,#768,#145,.T.);
#680=EDGE_CURVE('',#769,#739,#146,.F.);
#681=EDGE_CURVE('NONE',#753,#734,#63,.F.);
#682=EDGE_CURVE('NONE',#754,#736,#64,.T.);
#683=EDGE_CURVE('NONE',#784,#756,#147,.F.);
#684=EDGE_CURVE('NONE',#783,#755,#148,.F.);
#685=EDGE_CURVE('NONE',#786,#757,#149,.T.);
#686=EDGE_CURVE('NONE',#785,#758,#150,.T.);
#687=VERTEX_POINT('',#1401);
#688=VERTEX_POINT('',#1402);
#689=VERTEX_POINT('',#1404);
#690=VERTEX_POINT('',#1406);
#691=VERTEX_POINT('',#1410);
#692=VERTEX_POINT('',#1411);
#693=VERTEX_POINT('',#1413);
#694=VERTEX_POINT('',#1415);
#695=VERTEX_POINT('',#1419);
#696=VERTEX_POINT('',#1420);
#697=VERTEX_POINT('',#1422);
#698=VERTEX_POINT('',#1424);
#699=VERTEX_POINT('',#1428);
#700=VERTEX_POINT('',#1429);
#701=VERTEX_POINT('',#1431);
#702=VERTEX_POINT('',#1433);
#703=VERTEX_POINT('',#1451);
#704=VERTEX_POINT('',#1452);
#705=VERTEX_POINT('',#1454);
#706=VERTEX_POINT('',#1470);
#707=VERTEX_POINT('',#1488);
#708=VERTEX_POINT('',#1489);
#709=VERTEX_POINT('',#1491);
#710=VERTEX_POINT('',#1507);
#711=VERTEX_POINT('',#1525);
#712=VERTEX_POINT('',#1526);
#713=VERTEX_POINT('',#1528);
#714=VERTEX_POINT('',#1544);
#715=VERTEX_POINT('',#1562);
#716=VERTEX_POINT('',#1563);
#717=VERTEX_POINT('',#1565);
#718=VERTEX_POINT('',#1581);
#719=VERTEX_POINT('',#1598);
#720=VERTEX_POINT('',#1599);
#721=VERTEX_POINT('',#1601);
#722=VERTEX_POINT('',#1610);
#723=VERTEX_POINT('',#1623);
#724=VERTEX_POINT('',#1625);
#725=VERTEX_POINT('',#1627);
#726=VERTEX_POINT('',#1769);
#727=VERTEX_POINT('',#1770);
#728=VERTEX_POINT('',#1772);
#729=VERTEX_POINT('',#1774);
#730=VERTEX_POINT('',#1776);
#731=VERTEX_POINT('',#1778);
#732=VERTEX_POINT('',#1780);
#733=VERTEX_POINT('',#1782);
#734=VERTEX_POINT('',#1796);
#735=VERTEX_POINT('',#1797);
#736=VERTEX_POINT('',#1808);
#737=VERTEX_POINT('',#1812);
#738=VERTEX_POINT('',#1813);
#739=VERTEX_POINT('',#1815);
#740=VERTEX_POINT('',#1817);
#741=VERTEX_POINT('',#1819);
#742=VERTEX_POINT('',#1821);
#743=VERTEX_POINT('',#1823);
#744=VERTEX_POINT('',#1825);
#745=VERTEX_POINT('',#1827);
#746=VERTEX_POINT('',#1829);
#747=VERTEX_POINT('',#1831);
#748=VERTEX_POINT('',#1833);
#749=VERTEX_POINT('',#1835);
#750=VERTEX_POINT('',#1837);
#751=VERTEX_POINT('',#1839);
#752=VERTEX_POINT('',#1841);
#753=VERTEX_POINT('',#1852);
#754=VERTEX_POINT('',#1854);
#755=VERTEX_POINT('',#1872);
#756=VERTEX_POINT('',#1873);
#757=VERTEX_POINT('',#1875);
#758=VERTEX_POINT('',#1877);
#759=VERTEX_POINT('',#1880);
#760=VERTEX_POINT('',#1881);
#761=VERTEX_POINT('',#1883);
#762=VERTEX_POINT('',#1885);
#763=VERTEX_POINT('',#1887);
#764=VERTEX_POINT('',#1889);
#765=VERTEX_POINT('',#1891);
#766=VERTEX_POINT('',#1893);
#767=VERTEX_POINT('',#1917);
#768=VERTEX_POINT('',#1918);
#769=VERTEX_POINT('',#1920);
#770=VERTEX_POINT('',#1922);
#771=VERTEX_POINT('',#1924);
#772=VERTEX_POINT('',#1926);
#773=VERTEX_POINT('',#1928);
#774=VERTEX_POINT('',#1930);
#775=VERTEX_POINT('',#1932);
#776=VERTEX_POINT('',#1934);
#777=VERTEX_POINT('',#1936);
#778=VERTEX_POINT('',#1938);
#779=VERTEX_POINT('',#1940);
#780=VERTEX_POINT('',#1942);
#781=VERTEX_POINT('',#1944);
#782=VERTEX_POINT('',#1946);
#783=VERTEX_POINT('',#1949);
#784=VERTEX_POINT('',#1950);
#785=VERTEX_POINT('',#1952);
#786=VERTEX_POINT('',#1954);
#787=CIRCLE('',#1044,0.0016);
#788=CIRCLE('',#1045,0.0016);
#789=CIRCLE('',#1047,0.0016);
#790=CIRCLE('',#1048,0.0016);
#791=CIRCLE('',#1050,0.0016);
#792=CIRCLE('',#1051,0.0016);
#793=CIRCLE('',#1053,0.0016);
#794=CIRCLE('',#1054,0.0016);
#795=CIRCLE('',#1060,0.01284);
#796=CIRCLE('',#1062,0.01284);
#797=CIRCLE('',#1068,0.002);
#798=CIRCLE('',#1069,0.002);
#799=CIRCLE('',#1070,0.002);
#800=CIRCLE('',#1071,0.002);
#801=CIRCLE('',#1072,0.0016);
#802=CIRCLE('',#1073,0.0016);
#803=CIRCLE('',#1074,0.0016);
#804=CIRCLE('',#1075,0.0016);
#805=CIRCLE('',#1076,0.01284);
#806=CIRCLE('',#1077,0.013183703830625);
#807=CIRCLE('',#1079,0.0035);
#808=CIRCLE('',#1080,0.0035);
#809=CIRCLE('',#1081,0.0035);
#810=CIRCLE('',#1082,0.0035);
#811=CIRCLE('',#1083,0.013183703830625);
#812=CIRCLE('',#1086,0.002);
#813=CIRCLE('',#1087,0.002);
#814=CIRCLE('',#1088,0.002);
#815=CIRCLE('',#1089,0.002);
#816=CIRCLE('',#1099,0.0016);
#817=CIRCLE('',#1100,0.0016);
#818=CIRCLE('',#1101,0.0016);
#819=CIRCLE('',#1102,0.0016);
#820=CIRCLE('',#1103,0.0035);
#821=CIRCLE('',#1104,0.0035);
#822=CIRCLE('',#1105,0.0035);
#823=CIRCLE('',#1106,0.0035);
#824=EDGE_LOOP('',(#237,#238,#239,#240));
#825=EDGE_LOOP('',(#241,#242,#243,#244));
#826=EDGE_LOOP('',(#245,#246,#247,#248));
#827=EDGE_LOOP('',(#249,#250,#251,#252));
#828=EDGE_LOOP('',(#253,#254,#255,#256));
#829=EDGE_LOOP('',(#257,#258,#259,#260));
#830=EDGE_LOOP('',(#261,#262,#263,#264));
#831=EDGE_LOOP('',(#265,#266,#267,#268));
#832=EDGE_LOOP('',(#269,#270,#271,#272));
#833=EDGE_LOOP('',(#273,#274,#275,#276,#277));
#834=EDGE_LOOP('',(#278,#279,#280,#281));
#835=EDGE_LOOP('',(#282,#283,#284,#285));
#836=EDGE_LOOP('',(#286,#287,#288,#289));
#837=EDGE_LOOP('',(#290,#291,#292,#293));
#838=EDGE_LOOP('',(#294,#295,#296,#297,#298,#299,#300,#301));
#839=EDGE_LOOP('',(#302,#303));
#840=EDGE_LOOP('',(#304,#305));
#841=EDGE_LOOP('',(#306,#307));
#842=EDGE_LOOP('',(#308,#309));
#843=EDGE_LOOP('',(#310,#311,#312,#313,#314));
#844=EDGE_LOOP('',(#315,#316,#317,#318,#319,#320,#321,#322,#323,#324,#325,
#326,#327,#328,#329,#330));
#845=EDGE_LOOP('',(#331,#332,#333,#334));
#846=EDGE_LOOP('',(#335,#336,#337));
#847=EDGE_LOOP('',(#338,#339,#340,#341));
#848=EDGE_LOOP('',(#342,#343,#344,#345,#346,#347,#348,#349));
#849=EDGE_LOOP('',(#350,#351,#352,#353));
#850=EDGE_LOOP('',(#354,#355,#356,#357));
#851=EDGE_LOOP('',(#358,#359,#360,#361));
#852=EDGE_LOOP('',(#362,#363,#364,#365));
#853=EDGE_LOOP('',(#366,#367,#368,#369));
#854=EDGE_LOOP('',(#370,#371,#372,#373));
#855=EDGE_LOOP('',(#374,#375,#376,#377));
#856=EDGE_LOOP('',(#378,#379,#380,#381));
#857=EDGE_LOOP('',(#382,#383));
#858=EDGE_LOOP('',(#384,#385));
#859=EDGE_LOOP('',(#386,#387));
#860=EDGE_LOOP('',(#388,#389));
#861=EDGE_LOOP('',(#390,#391,#392,#393,#394,#395,#396,#397,#398,#399,#400,
#401,#402,#403,#404,#405));
#862=EDGE_LOOP('',(#406,#407,#408,#409));
#863=EDGE_LOOP('',(#410,#411,#412,#413));
#864=EDGE_LOOP('',(#414,#415,#416,#417));
#865=EDGE_LOOP('',(#418,#419,#420,#421));
#866=EDGE_LOOP('',(#422,#423,#424,#425));
#867=EDGE_LOOP('',(#426,#427,#428,#429));
#868=EDGE_LOOP('',(#430,#431,#432,#433));
#869=EDGE_LOOP('',(#434,#435,#436,#437));
#870=EDGE_LOOP('',(#438,#439,#440,#441));
#871=EDGE_LOOP('',(#442,#443,#444,#445));
#872=EDGE_LOOP('',(#446,#447,#448,#449));
#873=EDGE_LOOP('',(#450,#451,#452,#453));
#874=EDGE_LOOP('',(#454,#455,#456,#457));
#875=EDGE_LOOP('',(#458,#459,#460,#461));
#876=EDGE_LOOP('',(#462,#463,#464,#465));
#877=EDGE_LOOP('',(#466,#467,#468,#469));
#878=EDGE_LOOP('',(#470,#471,#472,#473));
#879=EDGE_LOOP('',(#474,#475,#476,#477,#478,#479,#480,#481,#482,#483,#484,
#485,#486,#487));
#880=EDGE_LOOP('',(#488,#489,#490,#491,#492,#493,#494,#495,#496,#497,#498,
#499,#500));
#881=EDGE_LOOP('',(#501,#502,#503,#504));
#882=EDGE_LOOP('',(#505,#506,#507,#508));
#883=EDGE_LOOP('',(#509,#510,#511,#512));
#884=EDGE_LOOP('',(#513,#514,#515,#516));
#885=EDGE_LOOP('',(#517,#518,#519,#520));
#886=EDGE_LOOP('',(#521,#522,#523,#524));
#887=EDGE_LOOP('',(#525,#526,#527,#528));
#888=EDGE_LOOP('',(#529,#530,#531,#532));
#889=EDGE_LOOP('',(#533,#534,#535,#536));
#890=FACE_BOUND('',#824,.T.);
#891=FACE_BOUND('',#825,.T.);
#892=FACE_BOUND('',#826,.T.);
#893=FACE_BOUND('',#827,.T.);
#894=FACE_BOUND('',#828,.T.);
#895=FACE_BOUND('',#829,.T.);
#896=FACE_BOUND('',#830,.T.);
#897=FACE_BOUND('',#831,.T.);
#898=FACE_BOUND('',#832,.T.);
#899=FACE_BOUND('',#833,.T.);
#900=FACE_BOUND('',#834,.T.);
#901=FACE_BOUND('',#835,.T.);
#902=FACE_BOUND('',#836,.T.);
#903=FACE_BOUND('',#837,.T.);
#904=FACE_BOUND('',#838,.T.);
#905=FACE_BOUND('',#839,.T.);
#906=FACE_BOUND('',#840,.T.);
#907=FACE_BOUND('',#841,.T.);
#908=FACE_BOUND('',#842,.T.);
#909=FACE_BOUND('',#843,.T.);
#910=FACE_BOUND('',#844,.T.);
#911=FACE_BOUND('',#845,.T.);
#912=FACE_BOUND('',#846,.T.);
#913=FACE_BOUND('',#847,.T.);
#914=FACE_BOUND('',#848,.T.);
#915=FACE_BOUND('',#849,.T.);
#916=FACE_BOUND('',#850,.T.);
#917=FACE_BOUND('',#851,.T.);
#918=FACE_BOUND('',#852,.T.);
#919=FACE_BOUND('',#853,.T.);
#920=FACE_BOUND('',#854,.T.);
#921=FACE_BOUND('',#855,.T.);
#922=FACE_BOUND('',#856,.T.);
#923=FACE_BOUND('',#857,.T.);
#924=FACE_BOUND('',#858,.T.);
#925=FACE_BOUND('',#859,.T.);
#926=FACE_BOUND('',#860,.T.);
#927=FACE_BOUND('',#861,.T.);
#928=FACE_BOUND('',#862,.T.);
#929=FACE_BOUND('',#863,.T.);
#930=FACE_BOUND('',#864,.T.);
#931=FACE_BOUND('',#865,.T.);
#932=FACE_BOUND('',#866,.T.);
#933=FACE_BOUND('',#867,.T.);
#934=FACE_BOUND('',#868,.T.);
#935=FACE_BOUND('',#869,.T.);
#936=FACE_BOUND('',#870,.T.);
#937=FACE_BOUND('',#871,.T.);
#938=FACE_BOUND('',#872,.T.);
#939=FACE_BOUND('',#873,.T.);
#940=FACE_BOUND('',#874,.T.);
#941=FACE_BOUND('',#875,.T.);
#942=FACE_BOUND('',#876,.T.);
#943=FACE_BOUND('',#877,.T.);
#944=FACE_BOUND('',#878,.T.);
#945=FACE_BOUND('',#879,.T.);
#946=FACE_BOUND('',#880,.T.);
#947=FACE_BOUND('',#881,.T.);
#948=FACE_BOUND('',#882,.T.);
#949=FACE_BOUND('',#883,.T.);
#950=FACE_BOUND('',#884,.T.);
#951=FACE_BOUND('',#885,.T.);
#952=FACE_BOUND('',#886,.T.);
#953=FACE_BOUND('',#887,.T.);
#954=FACE_BOUND('',#888,.T.);
#955=FACE_BOUND('',#889,.T.);
#956=CYLINDRICAL_SURFACE('',#1043,0.0016);
#957=CYLINDRICAL_SURFACE('',#1046,0.0016);
#958=CYLINDRICAL_SURFACE('',#1049,0.0016);
#959=CYLINDRICAL_SURFACE('',#1052,0.0016);
#960=CYLINDRICAL_SURFACE('',#1055,0.01284);
#961=CYLINDRICAL_SURFACE('',#1056,0.01284);
#962=CYLINDRICAL_SURFACE('',#1057,0.01284);
#963=CYLINDRICAL_SURFACE('',#1058,0.01284);
#964=CYLINDRICAL_SURFACE('',#1059,0.01284);
#965=CYLINDRICAL_SURFACE('',#1061,0.01284);
#966=CYLINDRICAL_SURFACE('',#1063,0.01284);
#967=CYLINDRICAL_SURFACE('',#1064,0.01284);
#968=CYLINDRICAL_SURFACE('',#1065,0.01284);
#969=CYLINDRICAL_SURFACE('',#1066,0.01284);
#970=CYLINDRICAL_SURFACE('',#1084,0.01284);
#971=CYLINDRICAL_SURFACE('',#1090,0.002);
#972=CYLINDRICAL_SURFACE('',#1092,0.002);
#973=CYLINDRICAL_SURFACE('',#1094,0.002);
#974=CYLINDRICAL_SURFACE('',#1096,0.002);
#975=CYLINDRICAL_SURFACE('',#1119,0.0016);
#976=CYLINDRICAL_SURFACE('',#1120,0.0016);
#977=CYLINDRICAL_SURFACE('',#1121,0.0016);
#978=CYLINDRICAL_SURFACE('',#1122,0.0016);
#979=CYLINDRICAL_SURFACE('',#1123,0.013183703830625);
#980=CYLINDRICAL_SURFACE('',#1128,0.0035);
#981=CYLINDRICAL_SURFACE('',#1129,0.0035);
#982=CYLINDRICAL_SURFACE('',#1130,0.0035);
#983=CYLINDRICAL_SURFACE('',#1131,0.0035);
#984=ADVANCED_FACE('NONE',(#890),#956,.F.);
#985=ADVANCED_FACE('NONE',(#891),#957,.F.);
#986=ADVANCED_FACE('NONE',(#892),#958,.F.);
#987=ADVANCED_FACE('NONE',(#893),#959,.F.);
#988=ADVANCED_FACE('NONE',(#894),#960,.F.);
#989=ADVANCED_FACE('NONE',(#895),#961,.F.);
#990=ADVANCED_FACE('NONE',(#896),#962,.F.);
#991=ADVANCED_FACE('NONE',(#897),#963,.F.);
#992=ADVANCED_FACE('NONE',(#898),#964,.F.);
#993=ADVANCED_FACE('NONE',(#899),#965,.F.);
#994=ADVANCED_FACE('NONE',(#900),#966,.F.);
#995=ADVANCED_FACE('NONE',(#901),#967,.F.);
#996=ADVANCED_FACE('NONE',(#902),#968,.F.);
#997=ADVANCED_FACE('NONE',(#903),#969,.F.);
#998=ADVANCED_FACE('NONE',(#904,#905,#906,#907,#908,#909),#14,.F.);
#999=ADVANCED_FACE('NONE',(#910,#911),#15,.T.);
#1000=ADVANCED_FACE('NONE',(#912),#970,.F.);
#1001=ADVANCED_FACE('NONE',(#913,#914),#16,.T.);
#1002=ADVANCED_FACE('NONE',(#915),#971,.T.);
#1003=ADVANCED_FACE('NONE',(#916),#17,.F.);
#1004=ADVANCED_FACE('NONE',(#917),#972,.T.);
#1005=ADVANCED_FACE('NONE',(#918),#18,.F.);
#1006=ADVANCED_FACE('NONE',(#919),#973,.T.);
#1007=ADVANCED_FACE('NONE',(#920),#19,.F.);
#1008=ADVANCED_FACE('NONE',(#921),#974,.T.);
#1009=ADVANCED_FACE('NONE',(#922),#20,.F.);
#1010=ADVANCED_FACE('NONE',(#923,#924,#925,#926,#927,#928),#21,.T.);
#1011=ADVANCED_FACE('NONE',(#929),#22,.F.);
#1012=ADVANCED_FACE('NONE',(#930),#23,.T.);
#1013=ADVANCED_FACE('NONE',(#931),#24,.F.);
#1014=ADVANCED_FACE('NONE',(#932),#25,.F.);
#1015=ADVANCED_FACE('NONE',(#933),#26,.T.);
#1016=ADVANCED_FACE('NONE',(#934),#27,.F.);
#1017=ADVANCED_FACE('NONE',(#935),#28,.T.);
#1018=ADVANCED_FACE('NONE',(#936),#29,.T.);
#1019=ADVANCED_FACE('NONE',(#937),#30,.F.);
#1020=ADVANCED_FACE('NONE',(#938),#31,.T.);
#1021=ADVANCED_FACE('NONE',(#939),#32,.T.);
#1022=ADVANCED_FACE('NONE',(#940),#33,.F.);
#1023=ADVANCED_FACE('NONE',(#941),#975,.F.);
#1024=ADVANCED_FACE('NONE',(#942),#976,.F.);
#1025=ADVANCED_FACE('NONE',(#943),#977,.F.);
#1026=ADVANCED_FACE('NONE',(#944),#978,.F.);
#1027=ADVANCED_FACE('NONE',(#945),#12,.T.);
#1028=ADVANCED_FACE('NONE',(#946),#13,.T.);
#1029=ADVANCED_FACE('NONE',(#947),#979,.F.);
#1030=ADVANCED_FACE('NONE',(#948),#34,.F.);
#1031=ADVANCED_FACE('NONE',(#949),#35,.F.);
#1032=ADVANCED_FACE('NONE',(#950),#36,.F.);
#1033=ADVANCED_FACE('NONE',(#951),#37,.F.);
#1034=ADVANCED_FACE('',(#952),#980,.T.);
#1035=ADVANCED_FACE('',(#953),#981,.T.);
#1036=ADVANCED_FACE('',(#954),#982,.T.);
#1037=ADVANCED_FACE('',(#955),#983,.T.);
#1038=CLOSED_SHELL('',(#984,#985,#986,#987,#988,#989,#990,#991,#992,#993,
#994,#995,#996,#997,#998,#999,#1000,#1001,#1002,#1003,#1004,#1005,#1006,
#1007,#1008,#1009,#1010,#1011,#1012,#1013,#1014,#1015,#1016,#1017,#1018,
#1019,#1020,#1021,#1022,#1023,#1024,#1025,#1026,#1027,#1028,#1029,#1030,
#1031,#1032,#1033,#1034,#1035,#1036,#1037));
#1039=MANIFOLD_SOLID_BREP('\X\C7\X\D0\X\B3\X\FD-\X\C0\X\AD\X\C9\X\EC5',
#1038);
#1040=SHAPE_DEFINITION_REPRESENTATION(#3776,#1041);
#1041=SHAPE_REPRESENTATION('\X\C7\X\D0\X\B3\X\FD-\X\C0\X\AD\X\C9\X\EC5',
(#1042),#3771);
#1042=AXIS2_PLACEMENT_3D('',#1398,#1132,#1133);
#1043=AXIS2_PLACEMENT_3D('',#1399,#1134,#1135);
#1044=AXIS2_PLACEMENT_3D('',#1400,#1136,#1137);
#1045=AXIS2_PLACEMENT_3D('',#1405,#1139,#1140);
#1046=AXIS2_PLACEMENT_3D('',#1408,#1142,#1143);
#1047=AXIS2_PLACEMENT_3D('',#1409,#1144,#1145);
#1048=AXIS2_PLACEMENT_3D('',#1414,#1147,#1148);
#1049=AXIS2_PLACEMENT_3D('',#1417,#1150,#1151);
#1050=AXIS2_PLACEMENT_3D('',#1418,#1152,#1153);
#1051=AXIS2_PLACEMENT_3D('',#1423,#1155,#1156);
#1052=AXIS2_PLACEMENT_3D('',#1426,#1158,#1159);
#1053=AXIS2_PLACEMENT_3D('',#1427,#1160,#1161);
#1054=AXIS2_PLACEMENT_3D('',#1432,#1163,#1164);
#1055=AXIS2_PLACEMENT_3D('',#1435,#1166,#1167);
#1056=AXIS2_PLACEMENT_3D('',#1472,#1170,#1171);
#1057=AXIS2_PLACEMENT_3D('',#1509,#1174,#1175);
#1058=AXIS2_PLACEMENT_3D('',#1546,#1178,#1179);
#1059=AXIS2_PLACEMENT_3D('',#1583,#1182,#1183);
#1060=AXIS2_PLACEMENT_3D('',#1611,#1185,#1186);
#1061=AXIS2_PLACEMENT_3D('',#1612,#1187,#1188);
#1062=AXIS2_PLACEMENT_3D('',#1624,#1189,#1190);
#1063=AXIS2_PLACEMENT_3D('',#1643,#1192,#1193);
#1064=AXIS2_PLACEMENT_3D('',#1674,#1194,#1195);
#1065=AXIS2_PLACEMENT_3D('',#1705,#1196,#1197);
#1066=AXIS2_PLACEMENT_3D('',#1736,#1198,#1199);
#1067=AXIS2_PLACEMENT_3D('',#1767,#1200,#1201);
#1068=AXIS2_PLACEMENT_3D('',#1768,#1202,#1203);
#1069=AXIS2_PLACEMENT_3D('',#1773,#1205,#1206);
#1070=AXIS2_PLACEMENT_3D('',#1777,#1208,#1209);
#1071=AXIS2_PLACEMENT_3D('',#1781,#1211,#1212);
#1072=AXIS2_PLACEMENT_3D('',#1784,#1214,#1215);
#1073=AXIS2_PLACEMENT_3D('',#1785,#1216,#1217);
#1074=AXIS2_PLACEMENT_3D('',#1786,#1218,#1219);
#1075=AXIS2_PLACEMENT_3D('',#1787,#1220,#1221);
#1076=AXIS2_PLACEMENT_3D('',#1798,#1222,#1223);
#1077=AXIS2_PLACEMENT_3D('',#1809,#1224,#1225);
#1078=AXIS2_PLACEMENT_3D('',#1810,#1226,#1227);
#1079=AXIS2_PLACEMENT_3D('',#1816,#1230,#1231);
#1080=AXIS2_PLACEMENT_3D('',#1824,#1235,#1236);
#1081=AXIS2_PLACEMENT_3D('',#1832,#1240,#1241);
#1082=AXIS2_PLACEMENT_3D('',#1840,#1245,#1246);
#1083=AXIS2_PLACEMENT_3D('',#1853,#1248,#1249);
#1084=AXIS2_PLACEMENT_3D('',#1865,#1250,#1251);
#1085=AXIS2_PLACEMENT_3D('',#1870,#1252,#1253);
#1086=AXIS2_PLACEMENT_3D('',#1879,#1258,#1259);
#1087=AXIS2_PLACEMENT_3D('',#1884,#1261,#1262);
#1088=AXIS2_PLACEMENT_3D('',#1888,#1264,#1265);
#1089=AXIS2_PLACEMENT_3D('',#1892,#1267,#1268);
#1090=AXIS2_PLACEMENT_3D('',#1895,#1270,#1271);
#1091=AXIS2_PLACEMENT_3D('',#1898,#1274,#1275);
#1092=AXIS2_PLACEMENT_3D('',#1900,#1277,#1278);
#1093=AXIS2_PLACEMENT_3D('',#1902,#1280,#1281);
#1094=AXIS2_PLACEMENT_3D('',#1904,#1283,#1284);
#1095=AXIS2_PLACEMENT_3D('',#1906,#1286,#1287);
#1096=AXIS2_PLACEMENT_3D('',#1908,#1289,#1290);
#1097=AXIS2_PLACEMENT_3D('',#1910,#1292,#1293);
#1098=AXIS2_PLACEMENT_3D('',#1911,#1294,#1295);
#1099=AXIS2_PLACEMENT_3D('',#1912,#1296,#1297);
#1100=AXIS2_PLACEMENT_3D('',#1913,#1298,#1299);
#1101=AXIS2_PLACEMENT_3D('',#1914,#1300,#1301);
#1102=AXIS2_PLACEMENT_3D('',#1915,#1302,#1303);
#1103=AXIS2_PLACEMENT_3D('',#1919,#1305,#1306);
#1104=AXIS2_PLACEMENT_3D('',#1927,#1310,#1311);
#1105=AXIS2_PLACEMENT_3D('',#1935,#1315,#1316);
#1106=AXIS2_PLACEMENT_3D('',#1943,#1320,#1321);
#1107=AXIS2_PLACEMENT_3D('',#1956,#1328,#1329);
#1108=AXIS2_PLACEMENT_3D('',#1959,#1332,#1333);
#1109=AXIS2_PLACEMENT_3D('',#1961,#1335,#1336);
#1110=AXIS2_PLACEMENT_3D('',#1964,#1339,#1340);
#1111=AXIS2_PLACEMENT_3D('',#1966,#1342,#1343);
#1112=AXIS2_PLACEMENT_3D('',#1968,#1345,#1346);
#1113=AXIS2_PLACEMENT_3D('',#1971,#1349,#1350);
#1114=AXIS2_PLACEMENT_3D('',#1973,#1352,#1353);
#1115=AXIS2_PLACEMENT_3D('',#1975,#1355,#1356);
#1116=AXIS2_PLACEMENT_3D('',#1978,#1359,#1360);
#1117=AXIS2_PLACEMENT_3D('',#1980,#1362,#1363);
#1118=AXIS2_PLACEMENT_3D('',#1982,#1365,#1366);
#1119=AXIS2_PLACEMENT_3D('',#1984,#1368,#1369);
#1120=AXIS2_PLACEMENT_3D('',#1985,#1370,#1371);
#1121=AXIS2_PLACEMENT_3D('',#1986,#1372,#1373);
#1122=AXIS2_PLACEMENT_3D('',#1987,#1374,#1375);
#1123=AXIS2_PLACEMENT_3D('',#3758,#1376,#1377);
#1124=AXIS2_PLACEMENT_3D('',#3759,#1378,#1379);
#1125=AXIS2_PLACEMENT_3D('',#3762,#1382,#1383);
#1126=AXIS2_PLACEMENT_3D('',#3764,#1385,#1386);
#1127=AXIS2_PLACEMENT_3D('',#3766,#1388,#1389);
#1128=AXIS2_PLACEMENT_3D('',#3767,#1390,#1391);
#1129=AXIS2_PLACEMENT_3D('',#3768,#1392,#1393);
#1130=AXIS2_PLACEMENT_3D('',#3769,#1394,#1395);
#1131=AXIS2_PLACEMENT_3D('',#3770,#1396,#1397);
#1132=DIRECTION('',(0.,0.,1.));
#1133=DIRECTION('',(1.,0.,0.));
#1134=DIRECTION('',(0.,1.,0.));
#1135=DIRECTION('',(-1.,0.,0.));
#1136=DIRECTION('',(0.,1.,0.));
#1137=DIRECTION('',(-1.,0.,0.));
#1138=DIRECTION('',(0.,1.,0.));
#1139=DIRECTION('',(0.,1.,0.));
#1140=DIRECTION('',(-1.,0.,0.));
#1141=DIRECTION('',(0.,1.,0.));
#1142=DIRECTION('',(0.,1.,0.));
#1143=DIRECTION('',(-1.,0.,0.));
#1144=DIRECTION('',(0.,1.,0.));
#1145=DIRECTION('',(-1.,0.,0.));
#1146=DIRECTION('',(0.,1.,0.));
#1147=DIRECTION('',(0.,1.,0.));
#1148=DIRECTION('',(-1.,0.,0.));
#1149=DIRECTION('',(0.,1.,0.));
#1150=DIRECTION('',(0.,1.,0.));
#1151=DIRECTION('',(-1.,0.,0.));
#1152=DIRECTION('',(0.,1.,0.));
#1153=DIRECTION('',(-1.,0.,0.));
#1154=DIRECTION('',(0.,1.,0.));
#1155=DIRECTION('',(0.,1.,0.));
#1156=DIRECTION('',(-1.,0.,0.));
#1157=DIRECTION('',(0.,1.,0.));
#1158=DIRECTION('',(0.,1.,0.));
#1159=DIRECTION('',(-1.,0.,0.));
#1160=DIRECTION('',(0.,1.,0.));
#1161=DIRECTION('',(-1.,0.,0.));
#1162=DIRECTION('',(0.,1.,0.));
#1163=DIRECTION('',(0.,1.,0.));
#1164=DIRECTION('',(-1.,0.,0.));
#1165=DIRECTION('',(0.,1.,0.));
#1166=DIRECTION('',(0.,1.,0.));
#1167=DIRECTION('',(-1.,0.,0.));
#1168=DIRECTION('',(0.,1.,0.));
#1169=DIRECTION('',(0.,1.,0.));
#1170=DIRECTION('',(0.,1.,0.));
#1171=DIRECTION('',(-1.,0.,0.));
#1172=DIRECTION('',(0.,1.,0.));
#1173=DIRECTION('',(0.,1.,0.));
#1174=DIRECTION('',(0.,1.,0.));
#1175=DIRECTION('',(-1.,0.,0.));
#1176=DIRECTION('',(0.,1.,0.));
#1177=DIRECTION('',(0.,1.,0.));
#1178=DIRECTION('',(0.,1.,0.));
#1179=DIRECTION('',(-1.,0.,0.));
#1180=DIRECTION('',(0.,1.,0.));
#1181=DIRECTION('',(0.,1.,0.));
#1182=DIRECTION('',(0.,1.,0.));
#1183=DIRECTION('',(-1.,0.,0.));
#1184=DIRECTION('',(0.,1.,0.));
#1185=DIRECTION('',(0.,1.,0.));
#1186=DIRECTION('',(-1.,0.,0.));
#1187=DIRECTION('',(0.,1.,0.));
#1188=DIRECTION('',(-1.,0.,0.));
#1189=DIRECTION('',(0.,1.,0.));
#1190=DIRECTION('',(-1.,0.,0.));
#1191=DIRECTION('',(0.,1.,0.));
#1192=DIRECTION('',(0.,1.,0.));
#1193=DIRECTION('',(-1.,0.,0.));
#1194=DIRECTION('',(0.,1.,0.));
#1195=DIRECTION('',(-1.,0.,0.));
#1196=DIRECTION('',(0.,1.,0.));
#1197=DIRECTION('',(-1.,0.,0.));
#1198=DIRECTION('',(0.,1.,0.));
#1199=DIRECTION('',(-1.,0.,0.));
#1200=DIRECTION('',(0.,1.,0.));
#1201=DIRECTION('',(-1.,0.,0.));
#1202=DIRECTION('',(0.,1.,0.));
#1203=DIRECTION('',(-1.,0.,0.));
#1204=DIRECTION('',(-1.,0.,0.));
#1205=DIRECTION('',(0.,1.,0.));
#1206=DIRECTION('',(-1.,0.,0.));
#1207=DIRECTION('',(0.,0.,1.));
#1208=DIRECTION('',(0.,1.,0.));
#1209=DIRECTION('',(-1.,0.,0.));
#1210=DIRECTION('',(-1.,0.,0.));
#1211=DIRECTION('',(0.,1.,0.));
#1212=DIRECTION('',(-1.,0.,0.));
#1213=DIRECTION('',(0.,0.,1.));
#1214=DIRECTION('',(0.,1.,0.));
#1215=DIRECTION('',(-1.,0.,0.));
#1216=DIRECTION('',(0.,1.,0.));
#1217=DIRECTION('',(-1.,0.,0.));
#1218=DIRECTION('',(0.,1.,0.));
#1219=DIRECTION('',(-1.,0.,0.));
#1220=DIRECTION('',(0.,1.,0.));
#1221=DIRECTION('',(-1.,0.,0.));
#1222=DIRECTION('',(0.,1.,0.));
#1223=DIRECTION('',(-1.,0.,0.));
#1224=DIRECTION('',(-2.922225479934E-15,1.,1.47365203737131E-15));
#1225=DIRECTION('',(-1.,-2.922225479934E-15,0.));
#1226=DIRECTION('',(0.,1.,0.));
#1227=DIRECTION('',(-1.,0.,0.));
#1228=DIRECTION('',(-1.,0.,0.));
#1229=DIRECTION('',(0.,0.,1.));
#1230=DIRECTION('',(0.,1.,0.));
#1231=DIRECTION('',(0.,0.,1.));
#1232=DIRECTION('',(1.,0.,0.));
#1233=DIRECTION('',(0.,0.,1.));
#1234=DIRECTION('',(-1.,0.,0.));
#1235=DIRECTION('',(0.,1.,0.));
#1236=DIRECTION('',(0.,0.,1.));
#1237=DIRECTION('',(0.,0.,1.));
#1238=DIRECTION('',(1.,0.,0.));
#1239=DIRECTION('',(0.,0.,1.));
#1240=DIRECTION('',(0.,1.,0.));
#1241=DIRECTION('',(0.,0.,1.));
#1242=DIRECTION('',(1.,0.,0.));
#1243=DIRECTION('',(0.,0.,1.));
#1244=DIRECTION('',(-1.,0.,0.));
#1245=DIRECTION('',(0.,1.,0.));
#1246=DIRECTION('',(0.,0.,1.));
#1247=DIRECTION('',(0.,0.,1.));
#1248=DIRECTION('',(-2.922225479934E-15,1.,1.47365203737131E-15));
#1249=DIRECTION('',(-1.,-2.922225479934E-15,0.));
#1250=DIRECTION('',(0.,1.,0.));
#1251=DIRECTION('',(-1.,0.,0.));
#1252=DIRECTION('',(0.,1.,0.));
#1253=DIRECTION('',(-1.,0.,0.));
#1254=DIRECTION('',(0.,0.,1.));
#1255=DIRECTION('',(1.,0.,0.));
#1256=DIRECTION('',(0.,0.,1.));
#1257=DIRECTION('',(1.,0.,0.));
#1258=DIRECTION('',(0.,1.,0.));
#1259=DIRECTION('',(-1.,0.,0.));
#1260=DIRECTION('',(0.,0.,1.));
#1261=DIRECTION('',(0.,1.,0.));
#1262=DIRECTION('',(-1.,0.,0.));
#1263=DIRECTION('',(1.,0.,0.));
#1264=DIRECTION('',(0.,1.,0.));
#1265=DIRECTION('',(-1.,0.,0.));
#1266=DIRECTION('',(0.,0.,1.));
#1267=DIRECTION('',(0.,1.,0.));
#1268=DIRECTION('',(-1.,0.,0.));
#1269=DIRECTION('',(-1.,0.,1.07545860657836E-16));
#1270=DIRECTION('',(0.,1.,0.));
#1271=DIRECTION('',(-1.,0.,0.));
#1272=DIRECTION('',(0.,-1.,0.));
#1273=DIRECTION('',(0.,1.,0.));
#1274=DIRECTION('',(1.07545860657836E-16,0.,1.));
#1275=DIRECTION('',(-1.,0.,1.07545860657836E-16));
#1276=DIRECTION('',(0.,1.,0.));
#1277=DIRECTION('',(0.,1.,0.));
#1278=DIRECTION('',(-1.,0.,0.));
#1279=DIRECTION('',(0.,-1.,0.));
#1280=DIRECTION('',(-1.,0.,0.));
#1281=DIRECTION('',(0.,-1.,0.));
#1282=DIRECTION('',(0.,1.,0.));
#1283=DIRECTION('',(0.,1.,0.));
#1284=DIRECTION('',(-1.,0.,0.));
#1285=DIRECTION('',(0.,1.,0.));
#1286=DIRECTION('',(0.,0.,-1.));
#1287=DIRECTION('',(0.,1.,0.));
#1288=DIRECTION('',(0.,1.,0.));
#1289=DIRECTION('',(0.,1.,0.));
#1290=DIRECTION('',(-1.,0.,0.));
#1291=DIRECTION('',(0.,1.,0.));
#1292=DIRECTION('',(1.,0.,0.));
#1293=DIRECTION('',(0.,1.,0.));
#1294=DIRECTION('',(0.,1.,0.));
#1295=DIRECTION('',(-1.,0.,0.));
#1296=DIRECTION('',(0.,1.,0.));
#1297=DIRECTION('',(-1.,0.,0.));
#1298=DIRECTION('',(0.,1.,0.));
#1299=DIRECTION('',(-1.,0.,0.));
#1300=DIRECTION('',(0.,1.,0.));
#1301=DIRECTION('',(-1.,0.,0.));
#1302=DIRECTION('',(0.,1.,0.));
#1303=DIRECTION('',(-1.,0.,0.));
#1304=DIRECTION('',(-1.,0.,0.));
#1305=DIRECTION('',(0.,1.,0.));
#1306=DIRECTION('',(0.,0.,1.));
#1307=DIRECTION('',(0.,0.,1.));
#1308=DIRECTION('',(1.,0.,-1.15648231731787E-16));
#1309=DIRECTION('',(0.,0.,1.));
#1310=DIRECTION('',(0.,1.,0.));
#1311=DIRECTION('',(0.,0.,1.));
#1312=DIRECTION('',(1.,0.,0.));
#1313=DIRECTION('',(0.,0.,1.));
#1314=DIRECTION('',(-1.,0.,0.));
#1315=DIRECTION('',(0.,1.,0.));
#1316=DIRECTION('',(0.,0.,1.));
#1317=DIRECTION('',(0.,0.,1.));
#1318=DIRECTION('',(-1.,0.,0.));
#1319=DIRECTION('',(0.,0.,1.));
#1320=DIRECTION('',(0.,1.,0.));
#1321=DIRECTION('',(0.,0.,1.));
#1322=DIRECTION('',(1.,0.,0.));
#1323=DIRECTION('',(0.,0.,1.));
#1324=DIRECTION('',(0.,0.,1.));
#1325=DIRECTION('',(-1.,0.,0.));
#1326=DIRECTION('',(0.,0.,1.));
#1327=DIRECTION('',(-1.,0.,0.));
#1328=DIRECTION('',(-1.15648231731787E-16,0.,-1.));
#1329=DIRECTION('',(1.,0.,-1.15648231731787E-16));
#1330=DIRECTION('',(0.,-1.,0.));
#1331=DIRECTION('',(0.,-1.,0.));
#1332=DIRECTION('',(-1.,0.,0.));
#1333=DIRECTION('',(0.,-1.,0.));
#1334=DIRECTION('',(0.,1.,0.));
#1335=DIRECTION('',(0.,0.,-1.));
#1336=DIRECTION('',(0.,1.,0.));
#1337=DIRECTION('',(0.,1.,0.));
#1338=DIRECTION('',(0.,1.,0.));
#1339=DIRECTION('',(1.,0.,0.));
#1340=DIRECTION('',(0.,1.,0.));
#1341=DIRECTION('',(0.,1.,0.));
#1342=DIRECTION('',(0.,0.,-1.));
#1343=DIRECTION('',(0.,1.,0.));
#1344=DIRECTION('',(0.,1.,0.));
#1345=DIRECTION('',(1.,0.,0.));
#1346=DIRECTION('',(0.,1.,0.));
#1347=DIRECTION('',(0.,1.,0.));
#1348=DIRECTION('',(0.,1.,0.));
#1349=DIRECTION('',(0.,0.,-1.));
#1350=DIRECTION('',(0.,1.,0.));
#1351=DIRECTION('',(0.,1.,0.));
#1352=DIRECTION('',(1.,0.,0.));
#1353=DIRECTION('',(0.,1.,0.));
#1354=DIRECTION('',(0.,1.,0.));
#1355=DIRECTION('',(0.,0.,1.));
#1356=DIRECTION('',(0.,-1.,0.));
#1357=DIRECTION('',(0.,1.,0.));
#1358=DIRECTION('',(0.,-1.,0.));
#1359=DIRECTION('',(1.,0.,0.));
#1360=DIRECTION('',(0.,1.,0.));
#1361=DIRECTION('',(0.,1.,0.));
#1362=DIRECTION('',(0.,0.,1.));
#1363=DIRECTION('',(0.,-1.,0.));
#1364=DIRECTION('',(0.,1.,0.));
#1365=DIRECTION('',(-1.,0.,0.));
#1366=DIRECTION('',(0.,-1.,0.));
#1367=DIRECTION('',(0.,1.,0.));
#1368=DIRECTION('',(0.,1.,0.));
#1369=DIRECTION('',(-1.,0.,0.));
#1370=DIRECTION('',(0.,1.,0.));
#1371=DIRECTION('',(-1.,0.,0.));
#1372=DIRECTION('',(0.,1.,0.));
#1373=DIRECTION('',(-1.,0.,0.));
#1374=DIRECTION('',(0.,1.,0.));
#1375=DIRECTION('',(-1.,0.,0.));
#1376=DIRECTION('',(-2.922225479934E-15,1.,1.47365203737131E-15));
#1377=DIRECTION('',(-1.,-2.922225479934E-15,0.));
#1378=DIRECTION('',(-1.,0.,0.));
#1379=DIRECTION('',(0.,-1.,0.));
#1380=DIRECTION('',(0.,-1.,0.));
#1381=DIRECTION('',(0.,-1.,0.));
#1382=DIRECTION('',(0.,0.,-1.));
#1383=DIRECTION('',(0.,1.,0.));
#1384=DIRECTION('',(0.,1.,0.));
#1385=DIRECTION('',(1.,0.,0.));
#1386=DIRECTION('',(0.,1.,0.));
#1387=DIRECTION('',(0.,1.,0.));
#1388=DIRECTION('',(0.,0.,1.));
#1389=DIRECTION('',(0.,-1.,0.));
#1390=DIRECTION('',(0.,-1.,0.));
#1391=DIRECTION('',(0.,0.,-1.));
#1392=DIRECTION('',(0.,-1.,0.));
#1393=DIRECTION('',(0.,0.,-1.));
#1394=DIRECTION('',(0.,-1.,0.));
#1395=DIRECTION('',(0.,0.,-1.));
#1396=DIRECTION('',(0.,-1.,0.));
#1397=DIRECTION('',(0.,0.,-1.));
#1398=CARTESIAN_POINT('',(0.,0.,0.));
#1399=CARTESIAN_POINT('',(-0.00557820859952309,-0.007,0.0312661489482234));
#1400=CARTESIAN_POINT('',(-0.00557820859952309,-0.007,0.0312661489482234));
#1401=CARTESIAN_POINT('',(-0.00397820859952309,-0.007,0.0312661489482234));
#1402=CARTESIAN_POINT('',(-0.00717820859952309,-0.007,0.0312661489482234));
#1403=CARTESIAN_POINT('',(-0.00397820859952309,-0.007,0.0312661489482234));
#1404=CARTESIAN_POINT('',(-0.00397820859952309,-0.0016,0.0312661489482234));
#1405=CARTESIAN_POINT('',(-0.00557820859952309,-0.0016,0.0312661489482234));
#1406=CARTESIAN_POINT('',(-0.00717820859952309,-0.0016,0.0312661489482234));
#1407=CARTESIAN_POINT('',(-0.00717820859952309,-0.007,0.0312661489482234));
#1408=CARTESIAN_POINT('',(0.0224217914004769,-0.007,0.00326614894822339));
#1409=CARTESIAN_POINT('',(0.0224217914004769,-0.007,0.00326614894822339));
#1410=CARTESIAN_POINT('',(0.0240217914004769,-0.007,0.00326614894822339));
#1411=CARTESIAN_POINT('',(0.0208217914004769,-0.007,0.00326614894822339));
#1412=CARTESIAN_POINT('',(0.0240217914004769,-0.007,0.00326614894822339));
#1413=CARTESIAN_POINT('',(0.0240217914004769,-0.0016,0.00326614894822339));
#1414=CARTESIAN_POINT('',(0.0224217914004769,-0.0016,0.00326614894822339));
#1415=CARTESIAN_POINT('',(0.0208217914004769,-0.0016,0.00326614894822339));
#1416=CARTESIAN_POINT('',(0.0208217914004769,-0.007,0.00326614894822339));
#1417=CARTESIAN_POINT('',(-0.00557820859952309,-0.007,0.00326614894822339));
#1418=CARTESIAN_POINT('',(-0.00557820859952309,-0.007,0.00326614894822339));
#1419=CARTESIAN_POINT('',(-0.00397820859952309,-0.007,0.00326614894822339));
#1420=CARTESIAN_POINT('',(-0.0071782085995231,-0.007,0.00326614894822339));
#1421=CARTESIAN_POINT('',(-0.00397820859952309,-0.007,0.00326614894822339));
#1422=CARTESIAN_POINT('',(-0.00397820859952309,-0.0016,0.00326614894822339));
#1423=CARTESIAN_POINT('',(-0.00557820859952309,-0.0016,0.00326614894822339));
#1424=CARTESIAN_POINT('',(-0.0071782085995231,-0.0016,0.00326614894822339));
#1425=CARTESIAN_POINT('',(-0.00717820859952309,-0.007,0.00326614894822339));
#1426=CARTESIAN_POINT('',(0.0224217914004769,-0.007,0.0312661489482234));
#1427=CARTESIAN_POINT('',(0.0224217914004769,-0.007,0.0312661489482234));
#1428=CARTESIAN_POINT('',(0.0240217914004769,-0.007,0.0312661489482234));
#1429=CARTESIAN_POINT('',(0.0208217914004769,-0.007,0.0312661489482234));
#1430=CARTESIAN_POINT('',(0.0240217914004769,-0.007,0.0312661489482234));
#1431=CARTESIAN_POINT('',(0.0240217914004769,-0.0016,0.0312661489482234));
#1432=CARTESIAN_POINT('',(0.0224217914004769,-0.0016,0.0312661489482234));
#1433=CARTESIAN_POINT('',(0.0208217914004769,-0.0016,0.0312661489482234));
#1434=CARTESIAN_POINT('',(0.0208217914004769,-0.007,0.0312661489482234));
#1435=CARTESIAN_POINT('',(0.00842179140047691,-0.007,0.0172661489482234));
#1436=CARTESIAN_POINT('',(-0.00441820859952309,-0.0064925,0.0172661489482235));
#1437=CARTESIAN_POINT('',(-0.0044182085995231,-0.00650395679440423,0.0156611489482236));
#1438=CARTESIAN_POINT('',(-0.00394686353701236,-0.0065240090173261,0.0131243079168252));
#1439=CARTESIAN_POINT('',(-0.00231385710237669,-0.00655256912857062,0.0100656289591339));
#1440=CARTESIAN_POINT('',(-0.00066682731288302,-0.00657356344463439,0.00807678314076016));
#1441=CARTESIAN_POINT('',(0.00128558431972973,-0.00659282466612913,0.00650058433505889));
#1442=CARTESIAN_POINT('',(0.00411906192393807,-0.00661556562560181,0.00497581057173588));
#1443=CARTESIAN_POINT('',(0.00842179140047675,-0.00665125,0.00405970786588165));
#1444=CARTESIAN_POINT('',(0.0127245208770162,-0.0066869343743982,0.00497581057173616));
#1445=CARTESIAN_POINT('',(0.0155579984812234,-0.00670967533387087,0.00650058433505846));
#1446=CARTESIAN_POINT('',(0.017510410113837,-0.00672893655536561,0.00807678314076033));
#1447=CARTESIAN_POINT('',(0.0191574399033301,-0.00674993087142938,0.0100656289591334));
#1448=CARTESIAN_POINT('',(0.0207904463379665,-0.0067784909826739,0.0131243079168256));
#1449=CARTESIAN_POINT('',(0.0212617914004769,-0.00679854320559577,0.0156611489482236));
#1450=CARTESIAN_POINT('',(0.0212617914004769,-0.00681,0.0172661489482234));
#1451=CARTESIAN_POINT('',(-0.0044182085995231,-0.0064925,0.0172661489482234));
#1452=CARTESIAN_POINT('',(0.0212617914004769,-0.00681,0.0172661489482234));
#1453=CARTESIAN_POINT('',(0.0212617914004769,-0.007,0.0172661489482234));
#1454=CARTESIAN_POINT('',(0.0212617914004769,-0.0066512499982657,0.0172661489482234));
#1455=CARTESIAN_POINT('',(0.0212617914004769,-0.0066512499982657,0.0172661489482234));
#1456=CARTESIAN_POINT('',(0.0212617914004769,-0.00663979320386147,0.0156611489482237));
#1457=CARTESIAN_POINT('',(0.0207904463379661,-0.00661974098093959,0.0131243079168251));
#1458=CARTESIAN_POINT('',(0.0191574399033306,-0.00659118086969507,0.0100656289591341));
#1459=CARTESIAN_POINT('',(0.0175104101138367,-0.0065701865536313,0.00807678314076005));
#1460=CARTESIAN_POINT('',(0.0155579984812241,-0.00655092533213657,0.0065005843350589));
#1461=CARTESIAN_POINT('',(0.0127245208770159,-0.00652818437266389,0.00497581057173592));
#1462=CARTESIAN_POINT('',(0.00842179140047699,-0.0064924999982657,0.00405970786588166));
#1463=CARTESIAN_POINT('',(0.00411906192393772,-0.0064568156238675,0.0049758105717361));
#1464=CARTESIAN_POINT('',(0.0012855843197303,-0.00643407466439483,0.00650058433505849));
#1465=CARTESIAN_POINT('',(-0.000666827312883268,-0.00641481344290009,0.00807678314076041));
#1466=CARTESIAN_POINT('',(-0.00231385710237627,-0.00639381912683632,0.0100656289591333));
#1467=CARTESIAN_POINT('',(-0.00394686353701261,-0.0063652590155918,0.0131243079168256));
#1468=CARTESIAN_POINT('',(-0.0044182085995231,-0.00634520679266993,0.0156611489482235));
#1469=CARTESIAN_POINT('',(-0.00441820859952309,-0.0063337499982657,0.0172661489482235));
#1470=CARTESIAN_POINT('',(-0.0044182085995231,-0.0063337499982657,0.0172661489482234));
#1471=CARTESIAN_POINT('',(-0.0044182085995231,-0.007,0.0172661489482234));
#1472=CARTESIAN_POINT('',(0.00842179140047691,-0.007,0.0172661489482234));
#1473=CARTESIAN_POINT('',(-0.00441820859952309,-0.0058575,0.0172661489482235));
#1474=CARTESIAN_POINT('',(-0.0044182085995231,-0.00586895679440423,0.0156611489482236));
#1475=CARTESIAN_POINT('',(-0.0039468635370125,-0.0058890090173261,0.0131243079168254));
#1476=CARTESIAN_POINT('',(-0.00231385710237647,-0.00591756912857063,0.0100656289591336));
#1477=CARTESIAN_POINT('',(-0.000666827312883183,-0.00593856344463439,0.00807678314076032));
#1478=CARTESIAN_POINT('',(0.00128558431973016,-0.00595782466612913,0.0065005843350586));
#1479=CARTESIAN_POINT('',(0.00411906192393782,-0.00598056562560181,0.00497581057173605));
#1480=CARTESIAN_POINT('',(0.00842179140047684,-0.00601625,0.0040597078658816));
#1481=CARTESIAN_POINT('',(0.0127245208770162,-0.0060519343743982,0.00497581057173615));
#1482=CARTESIAN_POINT('',(0.0155579984812235,-0.00607467533387087,0.0065005843350585));
#1483=CARTESIAN_POINT('',(0.017510410113837,-0.00609393655536561,0.0080767831407603));
#1484=CARTESIAN_POINT('',(0.0191574399033302,-0.00611493087142937,0.0100656289591335));
#1485=CARTESIAN_POINT('',(0.0207904463379664,-0.0061434909826739,0.0131243079168255));
#1486=CARTESIAN_POINT('',(0.0212617914004769,-0.00616354320559577,0.0156611489482236));
#1487=CARTESIAN_POINT('',(0.0212617914004769,-0.006175,0.0172661489482234));
#1488=CARTESIAN_POINT('',(-0.0044182085995231,-0.0058575,0.0172661489482234));
#1489=CARTESIAN_POINT('',(0.0212617914004769,-0.006175,0.0172661489482234));
#1490=CARTESIAN_POINT('',(0.0212617914004769,-0.007,0.0172661489482234));
#1491=CARTESIAN_POINT('',(0.0212617914004769,-0.0060162499982657,0.0172661489482234));
#1492=CARTESIAN_POINT('',(0.0212617914004769,-0.0060162499982657,0.0172661489482234));
#1493=CARTESIAN_POINT('',(0.0212617914004769,-0.00600479320386147,0.0156611489482237));
#1494=CARTESIAN_POINT('',(0.0207904463379664,-0.0059847409809396,0.0131243079168255));
#1495=CARTESIAN_POINT('',(0.0191574399033302,-0.00595618086969507,0.0100656289591335));
#1496=CARTESIAN_POINT('',(0.017510410113837,-0.0059351865536313,0.00807678314076027));
#1497=CARTESIAN_POINT('',(0.0155579984812236,-0.00591592533213656,0.00650058433505855));
#1498=CARTESIAN_POINT('',(0.012724520877016,-0.0058931843726639,0.00497581057173607));
#1499=CARTESIAN_POINT('',(0.00842179140047692,-0.00585749999826569,0.00405970786588162));
#1500=CARTESIAN_POINT('',(0.00411906192393777,-0.0058218156238675,0.00497581057173608));
#1501=CARTESIAN_POINT('',(0.00128558431973023,-0.00579907466439483,0.00650058433505855));
#1502=CARTESIAN_POINT('',(-0.000666827312883225,-0.00577981344290009,0.00807678314076036));
#1503=CARTESIAN_POINT('',(-0.00231385710237637,-0.00575881912683633,0.0100656289591335));
#1504=CARTESIAN_POINT('',(-0.00394686353701255,-0.0057302590155918,0.0131243079168255));
#1505=CARTESIAN_POINT('',(-0.0044182085995231,-0.00571020679266993,0.0156611489482235));
#1506=CARTESIAN_POINT('',(-0.00441820859952309,-0.0056987499982657,0.0172661489482235));
#1507=CARTESIAN_POINT('',(-0.0044182085995231,-0.0056987499982657,0.0172661489482234));
#1508=CARTESIAN_POINT('',(-0.0044182085995231,-0.007,0.0172661489482234));
#1509=CARTESIAN_POINT('',(0.00842179140047691,-0.007,0.0172661489482234));
#1510=CARTESIAN_POINT('',(-0.00441820859952309,-0.0052225,0.0172661489482235));
#1511=CARTESIAN_POINT('',(-0.0044182085995231,-0.00523395679440422,0.0156611489482235));
#1512=CARTESIAN_POINT('',(-0.00394686353701253,-0.00525400901732611,0.0131243079168254));
#1513=CARTESIAN_POINT('',(-0.00231385710237642,-0.00528256912857062,0.0100656289591336));
#1514=CARTESIAN_POINT('',(-0.000666827312883213,-0.00530356344463439,0.00807678314076034));
#1515=CARTESIAN_POINT('',(0.00128558431973023,-0.00532282466612913,0.00650058433505855));
#1516=CARTESIAN_POINT('',(0.00411906192393777,-0.0053455656256018,0.00497581057173608));
#1517=CARTESIAN_POINT('',(0.00842179140047691,-0.00538125,0.00405970786588162));
#1518=CARTESIAN_POINT('',(0.012724520877016,-0.0054169343743982,0.00497581057173607));
#1519=CARTESIAN_POINT('',(0.0155579984812236,-0.00543967533387087,0.00650058433505855));
#1520=CARTESIAN_POINT('',(0.017510410113837,-0.00545893655536561,0.00807678314076028));
#1521=CARTESIAN_POINT('',(0.0191574399033302,-0.00547993087142938,0.0100656289591335));
#1522=CARTESIAN_POINT('',(0.0207904463379664,-0.0055084909826739,0.0131243079168254));
#1523=CARTESIAN_POINT('',(0.0212617914004769,-0.00552854320559577,0.0156611489482237));
#1524=CARTESIAN_POINT('',(0.0212617914004769,-0.00554,0.0172661489482234));
#1525=CARTESIAN_POINT('',(-0.0044182085995231,-0.0052225,0.0172661489482234));
#1526=CARTESIAN_POINT('',(0.0212617914004769,-0.00554,0.0172661489482234));
#1527=CARTESIAN_POINT('',(0.0212617914004769,-0.007,0.0172661489482234));
#1528=CARTESIAN_POINT('',(0.0212617914004769,-0.0053812499982657,0.0172661489482234));
#1529=CARTESIAN_POINT('',(0.0212617914004769,-0.0053812499982657,0.0172661489482234));
#1530=CARTESIAN_POINT('',(0.0212617914004769,-0.00536979320386147,0.0156611489482237));
#1531=CARTESIAN_POINT('',(0.0207904463379664,-0.0053497409809396,0.0131243079168255));
#1532=CARTESIAN_POINT('',(0.0191574399033302,-0.00532118086969507,0.0100656289591336));
#1533=CARTESIAN_POINT('',(0.017510410113837,-0.0053001865536313,0.00807678314076026));
#1534=CARTESIAN_POINT('',(0.0155579984812236,-0.00528092533213656,0.00650058433505855));
#1535=CARTESIAN_POINT('',(0.012724520877016,-0.0052581843726639,0.00497581057173607));
#1536=CARTESIAN_POINT('',(0.00842179140047692,-0.00522249999826569,0.00405970786588161));
#1537=CARTESIAN_POINT('',(0.00411906192393775,-0.0051868156238675,0.00497581057173609));
#1538=CARTESIAN_POINT('',(0.00128558431973027,-0.00516407466439483,0.00650058433505852));
#1539=CARTESIAN_POINT('',(-0.000666827312883239,-0.00514481344290009,0.00807678314076038));
#1540=CARTESIAN_POINT('',(-0.00231385710237635,-0.00512381912683633,0.0100656289591335));
#1541=CARTESIAN_POINT('',(-0.00394686353701257,-0.0050952590155918,0.0131243079168255));
#1542=CARTESIAN_POINT('',(-0.0044182085995231,-0.00507520679266993,0.0156611489482235));
#1543=CARTESIAN_POINT('',(-0.00441820859952309,-0.0050637499982657,0.0172661489482235));
#1544=CARTESIAN_POINT('',(-0.0044182085995231,-0.0050637499982657,0.0172661489482234));
#1545=CARTESIAN_POINT('',(-0.0044182085995231,-0.007,0.0172661489482234));
#1546=CARTESIAN_POINT('',(0.00842179140047691,-0.007,0.0172661489482234));
#1547=CARTESIAN_POINT('',(-0.00441820859952309,-0.0045875,0.0172661489482235));
#1548=CARTESIAN_POINT('',(-0.0044182085995231,-0.00459895679440422,0.0156611489482235));
#1549=CARTESIAN_POINT('',(-0.00394686353701251,-0.0046190090173261,0.0131243079168254));
#1550=CARTESIAN_POINT('',(-0.00231385710237644,-0.00464756912857063,0.0100656289591336));
#1551=CARTESIAN_POINT('',(-0.000666827312883198,-0.00466856344463439,0.00807678314076033));
#1552=CARTESIAN_POINT('',(0.0012855843197302,-0.00468782466612913,0.00650058433505857));
#1553=CARTESIAN_POINT('',(0.00411906192393779,-0.00471056562560181,0.00497581057173607));
#1554=CARTESIAN_POINT('',(0.0084217914004769,-0.00474625,0.00405970786588162));
#1555=CARTESIAN_POINT('',(0.0127245208770161,-0.00478193437439819,0.00497581057173609));
#1556=CARTESIAN_POINT('',(0.0155579984812236,-0.00480467533387087,0.00650058433505853));
#1557=CARTESIAN_POINT('',(0.017510410113837,-0.00482393655536561,0.00807678314076029));
#1558=CARTESIAN_POINT('',(0.0191574399033302,-0.00484493087142938,0.0100656289591335));
#1559=CARTESIAN_POINT('',(0.0207904463379664,-0.00487349098267389,0.0131243079168255));
#1560=CARTESIAN_POINT('',(0.0212617914004769,-0.00489354320559578,0.0156611489482236));
#1561=CARTESIAN_POINT('',(0.0212617914004769,-0.004905,0.0172661489482234));
#1562=CARTESIAN_POINT('',(-0.0044182085995231,-0.0045875,0.0172661489482234));
#1563=CARTESIAN_POINT('',(0.0212617914004769,-0.004905,0.0172661489482234));
#1564=CARTESIAN_POINT('',(0.0212617914004769,-0.007,0.0172661489482234));
#1565=CARTESIAN_POINT('',(0.0212617914004769,-0.0047462499982657,0.0172661489482234));
#1566=CARTESIAN_POINT('',(0.0212617914004769,-0.0047462499982657,0.0172661489482234));
#1567=CARTESIAN_POINT('',(0.0212617914004769,-0.00473479320386147,0.0156611489482234));
#1568=CARTESIAN_POINT('',(0.0207904463379665,-0.0047147409809396,0.0131243079168257));
#1569=CARTESIAN_POINT('',(0.0191574399033301,-0.00468618086969507,0.0100656289591333));
#1570=CARTESIAN_POINT('',(0.017510410113837,-0.0046651865536313,0.00807678314076036));
#1571=CARTESIAN_POINT('',(0.0155579984812234,-0.00464592533213656,0.0065005843350584));
#1572=CARTESIAN_POINT('',(0.0127245208770163,-0.0046231843726639,0.0049758105717362));
#1573=CARTESIAN_POINT('',(0.0084217914004768,-0.00458749999826569,0.00405970786588159));
#1574=CARTESIAN_POINT('',(0.00411906192393788,-0.00455181562386751,0.00497581057173602));
#1575=CARTESIAN_POINT('',(0.00128558431973006,-0.00452907466439482,0.00650058433505866));
#1576=CARTESIAN_POINT('',(-0.000666827312883152,-0.00450981344290009,0.00807678314076029));
#1577=CARTESIAN_POINT('',(-0.00231385710237649,-0.00448881912683632,0.0100656289591337));
#1578=CARTESIAN_POINT('',(-0.00394686353701248,-0.0044602590155918,0.0131243079168254));
#1579=CARTESIAN_POINT('',(-0.0044182085995231,-0.00444020679266994,0.0156611489482234));
#1580=CARTESIAN_POINT('',(-0.00441820859952309,-0.00442874999826569,0.0172661489482235));
#1581=CARTESIAN_POINT('',(-0.0044182085995231,-0.00442874999826569,0.0172661489482234));
#1582=CARTESIAN_POINT('',(-0.0044182085995231,-0.007,0.0172661489482234));
#1583=CARTESIAN_POINT('',(0.00842179140047691,-0.007,0.0172661489482234));
#1584=CARTESIAN_POINT('',(-0.00301198376816732,-0.004,0.0114236849652026));
#1585=CARTESIAN_POINT('',(-0.0023476670971447,-0.00401201799496347,0.010123608922059));
#1586=CARTESIAN_POINT('',(-0.00100625471225699,-0.00403024427578229,0.00834269967240881));
#1587=CARTESIAN_POINT('',(0.00121335406232809,-0.00405205215038575,0.0065744310056125));
#1588=CARTESIAN_POINT('',(0.00358384066573359,-0.00407124604346478,0.0052326986469202));
#1589=CARTESIAN_POINT('',(0.0071180249867133,-0.00410056356194176,0.0042345708504923));
#1590=CARTESIAN_POINT('',(0.0108310055134808,-0.00413105582114867,0.00450815393198179));
#1591=CARTESIAN_POINT('',(0.0135458871705611,-0.00415356683417908,0.00543161897423721));
#1592=CARTESIAN_POINT('',(0.015354457620979,-0.00416808436379336,0.00639332229358182));
#1593=CARTESIAN_POINT('',(0.0170390863639691,-0.00418406712255571,0.00766718132067961));
#1594=CARTESIAN_POINT('',(0.0190294762915523,-0.00420734110173069,0.00977610829312523));
#1595=CARTESIAN_POINT('',(0.0208165285961839,-0.00423808245606184,0.0130521907395571));
#1596=CARTESIAN_POINT('',(0.0212617914004769,-0.00426027018776943,0.0159030845447719));
#1597=CARTESIAN_POINT('',(0.0212617914004769,-0.00427,0.0172661489482234));
#1598=CARTESIAN_POINT('',(-0.00301198376816734,-0.004,0.0114236849652027));
#1599=CARTESIAN_POINT('',(0.0212617914004769,-0.00427,0.0172661489482234));
#1600=CARTESIAN_POINT('',(0.0212617914004769,-0.007,0.0172661489482234));
#1601=CARTESIAN_POINT('',(0.0212617914004769,-0.0041112499982657,0.0172661489482234));
#1602=CARTESIAN_POINT('',(0.0212617914004769,-0.0041112499982657,0.0172661489482234));
#1603=CARTESIAN_POINT('',(0.0212617914004769,-0.00410317126188629,0.0161343863075179));
#1604=CARTESIAN_POINT('',(0.02095764717528,-0.00408516451503559,0.013787051445916));
#1605=CARTESIAN_POINT('',(0.0194847461758847,-0.00405497859806572,0.0104101826649368));
#1606=CARTESIAN_POINT('',(0.0175220744730721,-0.00403023245025608,0.00807187369414922));
#1607=CARTESIAN_POINT('',(0.0156711284018352,-0.0040121866601753,0.00662204466860839));
#1608=CARTESIAN_POINT('',(0.0146977894164365,-0.00400422973269112,0.00604976751919561));
#1609=CARTESIAN_POINT('',(0.0141846262565569,-0.004,0.00579203310335111));
#1610=CARTESIAN_POINT('',(0.0141846262565569,-0.004,0.00579203310335107));
#1611=CARTESIAN_POINT('',(0.00842179140047691,-0.004,0.0172661489482234));
#1612=CARTESIAN_POINT('',(0.00842179140047691,-0.007,0.0172661489482234));
#1613=CARTESIAN_POINT('',(0.0212617914004769,-0.00681,0.0172661489482234));
#1614=CARTESIAN_POINT('',(0.0212617914004769,-0.00682360897472395,0.0191726512089147));
#1615=CARTESIAN_POINT('',(0.0205829710740929,-0.00684814728906105,0.0222164216453152));
#1616=CARTESIAN_POINT('',(0.0183006940744432,-0.00688208583432389,0.025658364954631));
#1617=CARTESIAN_POINT('',(0.0160722453442012,-0.00690605480111983,0.0277143774004641));
#1618=CARTESIAN_POINT('',(0.0135908092757313,-0.00692604711237191,0.029139565470473));
#1619=CARTESIAN_POINT('',(0.0106881633750849,-0.00695009577150852,0.0300295316321612));
#1620=CARTESIAN_POINT('',(0.00759826633185223,-0.00697553036407516,0.0302029426771292));
#1621=CARTESIAN_POINT('',(0.00558482732106366,-0.00699213359541053,0.0298285955213399));
#1622=CARTESIAN_POINT('',(0.00463045281779981,-0.007,0.0295336406132503));
#1623=CARTESIAN_POINT('',(0.00463045281780433,-0.007,0.0295336406132518));
#1624=CARTESIAN_POINT('',(0.00842179140047691,-0.007,0.0172661489482234));
#1625=CARTESIAN_POINT('',(-0.0044182085995231,-0.007,0.0172661489482234));
#1626=CARTESIAN_POINT('',(-0.0044182085995231,-0.007,0.0172661489482234));
#1627=CARTESIAN_POINT('',(-0.0044182085995231,-0.0069687499982657,0.0172661489482234));
#1628=CARTESIAN_POINT('',(-0.00441820859952309,-0.0069687499982657,0.0172661489482234));
#1629=CARTESIAN_POINT('',(-0.00441820859952309,-0.00695729320386147,0.0188711489482231));
#1630=CARTESIAN_POINT('',(-0.00394686353701255,-0.00693724098093959,0.0214079899796213));
#1631=CARTESIAN_POINT('',(-0.00231385710237641,-0.00690868086969507,0.0244666689373133));
#1632=CARTESIAN_POINT('',(-0.000666827312883134,-0.0068876865536313,0.0264555147556865));
#1633=CARTESIAN_POINT('',(0.0012855843197302,-0.00686842533213657,0.0280317135613882));
#1634=CARTESIAN_POINT('',(0.0041190619239377,-0.00684568437266389,0.0295564873247107));
#1635=CARTESIAN_POINT('',(0.00842179140047686,-0.00680999999826569,0.0304725900305652));
#1636=CARTESIAN_POINT('',(0.0127245208770162,-0.0067743156238675,0.0295564873247107));
#1637=CARTESIAN_POINT('',(0.0155579984812235,-0.00675157466439483,0.0280317135613883));
#1638=CARTESIAN_POINT('',(0.017510410113837,-0.00673231344290009,0.0264555147556865));
#1639=CARTESIAN_POINT('',(0.0191574399033302,-0.00671131912683632,0.0244666689373133));
#1640=CARTESIAN_POINT('',(0.0207904463379664,-0.00668275901559179,0.0214079899796212));
#1641=CARTESIAN_POINT('',(0.0212617914004769,-0.00666270679266993,0.0188711489482233));
#1642=CARTESIAN_POINT('',(0.0212617914004769,-0.0066512499982657,0.0172661489482234));
#1643=CARTESIAN_POINT('',(0.00842179140047691,-0.007,0.0172661489482234));
#1644=CARTESIAN_POINT('',(0.0212617914004769,-0.006175,0.0172661489482234));
#1645=CARTESIAN_POINT('',(0.0212617914004769,-0.00618645679440423,0.0188711489482233));
#1646=CARTESIAN_POINT('',(0.0207904463379664,-0.0062065090173261,0.0214079899796213));
#1647=CARTESIAN_POINT('',(0.0191574399033303,-0.00623506912857063,0.0244666689373132));
#1648=CARTESIAN_POINT('',(0.017510410113837,-0.00625606344463439,0.0264555147556865));
#1649=CARTESIAN_POINT('',(0.0155579984812237,-0.00627532466612913,0.0280317135613882));
#1650=CARTESIAN_POINT('',(0.012724520877016,-0.0062980656256018,0.0295564873247108));
#1651=CARTESIAN_POINT('',(0.00842179140047696,-0.00633375,0.0304725900305652));
#1652=CARTESIAN_POINT('',(0.00411906192393761,-0.0063694343743982,0.0295564873247106));
#1653=CARTESIAN_POINT('',(0.00128558431973035,-0.00639217533387087,0.0280317135613883));
#1654=CARTESIAN_POINT('',(-0.000666827312883208,-0.00641143655536561,0.0264555147556865));
#1655=CARTESIAN_POINT('',(-0.00231385710237632,-0.00643243087142937,0.0244666689373134));
#1656=CARTESIAN_POINT('',(-0.00394686353701261,-0.0064609909826739,0.0214079899796212));
#1657=CARTESIAN_POINT('',(-0.00441820859952309,-0.00648104320559577,0.0188711489482233));
#1658=CARTESIAN_POINT('',(-0.00441820859952309,-0.0064925,0.0172661489482234));
#1659=CARTESIAN_POINT('',(-0.00441820859952309,-0.0063337499982657,0.0172661489482234));
#1660=CARTESIAN_POINT('',(-0.00441820859952309,-0.00632229320386146,0.0188711489482232));
#1661=CARTESIAN_POINT('',(-0.00394686353701236,-0.00630224098093959,0.0214079899796216));
#1662=CARTESIAN_POINT('',(-0.00231385710237674,-0.00627368086969507,0.0244666689373128));
#1663=CARTESIAN_POINT('',(-0.000666827312882962,-0.0062526865536313,0.0264555147556867));
#1664=CARTESIAN_POINT('',(0.00128558431972979,-0.00623342533213657,0.0280317135613879));
#1665=CARTESIAN_POINT('',(0.00411906192393794,-0.00621068437266389,0.0295564873247109));
#1666=CARTESIAN_POINT('',(0.00842179140047676,-0.00617499999826569,0.0304725900305652));
#1667=CARTESIAN_POINT('',(0.0127245208770162,-0.0061393156238675,0.0295564873247107));
#1668=CARTESIAN_POINT('',(0.0155579984812235,-0.00611657466439483,0.0280317135613883));
#1669=CARTESIAN_POINT('',(0.0175104101138371,-0.00609731344290009,0.0264555147556864));
#1670=CARTESIAN_POINT('',(0.0191574399033301,-0.00607631912683633,0.0244666689373134));
#1671=CARTESIAN_POINT('',(0.0207904463379664,-0.00604775901559179,0.0214079899796212));
#1672=CARTESIAN_POINT('',(0.0212617914004769,-0.00602770679266993,0.0188711489482233));
#1673=CARTESIAN_POINT('',(0.0212617914004769,-0.0060162499982657,0.0172661489482234));
#1674=CARTESIAN_POINT('',(0.00842179140047691,-0.007,0.0172661489482234));
#1675=CARTESIAN_POINT('',(0.0212617914004769,-0.00554,0.0172661489482234));
#1676=CARTESIAN_POINT('',(0.0212617914004769,-0.00555145679440423,0.0188711489482233));
#1677=CARTESIAN_POINT('',(0.0207904463379664,-0.0055715090173261,0.0214079899796213));
#1678=CARTESIAN_POINT('',(0.0191574399033303,-0.00560006912857063,0.0244666689373132));
#1679=CARTESIAN_POINT('',(0.017510410113837,-0.00562106344463439,0.0264555147556865));
#1680=CARTESIAN_POINT('',(0.0155579984812236,-0.00564032466612913,0.0280317135613882));
#1681=CARTESIAN_POINT('',(0.0127245208770161,-0.0056630656256018,0.0295564873247107));
#1682=CARTESIAN_POINT('',(0.0084217914004769,-0.00569875,0.0304725900305652));
#1683=CARTESIAN_POINT('',(0.00411906192393764,-0.0057344343743982,0.0295564873247107));
#1684=CARTESIAN_POINT('',(0.0012855843197303,-0.00575717533387087,0.0280317135613883));
#1685=CARTESIAN_POINT('',(-0.000666827312883178,-0.00577643655536561,0.0264555147556865));
#1686=CARTESIAN_POINT('',(-0.00231385710237634,-0.00579743087142937,0.0244666689373134));
#1687=CARTESIAN_POINT('',(-0.00394686353701259,-0.0058259909826739,0.0214079899796213));
#1688=CARTESIAN_POINT('',(-0.00441820859952309,-0.00584604320559577,0.0188711489482232));
#1689=CARTESIAN_POINT('',(-0.00441820859952309,-0.0058575,0.0172661489482234));
#1690=CARTESIAN_POINT('',(-0.00441820859952309,-0.0056987499982657,0.0172661489482234));
#1691=CARTESIAN_POINT('',(-0.00441820859952309,-0.00568729320386146,0.0188711489482232));
#1692=CARTESIAN_POINT('',(-0.00394686353701255,-0.00566724098093959,0.0214079899796213));
#1693=CARTESIAN_POINT('',(-0.00231385710237642,-0.00563868086969507,0.0244666689373133));
#1694=CARTESIAN_POINT('',(-0.00066682731288311,-0.0056176865536313,0.0264555147556866));
#1695=CARTESIAN_POINT('',(0.00128558431973022,-0.00559842533213656,0.0280317135613882));
#1696=CARTESIAN_POINT('',(0.00411906192393773,-0.0055756843726639,0.0295564873247107));
#1697=CARTESIAN_POINT('',(0.00842179140047685,-0.00553999999826569,0.0304725900305652));
#1698=CARTESIAN_POINT('',(0.0127245208770162,-0.0055043156238675,0.0295564873247107));
#1699=CARTESIAN_POINT('',(0.0155579984812235,-0.00548157466439483,0.0280317135613883));
#1700=CARTESIAN_POINT('',(0.017510410113837,-0.00546231344290008,0.0264555147556865));
#1701=CARTESIAN_POINT('',(0.0191574399033302,-0.00544131912683633,0.0244666689373133));
#1702=CARTESIAN_POINT('',(0.0207904463379664,-0.00541275901559179,0.0214079899796212));
#1703=CARTESIAN_POINT('',(0.0212617914004769,-0.00539270679266993,0.0188711489482233));
#1704=CARTESIAN_POINT('',(0.0212617914004769,-0.0053812499982657,0.0172661489482234));
#1705=CARTESIAN_POINT('',(0.00842179140047691,-0.007,0.0172661489482234));
#1706=CARTESIAN_POINT('',(0.0212617914004769,-0.004905,0.0172661489482234));
#1707=CARTESIAN_POINT('',(0.0212617914004769,-0.00491645679440422,0.0188711489482233));
#1708=CARTESIAN_POINT('',(0.0207904463379663,-0.00493650901732611,0.0214079899796213));
#1709=CARTESIAN_POINT('',(0.0191574399033303,-0.00496506912857062,0.0244666689373132));
#1710=CARTESIAN_POINT('',(0.017510410113837,-0.00498606344463439,0.0264555147556865));
#1711=CARTESIAN_POINT('',(0.0155579984812236,-0.00500532466612913,0.0280317135613882));
#1712=CARTESIAN_POINT('',(0.0127245208770161,-0.00502806562560181,0.0295564873247107));
#1713=CARTESIAN_POINT('',(0.00842179140047687,-0.00506375,0.0304725900305652));
#1714=CARTESIAN_POINT('',(0.0041190619239377,-0.0050994343743982,0.0295564873247107));
#1715=CARTESIAN_POINT('',(0.00128558431973027,-0.00512217533387087,0.0280317135613883));
#1716=CARTESIAN_POINT('',(-0.000666827312883137,-0.00514143655536561,0.0264555147556865));
#1717=CARTESIAN_POINT('',(-0.00231385710237637,-0.00516243087142938,0.0244666689373133));
#1718=CARTESIAN_POINT('',(-0.00394686353701257,-0.0051909909826739,0.0214079899796213));
#1719=CARTESIAN_POINT('',(-0.00441820859952309,-0.00521104320559578,0.0188711489482232));
#1720=CARTESIAN_POINT('',(-0.00441820859952309,-0.0052225,0.0172661489482234));
#1721=CARTESIAN_POINT('',(-0.00441820859952309,-0.0050637499982657,0.0172661489482234));
#1722=CARTESIAN_POINT('',(-0.00441820859952309,-0.00505229320386147,0.0188711489482236));
#1723=CARTESIAN_POINT('',(-0.00394686353701266,-0.00503224098093959,0.0214079899796211));
#1724=CARTESIAN_POINT('',(-0.00231385710237623,-0.00500368086969507,0.0244666689373135));
#1725=CARTESIAN_POINT('',(-0.000666827312883219,-0.0049826865536313,0.0264555147556865));
#1726=CARTESIAN_POINT('',(0.00128558431973046,-0.00496342533213656,0.0280317135613884));
#1727=CARTESIAN_POINT('',(0.00411906192393759,-0.0049406843726639,0.0295564873247106));
#1728=CARTESIAN_POINT('',(0.00842179140047693,-0.00490499999826569,0.0304725900305652));
#1729=CARTESIAN_POINT('',(0.0127245208770161,-0.00486931562386751,0.0295564873247107));
#1730=CARTESIAN_POINT('',(0.0155579984812237,-0.00484657466439482,0.0280317135613882));
#1731=CARTESIAN_POINT('',(0.0175104101138369,-0.00482731344290009,0.0264555147556866));
#1732=CARTESIAN_POINT('',(0.0191574399033304,-0.00480631912683632,0.0244666689373131));
#1733=CARTESIAN_POINT('',(0.0207904463379663,-0.00477775901559181,0.0214079899796214));
#1734=CARTESIAN_POINT('',(0.0212617914004769,-0.00475770679266992,0.0188711489482233));
#1735=CARTESIAN_POINT('',(0.0212617914004769,-0.0047462499982657,0.0172661489482234));
#1736=CARTESIAN_POINT('',(0.00842179140047691,-0.007,0.0172661489482234));
#1737=CARTESIAN_POINT('',(0.0212617914004769,-0.00427,0.0172661489482234));
#1738=CARTESIAN_POINT('',(0.0212617914004769,-0.00428145679440422,0.0188711489482234));
#1739=CARTESIAN_POINT('',(0.0207904463379665,-0.0043015090173261,0.0214079899796211));
#1740=CARTESIAN_POINT('',(0.0191574399033301,-0.00433006912857063,0.0244666689373135));
#1741=CARTESIAN_POINT('',(0.0175104101138371,-0.00435106344463439,0.0264555147556864));
#1742=CARTESIAN_POINT('',(0.0155579984812234,-0.00437032466612914,0.0280317135613884));
#1743=CARTESIAN_POINT('',(0.0127245208770162,-0.0043930656256018,0.0295564873247106));
#1744=CARTESIAN_POINT('',(0.00842179140047681,-0.00442875,0.0304725900305652));
#1745=CARTESIAN_POINT('',(0.00411906192393776,-0.0044644343743982,0.0295564873247108));
#1746=CARTESIAN_POINT('',(0.0012855843197301,-0.00448717533387087,0.0280317135613882));
#1747=CARTESIAN_POINT('',(-0.000666827312883045,-0.00450643655536561,0.0264555147556866));
#1748=CARTESIAN_POINT('',(-0.00231385710237657,-0.00452743087142938,0.024466668937313));
#1749=CARTESIAN_POINT('',(-0.00394686353701244,-0.00455599098267389,0.0214079899796215));
#1750=CARTESIAN_POINT('',(-0.00441820859952309,-0.00457604320559578,0.0188711489482232));
#1751=CARTESIAN_POINT('',(-0.00441820859952309,-0.0045875,0.0172661489482234));
#1752=CARTESIAN_POINT('',(-0.00441820859952309,-0.00442874999826569,0.0172661489482234));
#1753=CARTESIAN_POINT('',(-0.00441820859952309,-0.00441729320386147,0.0188711489482235));
#1754=CARTESIAN_POINT('',(-0.00394686353701261,-0.0043972409809396,0.0214079899796212));
#1755=CARTESIAN_POINT('',(-0.0023138571023763,-0.00436868086969507,0.0244666689373134));
#1756=CARTESIAN_POINT('',(-0.000666827312883192,-0.0043476865536313,0.0264555147556865));
#1757=CARTESIAN_POINT('',(0.00128558431973038,-0.00432842533213656,0.0280317135613883));
#1758=CARTESIAN_POINT('',(0.0041190619239376,-0.0043056843726639,0.0295564873247106));
#1759=CARTESIAN_POINT('',(0.00842179140047691,-0.0042699999982657,0.0304725900305652));
#1760=CARTESIAN_POINT('',(0.0127245208770161,-0.00423431562386749,0.0295564873247107));
#1761=CARTESIAN_POINT('',(0.0155579984812236,-0.00421157466439483,0.0280317135613882));
#1762=CARTESIAN_POINT('',(0.017510410113837,-0.00419231344290009,0.0264555147556865));
#1763=CARTESIAN_POINT('',(0.0191574399033303,-0.00417131912683633,0.0244666689373132));
#1764=CARTESIAN_POINT('',(0.0207904463379664,-0.0041427590155918,0.0214079899796213));
#1765=CARTESIAN_POINT('',(0.0212617914004769,-0.00412270679266993,0.0188711489482234));
#1766=CARTESIAN_POINT('',(0.0212617914004769,-0.00411124999826569,0.0172661489482234));
#1767=CARTESIAN_POINT('',(-0.0070782085995231,-0.007,0.00176614894822338));
#1768=CARTESIAN_POINT('',(-0.0070782085995231,-0.007,0.00176614894822338));
#1769=CARTESIAN_POINT('',(-0.0090782085995231,-0.007,0.00176614894822338));
#1770=CARTESIAN_POINT('',(-0.00707820859952309,-0.007,-0.000233851051776618));
#1771=CARTESIAN_POINT('',(-0.0070782085995231,-0.007,-0.000233851051776618));
#1772=CARTESIAN_POINT('',(0.0239217914004769,-0.007,-0.000233851051776619));
#1773=CARTESIAN_POINT('',(0.0239217914004769,-0.007,0.00176614894822338));
#1774=CARTESIAN_POINT('',(0.0259217914004769,-0.007,0.00176614894822338));
#1775=CARTESIAN_POINT('',(0.0259217914004769,-0.007,0.00176614894822338));
#1776=CARTESIAN_POINT('',(0.0259217914004769,-0.007,0.0327661489482233));
#1777=CARTESIAN_POINT('',(0.0239217914004769,-0.007,0.0327661489482234));
#1778=CARTESIAN_POINT('',(0.0239217914004769,-0.007,0.0347661489482234));
#1779=CARTESIAN_POINT('',(-0.0070782085995231,-0.007,0.0347661489482234));
#1780=CARTESIAN_POINT('',(-0.00707820859952309,-0.007,0.0347661489482234));
#1781=CARTESIAN_POINT('',(-0.0070782085995231,-0.007,0.0327661489482234));
#1782=CARTESIAN_POINT('',(-0.0090782085995231,-0.007,0.0327661489482233));
#1783=CARTESIAN_POINT('',(-0.0090782085995231,-0.007,0.00176614894822338));
#1784=CARTESIAN_POINT('',(0.0224217914004769,-0.007,0.0312661489482234));
#1785=CARTESIAN_POINT('',(-0.00557820859952309,-0.007,0.00326614894822339));
#1786=CARTESIAN_POINT('',(0.0224217914004769,-0.007,0.00326614894822339));
#1787=CARTESIAN_POINT('',(-0.00557820859952309,-0.007,0.0312661489482234));
#1788=CARTESIAN_POINT('',(0.0170272283567949,-0.007,0.00727833123071368));
#1789=CARTESIAN_POINT('',(0.0153839282642817,-0.007,0.00589963938931405));
#1790=CARTESIAN_POINT('',(0.0114561649475293,-0.007,0.00397474267168173));
#1791=CARTESIAN_POINT('',(0.00596444122326252,-0.007,0.00416271116641589));
#1792=CARTESIAN_POINT('',(0.00201982272724733,-0.007,0.00583309802903169));
#1793=CARTESIAN_POINT('',(-0.00142675183413669,-0.00700000000000001,0.00843658579711172));
#1794=CARTESIAN_POINT('',(-0.00313575340266133,-0.007,0.011211331487853));
#1795=CARTESIAN_POINT('',(-0.00377678493681131,-0.007,0.0132586141269956));
#1796=CARTESIAN_POINT('',(0.0170272283567922,-0.00700000000000252,0.0072783312307171));
#1797=CARTESIAN_POINT('',(-0.00377678493681191,-0.007,0.0132586141269976));
#1798=CARTESIAN_POINT('',(0.00842179140047691,-0.007,0.0172661489482234));
#1799=CARTESIAN_POINT('',(0.00463045281780893,-0.007,0.0295336406132532));
#1800=CARTESIAN_POINT('',(0.00666498859235364,-0.007,0.03019295558453));
#1801=CARTESIAN_POINT('',(0.0099313244833385,-0.007,0.0303997121290655));
#1802=CARTESIAN_POINT('',(0.0140087924519581,-0.007,0.029121501386));
#1803=CARTESIAN_POINT('',(0.0167717172411448,-0.00699999999999999,0.0274164697151801));
#1804=CARTESIAN_POINT('',(0.0189942049391642,-0.007,0.0251420390011965));
#1805=CARTESIAN_POINT('',(0.0211686171241949,-0.007,0.0214630321719563));
#1806=CARTESIAN_POINT('',(0.0217173291642457,-0.007,0.0182155320194025));
#1807=CARTESIAN_POINT('',(0.0215523166511034,-0.007,0.0160832090291611));
#1808=CARTESIAN_POINT('',(0.0215523166470175,-0.00699999999764272,0.0160832090294773));
#1809=CARTESIAN_POINT('',(0.00842179140047691,-0.007,0.0172661489482234));
#1810=CARTESIAN_POINT('',(0.,-0.004,0.));
#1811=CARTESIAN_POINT('',(0.,-0.004,0.00201614894822338));
#1812=CARTESIAN_POINT('',(0.0196717914004769,-0.004,0.00201614894822338));
#1813=CARTESIAN_POINT('',(-0.00282820859952309,-0.004,0.00201614894822338));
#1814=CARTESIAN_POINT('',(-0.00282820859952309,-0.004,0.));
#1815=CARTESIAN_POINT('',(-0.00282820859952309,-0.004,0.00251614894822338));
#1816=CARTESIAN_POINT('',(-0.00632820859952309,-0.004,0.00251614894822338));
#1817=CARTESIAN_POINT('',(-0.00632820859952309,-0.004,0.00601614894822338));
#1818=CARTESIAN_POINT('',(0.,-0.004,0.00601614894822338));
#1819=CARTESIAN_POINT('',(-0.00682820859952309,-0.004,0.00601614894822338));
#1820=CARTESIAN_POINT('',(-0.00682820859952309,-0.004,0.));
#1821=CARTESIAN_POINT('',(-0.00682820859952309,-0.004,0.0285161489482234));
#1822=CARTESIAN_POINT('',(0.,-0.004,0.0285161489482234));
#1823=CARTESIAN_POINT('',(-0.00632820859952309,-0.004,0.0285161489482234));
#1824=CARTESIAN_POINT('',(-0.00632820859952309,-0.004,0.0320161489482234));
#1825=CARTESIAN_POINT('',(-0.00282820859952309,-0.004,0.0320161489482234));
#1826=CARTESIAN_POINT('',(-0.00282820859952309,-0.004,0.));
#1827=CARTESIAN_POINT('',(-0.00282820859952309,-0.004,0.0325161489482234));
#1828=CARTESIAN_POINT('',(0.,-0.004,0.0325161489482234));
#1829=CARTESIAN_POINT('',(0.0196717914004769,-0.004,0.0325161489482234));
#1830=CARTESIAN_POINT('',(0.0196717914004769,-0.004,0.));
#1831=CARTESIAN_POINT('',(0.0196717914004769,-0.004,0.0320161489482234));
#1832=CARTESIAN_POINT('',(0.0231717914004769,-0.004,0.0320161489482234));
#1833=CARTESIAN_POINT('',(0.0231717914004769,-0.004,0.0285161489482234));
#1834=CARTESIAN_POINT('',(0.,-0.004,0.0285161489482234));
#1835=CARTESIAN_POINT('',(0.0236717914004769,-0.004,0.0285161489482234));
#1836=CARTESIAN_POINT('',(0.0236717914004769,-0.004,0.));
#1837=CARTESIAN_POINT('',(0.0236717914004769,-0.004,0.00601614894822338));
#1838=CARTESIAN_POINT('',(0.,-0.004,0.00601614894822338));
#1839=CARTESIAN_POINT('',(0.0231717914004769,-0.004,0.00601614894822338));
#1840=CARTESIAN_POINT('',(0.0231717914004769,-0.004,0.00251614894822338));
#1841=CARTESIAN_POINT('',(0.0196717914004769,-0.004,0.00251614894822338));
#1842=CARTESIAN_POINT('',(0.0196717914004769,-0.004,0.));
#1843=CARTESIAN_POINT('',(0.0170894802599404,-0.004,0.0271999906044912));
#1844=CARTESIAN_POINT('',(0.0186809485635514,-0.004,0.0257740654930029));
#1845=CARTESIAN_POINT('',(0.0205123154739332,-0.004,0.0230665552512393));
#1846=CARTESIAN_POINT('',(0.0215010256885302,-0.004,0.0189172036733726));
#1847=CARTESIAN_POINT('',(0.0214637886040083,-0.004,0.0146043253771567));
#1848=CARTESIAN_POINT('',(0.0198364944515469,-0.004,0.0105431691843797));
#1849=CARTESIAN_POINT('',(0.0169178018416224,-0.004,0.00741403701295973));
#1850=CARTESIAN_POINT('',(0.015145531112269,-0.004,0.0062593907007157));
#1851=CARTESIAN_POINT('',(0.0141846262565568,-0.004,0.00579203310335105));
#1852=CARTESIAN_POINT('',(0.0170894802570337,-0.00400000000250678,0.027199990601247));
#1853=CARTESIAN_POINT('',(0.0084217914004769,-0.004,0.0172661489482234));
#1854=CARTESIAN_POINT('',(0.00744858827586894,-0.00399999999999932,0.0304138834924036));
#1855=CARTESIAN_POINT('',(-0.00301198376816734,-0.004,0.0114236849652027));
#1856=CARTESIAN_POINT('',(-0.00351497783631558,-0.004,0.0123743531732122));
#1857=CARTESIAN_POINT('',(-0.00427438177776819,-0.004,0.0143826125517153));
#1858=CARTESIAN_POINT('',(-0.00463529238728918,-0.004,0.0176144648418353));
#1859=CARTESIAN_POINT('',(-0.00418532251710348,-0.00399999999999999,0.0208265161711397));
#1860=CARTESIAN_POINT('',(-0.00258107161924432,-0.00400000000000001,0.0247978493952598));
#1861=CARTESIAN_POINT('',(0.000412702219096505,-0.00399999999999999,0.0280040464333544));
#1862=CARTESIAN_POINT('',(0.00429377657738253,-0.004,0.0298758496448931));
#1863=CARTESIAN_POINT('',(0.00637739780850499,-0.004,0.0303196429266623));
#1864=CARTESIAN_POINT('',(0.00744858827586865,-0.004,0.0304138834924048));
#1865=CARTESIAN_POINT('',(0.00842179140047691,-0.007,0.0172661489482234));
#1866=CARTESIAN_POINT('',(-0.0037767849368119,-0.007,0.0132586141269976));
#1867=CARTESIAN_POINT('',(-0.00421160077676212,-0.00698876033907299,0.0145821545210078));
#1868=CARTESIAN_POINT('',(-0.0044182085995231,-0.00697812761533284,0.0159524241084696));
#1869=CARTESIAN_POINT('',(-0.00441820859952309,-0.0069687499982657,0.0172661489482235));
#1870=CARTESIAN_POINT('',(-0.0070782085995231,0.,0.00176614894822338));
#1871=CARTESIAN_POINT('',(-0.00807820859952309,0.,0.000766148948223376));
#1872=CARTESIAN_POINT('',(-0.00807820859952309,0.,0.000766148948223376));
#1873=CARTESIAN_POINT('',(-0.00807820859952309,0.,0.0337661489482234));
#1874=CARTESIAN_POINT('',(0.0249217914004769,0.,0.000766148948223376));
#1875=CARTESIAN_POINT('',(0.0249217914004769,0.,0.000766148948223376));
#1876=CARTESIAN_POINT('',(0.0249217914004769,0.,0.000766148948223376));
#1877=CARTESIAN_POINT('',(0.0249217914004769,0.,0.0337661489482234));
#1878=CARTESIAN_POINT('',(0.0249217914004769,0.,0.0337661489482234));
#1879=CARTESIAN_POINT('',(-0.0070782085995231,0.,0.00176614894822338));
#1880=CARTESIAN_POINT('',(-0.0090782085995231,0.,0.00176614894822338));
#1881=CARTESIAN_POINT('',(-0.00707820859952309,0.,-0.000233851051776618));
#1882=CARTESIAN_POINT('',(-0.0090782085995231,0.,0.0017661489482234));
#1883=CARTESIAN_POINT('',(-0.0090782085995231,0.,0.0327661489482233));
#1884=CARTESIAN_POINT('',(-0.0070782085995231,0.,0.0327661489482234));
#1885=CARTESIAN_POINT('',(-0.00707820859952309,0.,0.0347661489482234));
#1886=CARTESIAN_POINT('',(-0.00707820859952309,0.,0.0347661489482234));
#1887=CARTESIAN_POINT('',(0.0239217914004769,0.,0.0347661489482234));
#1888=CARTESIAN_POINT('',(0.0239217914004769,0.,0.0327661489482234));
#1889=CARTESIAN_POINT('',(0.0259217914004769,0.,0.0327661489482233));
#1890=CARTESIAN_POINT('',(0.0259217914004769,0.,0.0017661489482234));
#1891=CARTESIAN_POINT('',(0.0259217914004769,0.,0.00176614894822338));
#1892=CARTESIAN_POINT('',(0.0239217914004769,0.,0.00176614894822338));
#1893=CARTESIAN_POINT('',(0.0239217914004769,0.,-0.000233851051776621));
#1894=CARTESIAN_POINT('',(-0.00707820859952309,0.,-0.000233851051776618));
#1895=CARTESIAN_POINT('',(-0.0070782085995231,-0.007,0.00176614894822338));
#1896=CARTESIAN_POINT('',(-0.00707820859952309,-0.007,-0.000233851051776618));
#1897=CARTESIAN_POINT('',(-0.0090782085995231,-0.007,0.00176614894822338));
#1898=CARTESIAN_POINT('',(-0.00707820859952309,-0.007,-0.000233851051776618));
#1899=CARTESIAN_POINT('',(0.0239217914004769,-0.007,-0.00023385105177662));
#1900=CARTESIAN_POINT('',(0.0239217914004769,-0.007,0.00176614894822338));
#1901=CARTESIAN_POINT('',(0.0259217914004769,-0.007,0.00176614894822338));
#1902=CARTESIAN_POINT('',(0.0259217914004769,-0.007,0.0017661489482234));
#1903=CARTESIAN_POINT('',(0.0259217914004769,-0.007,0.0327661489482233));
#1904=CARTESIAN_POINT('',(0.0239217914004769,-0.007,0.0327661489482234));
#1905=CARTESIAN_POINT('',(0.0239217914004769,-0.007,0.0347661489482234));
#1906=CARTESIAN_POINT('',(-0.00707820859952309,-0.007,0.0347661489482234));
#1907=CARTESIAN_POINT('',(-0.00707820859952309,-0.007,0.0347661489482234));
#1908=CARTESIAN_POINT('',(-0.0070782085995231,-0.007,0.0327661489482234));
#1909=CARTESIAN_POINT('',(-0.0090782085995231,-0.007,0.0327661489482233));
#1910=CARTESIAN_POINT('',(-0.0090782085995231,-0.007,0.0017661489482234));
#1911=CARTESIAN_POINT('',(0.,-0.0016,0.));
#1912=CARTESIAN_POINT('',(-0.00557820859952309,-0.0016,0.0312661489482234));
#1913=CARTESIAN_POINT('',(0.0224217914004769,-0.0016,0.00326614894822339));
#1914=CARTESIAN_POINT('',(-0.00557820859952309,-0.0016,0.00326614894822339));
#1915=CARTESIAN_POINT('',(0.0224217914004769,-0.0016,0.0312661489482234));
#1916=CARTESIAN_POINT('',(0.,-0.0016,0.00601614894822338));
#1917=CARTESIAN_POINT('',(-0.00682820859952309,-0.0016,0.00601614894822338));
#1918=CARTESIAN_POINT('',(-0.00632820859952309,-0.0016,0.00601614894822338));
#1919=CARTESIAN_POINT('',(-0.00632820859952309,-0.0016,0.00251614894822338));
#1920=CARTESIAN_POINT('',(-0.00282820859952309,-0.0016,0.00251614894822338));
#1921=CARTESIAN_POINT('',(-0.00282820859952309,-0.0016,0.));
#1922=CARTESIAN_POINT('',(-0.00282820859952309,-0.0016,0.00201614894822338));
#1923=CARTESIAN_POINT('',(2.33164060769937E-19,-0.0016,0.00201614894822338));
#1924=CARTESIAN_POINT('',(0.0196717914004769,-0.0016,0.00201614894822338));
#1925=CARTESIAN_POINT('',(0.0196717914004769,-0.0016,0.));
#1926=CARTESIAN_POINT('',(0.0196717914004769,-0.0016,0.00251614894822338));
#1927=CARTESIAN_POINT('',(0.0231717914004769,-0.0016,0.00251614894822338));
#1928=CARTESIAN_POINT('',(0.0231717914004769,-0.0016,0.00601614894822338));
#1929=CARTESIAN_POINT('',(0.,-0.0016,0.00601614894822338));
#1930=CARTESIAN_POINT('',(0.0236717914004769,-0.0016,0.00601614894822338));
#1931=CARTESIAN_POINT('',(0.0236717914004769,-0.0016,0.));
#1932=CARTESIAN_POINT('',(0.0236717914004769,-0.0016,0.0285161489482234));
#1933=CARTESIAN_POINT('',(0.,-0.0016,0.0285161489482234));
#1934=CARTESIAN_POINT('',(0.0231717914004769,-0.0016,0.0285161489482234));
#1935=CARTESIAN_POINT('',(0.0231717914004769,-0.0016,0.0320161489482234));
#1936=CARTESIAN_POINT('',(0.0196717914004769,-0.0016,0.0320161489482234));
#1937=CARTESIAN_POINT('',(0.0196717914004769,-0.0016,0.));
#1938=CARTESIAN_POINT('',(0.0196717914004769,-0.0016,0.0325161489482234));
#1939=CARTESIAN_POINT('',(0.,-0.0016,0.0325161489482234));
#1940=CARTESIAN_POINT('',(-0.00282820859952309,-0.0016,0.0325161489482234));
#1941=CARTESIAN_POINT('',(-0.00282820859952309,-0.0016,0.));
#1942=CARTESIAN_POINT('',(-0.00282820859952309,-0.0016,0.0320161489482234));
#1943=CARTESIAN_POINT('',(-0.00632820859952309,-0.0016,0.0320161489482234));
#1944=CARTESIAN_POINT('',(-0.00632820859952309,-0.0016,0.0285161489482234));
#1945=CARTESIAN_POINT('',(0.,-0.0016,0.0285161489482234));
#1946=CARTESIAN_POINT('',(-0.00682820859952309,-0.0016,0.0285161489482234));
#1947=CARTESIAN_POINT('',(-0.00682820859952309,-0.0016,0.));
#1948=CARTESIAN_POINT('',(-0.00807820859952309,-0.0016,0.));
#1949=CARTESIAN_POINT('',(-0.00807820859952309,-0.0016,0.000766148948223376));
#1950=CARTESIAN_POINT('',(-0.00807820859952309,-0.0016,0.0337661489482234));
#1951=CARTESIAN_POINT('',(0.,-0.0016,0.0337661489482234));
#1952=CARTESIAN_POINT('',(0.0249217914004769,-0.0016,0.0337661489482234));
#1953=CARTESIAN_POINT('',(0.0249217914004769,-0.0016,0.));
#1954=CARTESIAN_POINT('',(0.0249217914004769,-0.0016,0.000766148948223376));
#1955=CARTESIAN_POINT('',(0.,-0.0016,0.000766148948223375));
#1956=CARTESIAN_POINT('',(2.33164060769937E-19,-0.004,0.00201614894822338));
#1957=CARTESIAN_POINT('',(-0.00282820859952309,-0.004,0.00201614894822338));
#1958=CARTESIAN_POINT('',(0.0196717914004769,-0.004,0.00201614894822338));
#1959=CARTESIAN_POINT('',(0.0196717914004769,-0.004,0.));
#1960=CARTESIAN_POINT('',(0.0196717914004769,-0.0016,0.00251614894822338));
#1961=CARTESIAN_POINT('',(0.,-0.004,0.00601614894822338));
#1962=CARTESIAN_POINT('',(0.0231717914004769,-0.004,0.00601614894822338));
#1963=CARTESIAN_POINT('',(0.0236717914004769,-0.004,0.00601614894822338));
#1964=CARTESIAN_POINT('',(0.0236717914004769,-0.004,0.));
#1965=CARTESIAN_POINT('',(0.0236717914004769,-0.004,0.0285161489482234));
#1966=CARTESIAN_POINT('',(0.,-0.004,0.0285161489482234));
#1967=CARTESIAN_POINT('',(0.0231717914004769,-0.0016,0.0285161489482234));
#1968=CARTESIAN_POINT('',(0.0196717914004769,-0.004,0.));
#1969=CARTESIAN_POINT('',(0.0196717914004769,-0.004,0.0320161489482234));
#1970=CARTESIAN_POINT('',(0.0196717914004769,-0.004,0.0325161489482234));
#1971=CARTESIAN_POINT('',(0.,-0.004,0.0325161489482234));
#1972=CARTESIAN_POINT('',(-0.00282820859952309,-0.004,0.0325161489482234));
#1973=CARTESIAN_POINT('',(-0.00282820859952309,-0.004,0.));
#1974=CARTESIAN_POINT('',(-0.00282820859952309,-0.0016,0.0320161489482234));
#1975=CARTESIAN_POINT('',(0.,-0.004,0.0285161489482234));
#1976=CARTESIAN_POINT('',(-0.00632820859952309,-0.004,0.0285161489482234));
#1977=CARTESIAN_POINT('',(-0.00682820859952309,-0.004,0.0285161489482234));
#1978=CARTESIAN_POINT('',(-0.00682820859952309,-0.004,0.));
#1979=CARTESIAN_POINT('',(-0.00682820859952309,-0.004,0.00601614894822338));
#1980=CARTESIAN_POINT('',(0.,-0.004,0.00601614894822338));
#1981=CARTESIAN_POINT('',(-0.00632820859952309,-0.0016,0.00601614894822338));
#1982=CARTESIAN_POINT('',(-0.00282820859952309,-0.004,0.));
#1983=CARTESIAN_POINT('',(-0.00282820859952309,-0.004,0.00251614894822338));
#1984=CARTESIAN_POINT('',(0.0224217914004769,-0.007,0.0312661489482234));
#1985=CARTESIAN_POINT('',(-0.00557820859952309,-0.007,0.00326614894822339));
#1986=CARTESIAN_POINT('',(0.0224217914004769,-0.007,0.00326614894822339));
#1987=CARTESIAN_POINT('',(-0.00557820859952309,-0.007,0.0312661489482234));
#1988=CARTESIAN_POINT('',(0.0143388870362024,-0.00380156250086425,0.0054848915479577));
#1989=CARTESIAN_POINT('',(0.015280420713055,-0.00380912074464363,0.00595777356902851));
#1990=CARTESIAN_POINT('',(0.0161529625496812,-0.00381630717747934,0.00653269583672465));
#1991=CARTESIAN_POINT('',(0.0177977475086079,-0.00383265828031156,0.00793504665034707));
#1992=CARTESIAN_POINT('',(0.0185504157513889,-0.00384137378984062,0.00875414577181035));
#1993=CARTESIAN_POINT('',(0.0204721382298404,-0.00386800611711798,0.0114754738166212));
#1994=CARTESIAN_POINT('',(0.0212761707765464,-0.00388630183165745,0.0136429492092288));
#1995=CARTESIAN_POINT('',(0.0216411504945589,-0.00390987197181993,0.0168225933879133));
#1996=CARTESIAN_POINT('',(0.0216356569876448,-0.00391678777413477,0.0178553725344873));
#1997=CARTESIAN_POINT('',(0.0213679869523251,-0.00393261284419659,0.0199771356548774));
#1998=CARTESIAN_POINT('',(0.0210997371908266,-0.00394113596051076,0.0210482397801187));
#1999=CARTESIAN_POINT('',(0.0198879926400893,-0.00396748594405518,0.024138861014563));
#2000=CARTESIAN_POINT('',(0.0185184440597367,-0.00398601764473349,0.0260137801831271));
#2001=CARTESIAN_POINT('',(0.0160325364735435,-0.00401039565769791,0.0280851117561325));
#2002=CARTESIAN_POINT('',(0.0151572962132476,-0.00401749264629208,0.028648542905652));
#2003=CARTESIAN_POINT('',(0.0132589642904622,-0.00403273167151159,0.0295758067711426));
#2004=CARTESIAN_POINT('',(0.0122260973356527,-0.00404102310115243,0.0299369417449555));
#2005=CARTESIAN_POINT('',(0.00899523354823033,-0.0040669591422348,0.030620098139635));
#2006=CARTESIAN_POINT('',(0.00667022283382809,-0.00408562336869969,0.0305131675963096));
#2007=CARTESIAN_POINT('',(0.00354522762752525,-0.00411070954050563,0.0295630808690387));
#2008=CARTESIAN_POINT('',(0.00256959553178384,-0.00411843699924781,0.0291256453205299));
#2009=CARTESIAN_POINT('',(0.000779186692709014,-0.00413303848904143,0.0280590375315037));
#2010=CARTESIAN_POINT('',(-8.04203662096009E-5,-0.00414106274134114,0.0274011110704351));
#2011=CARTESIAN_POINT('',(-0.00241014922332021,-0.00416646018801007,0.0250929727496528));
#2012=CARTESIAN_POINT('',(-0.0036054642168126,-0.00418515091404376,0.0230945853204044));
#2013=CARTESIAN_POINT('',(-0.00453508925944803,-0.00421083443277961,0.0199369476380794));
#2014=CARTESIAN_POINT('',(-0.00470697297887117,-0.00421899730032618,0.0188620252909078));
#2015=CARTESIAN_POINT('',(-0.00479411460220118,-0.00423392546563549,0.016765046206307));
#2016=CARTESIAN_POINT('',(-0.00471519415035875,-0.00424127993943812,0.0157155482292144));
#2017=CARTESIAN_POINT('',(-0.00407076161126053,-0.00426602297666908,0.0125285348885258));
#2018=CARTESIAN_POINT('',(-0.00306615319528568,-0.00428463366020704,0.0104315564014604));
#2019=CARTESIAN_POINT('',(-0.00092606196521193,-0.00431079404557098,0.00790418846696189));
#2020=CARTESIAN_POINT('',(-0.000114191329268194,-0.00431920673718714,0.00716282765880688));
#2021=CARTESIAN_POINT('',(0.00161488393497602,-0.00433474761827063,0.00592568542172714));
#2022=CARTESIAN_POINT('',(0.00252144776854095,-0.00434169697557419,0.00542777745475312));
#2023=CARTESIAN_POINT('',(0.00550905061814903,-0.00436568021824349,0.00423042190968036));
#2024=CARTESIAN_POINT('',(0.00780434229224031,-0.00438410587251806,0.00391151287512813));
#2025=CARTESIAN_POINT('',(0.0111065613594571,-0.00441061472433773,0.00431117182361584));
#2026=CARTESIAN_POINT('',(0.0121809877232115,-0.00441923977576168,0.00458408946713192));
#2027=CARTESIAN_POINT('',(0.0141862935880078,-0.00443533754363867,0.0053608264324427));
#2028=CARTESIAN_POINT('',(0.0151000959765772,-0.00444233313183649,0.00584972806869246));
#2029=CARTESIAN_POINT('',(0.017708282409818,-0.00446546288108762,0.00767090973851503));
#2030=CARTESIAN_POINT('',(0.0192327405509685,-0.00448360208223242,0.00939993409213414));
#2031=CARTESIAN_POINT('',(0.0207192023382492,-0.00451032509988227,0.0123856050572258));
#2032=CARTESIAN_POINT('',(0.0210846847286489,-0.00451912150202155,0.013439881752615));
#2033=CARTESIAN_POINT('',(0.0215400881155256,-0.00453571204081632,0.0155633631752047));
#2034=CARTESIAN_POINT('',(0.0216310726921948,-0.00454320456080593,0.0166181031457355));
#2035=CARTESIAN_POINT('',(0.0215363213105773,-0.00456539970224502,0.019755981789917));
#2036=CARTESIAN_POINT('',(0.0209390340005852,-0.00458315645308074,0.0219652962301154));
#2037=CARTESIAN_POINT('',(0.0187027536128336,-0.00461888873189562,0.0258139652468445));
#2038=CARTESIAN_POINT('',(0.017080145744529,-0.00463660478058068,0.0274254559265639));
#2039=CARTESIAN_POINT('',(0.0144050041033129,-0.004658708237372,0.0290603574985959));
#2040=CARTESIAN_POINT('',(0.0134409773918126,-0.00466627054545219,0.0295053872444898));
#2041=CARTESIAN_POINT('',(0.0113689548844417,-0.00468290388700128,0.0301620944151986));
#2042=CARTESIAN_POINT('',(0.0102714509442409,-0.00469171419568465,0.0303667286094276));
#2043=CARTESIAN_POINT('',(0.00694092216001457,-0.00471845030622882,0.0305538348927859));
#2044=CARTESIAN_POINT('',(0.00468530114331978,-0.0047365575008382,0.0300854919502455));
#2045=CARTESIAN_POINT('',(0.0018145718696944,-0.00475960253067418,0.0287237409161547));
#2046=CARTESIAN_POINT('',(0.00093599674835823,-0.00476662574173771,0.0281717149549452));
#2047=CARTESIAN_POINT('',(-0.00073373824294108,-0.004782772753139,0.0268131258754579));
#2048=CARTESIAN_POINT('',(-0.00150343885748574,-0.00479141573319001,0.0260142931504155));
#2049=CARTESIAN_POINT('',(-0.0034865794443629,-0.00481795054503731,0.0233424516369118));
#2050=CARTESIAN_POINT('',(-0.00434532048215516,-0.00483635348799993,0.0211911383045757));
#2051=CARTESIAN_POINT('',(-0.00478469478750008,-0.00486026019427454,0.0180060336722049));
#2052=CARTESIAN_POINT('',(-0.00480153933344834,-0.00486719462306993,0.0169725427347126));
#2053=CARTESIAN_POINT('',(-0.00458321963794649,-0.0048827904380104,0.0148552635926186));
#2054=CARTESIAN_POINT('',(-0.00434103465304145,-0.00489122477589852,0.0137818809873351));
#2055=CARTESIAN_POINT('',(-0.00320462967462892,-0.00491742354503176,0.0106695133446763));
#2056=CARTESIAN_POINT('',(-0.00188015959290745,-0.0049360212466916,0.00875907440980529));
#2057=CARTESIAN_POINT('',(0.000567059244945469,-0.00496069708250972,0.0066225665788723));
#2058=CARTESIAN_POINT('',(0.00143734989362165,-0.00496799428525011,0.00603531315089921));
#2059=CARTESIAN_POINT('',(0.00330441004690803,-0.00498298227361019,0.00507080131269915));
#2060=CARTESIAN_POINT('',(0.0043243771921393,-0.00499117014890359,0.00468733058907749));
#2061=CARTESIAN_POINT('',(0.0075300328954926,-0.00501690382989063,0.00393061278666732));
#2062=CARTESIAN_POINT('',(0.00985797083770435,-0.00503559155493229,0.00398004894122631));
#2063=CARTESIAN_POINT('',(0.0130146642835437,-0.00506093218712312,0.00486014959737794));
#2064=CARTESIAN_POINT('',(0.0140109067814308,-0.00506892961073899,0.00528054543816147));
#2065=CARTESIAN_POINT('',(0.0158220538401971,-0.00508346875185204,0.00630581053806055));
#2066=CARTESIAN_POINT('',(0.0166885022293899,-0.00509127842894103,0.00693857433672206));
#2067=CARTESIAN_POINT('',(0.0190635515821057,-0.00511642571679612,0.00918456362752245));
#2068=CARTESIAN_POINT('',(0.0203074732468911,-0.00513509698161962,0.011152088651524));
#2069=CARTESIAN_POINT('',(0.02131345840237,-0.00516098751402644,0.0142954169678872));
#2070=CARTESIAN_POINT('',(0.0215110965172047,-0.00516925524393789,0.0153705535722454));
#2071=CARTESIAN_POINT('',(0.0216459739994103,-0.00518443631635717,0.017476350894674));
#2072=CARTESIAN_POINT('',(0.021590296410999,-0.00519157358766448,0.0185175823934221));
#2073=CARTESIAN_POINT('',(0.021021747310093,-0.00521602269417735,0.0217061276097099));
#2074=CARTESIAN_POINT('',(0.0200702734306816,-0.005234571335645,0.0238248591086719));
#2075=CARTESIAN_POINT('',(0.0179861956736208,-0.00526088787182143,0.026407027410619));
#2076=CARTESIAN_POINT('',(0.0171891348380387,-0.00526939079879024,0.02716991825331));
#2077=CARTESIAN_POINT('',(0.0154804583873055,-0.00528516313250144,0.0284521302538393));
#2078=CARTESIAN_POINT('',(0.0145862562645026,-0.00529207671932789,0.028968715690766));
#2079=CARTESIAN_POINT('',(0.0116401512836157,-0.00531572683423361,0.030228201304065));
#2080=CARTESIAN_POINT('',(0.00935774308415289,-0.00533404906529097,0.0306027228835452));
#2081=CARTESIAN_POINT('',(0.00604273615056528,-0.00536066057282421,0.0302808592258175));
#2082=CARTESIAN_POINT('',(0.00495907714223466,-0.00536935974010844,0.0300327245070696));
#2083=CARTESIAN_POINT('',(0.00292803521028627,-0.00538566410651104,0.0292992069326555));
#2084=CARTESIAN_POINT('',(0.00199803275806628,-0.00539280585665482,0.028827214053553));
#2085=CARTESIAN_POINT('',(-0.000636950209953419,-0.00541556826134376,0.0270743427787414));
#2086=CARTESIAN_POINT('',(-0.00219903772866268,-0.00543356462992549,0.0253875890125703));
#2087=CARTESIAN_POINT('',(-0.00427602329531627,-0.00546925852570352,0.0214524721632246));
#2088=CARTESIAN_POINT('',(-0.00477802450410097,-0.00548650960119315,0.0192422767681467));
#2089=CARTESIAN_POINT('',(-0.00474496863842571,-0.00551557469375611,0.0150805938348989));
#2090=CARTESIAN_POINT('',(-0.00420327433953984,-0.00553315186803147,0.0128650133242059));
#2091=CARTESIAN_POINT('',(-0.00205914185599242,-0.00556887259301111,0.00896480461166106));
#2092=CARTESIAN_POINT('',(-0.000471144746838473,-0.00558675720218566,0.00730908540002274));
#2093=CARTESIAN_POINT('',(0.00218150370564231,-0.0056092486080039,0.00560539419298963));
#2094=CARTESIAN_POINT('',(0.00312474585577421,-0.0056165400036326,0.00514493822373497));
#2095=CARTESIAN_POINT('',(0.00517340598597971,-0.00563298580165964,0.00444310589561729));
#2096=CARTESIAN_POINT('',(0.0062631596800105,-0.00564173389456534,0.00421299811587185));
#2097=CARTESIAN_POINT('',(0.00958564307372623,-0.0056684054200349,0.00394725036655911));
#2098=CARTESIAN_POINT('',(0.011857573578542,-0.00568664354048386,0.00436122494875075));
#2099=CARTESIAN_POINT('',(0.0147728163459099,-0.00571004590627652,0.00566410461049849));
#2100=CARTESIAN_POINT('',(0.0156596548758186,-0.00571697899462652,0.00619493465739433));
#2101=CARTESIAN_POINT('',(0.0173526713874312,-0.00573291138758955,0.00750921109765965));
#2102=CARTESIAN_POINT('',(0.0181386010413798,-0.00574147513136106,0.00828727651377138));
#2103=CARTESIAN_POINT('',(0.0201812450032531,-0.0057678905507707,0.0109075901453132));
#2104=CARTESIAN_POINT('',(0.0210942053738338,-0.00578638432360574,0.0130406650402191));
#2105=CARTESIAN_POINT('',(0.0216086191898426,-0.00581061257783043,0.0162286975440249));
#2106=CARTESIAN_POINT('',(0.0216479579750793,-0.00581763893386639,0.0172656989292421));
#2107=CARTESIAN_POINT('',(0.0214784514548186,-0.00583299630509982,0.0193768622605907));
#2108=CARTESIAN_POINT('',(0.021262253398796,-0.00584133572560712,0.0204515953637968));
#2109=CARTESIAN_POINT('',(0.020201675587706,-0.00586736232975297,0.0235829773645751));
#2110=CARTESIAN_POINT('',(0.0189236542465153,-0.00588600902468392,0.0255272807599821));
#2111=CARTESIAN_POINT('',(0.0165175934285853,-0.00591096574971377,0.0277279547222744));
#2112=CARTESIAN_POINT('',(0.0156502216617396,-0.00591853564422582,0.0283409708476652));
#2113=CARTESIAN_POINT('',(0.0138154025149752,-0.00593326481509166,0.0293413650246278));
#2114=CARTESIAN_POINT('',(0.0128090192015832,-0.00594134364498921,0.0297465668911211));
#2115=CARTESIAN_POINT('',(0.00963102465748267,-0.00596685527360574,0.0305756197897727));
#2116=CARTESIAN_POINT('',(0.00730231356506109,-0.0059855492051782,0.0305837710235303));
#2117=CARTESIAN_POINT('',(0.00411624518246852,-0.00601112564723802,0.029775060926329));
#2118=CARTESIAN_POINT('',(0.00310594974487881,-0.00601923588205406,0.0293759468894807));
#2119=CARTESIAN_POINT('',(0.00126191105332353,-0.00603403906362051,0.0283855685418855));
#2120=CARTESIAN_POINT('',(0.000393910932698781,-0.00604152445545921,0.0277800498087374));
#2121=CARTESIAN_POINT('',(-0.00202404795479511,-0.00606640343915937,0.0255974276328876));
#2122=CARTESIAN_POINT('',(-0.00331535030226731,-0.0060850380028462,0.0236625370068982));
#2123=CARTESIAN_POINT('',(-0.00439743183895754,-0.00611111543538668,0.020536258953198));
#2124=CARTESIAN_POINT('',(-0.00462097474147313,-0.00611948232940313,0.0194618145671603));
#2125=CARTESIAN_POINT('',(-0.00480423869352323,-0.00613490808877589,0.0173487570373108));
#2126=CARTESIAN_POINT('',(-0.00477129445189566,-0.00614190099775875,0.0163130324305537));
#2127=CARTESIAN_POINT('',(-0.00427817854664826,-0.00616603981247178,0.0131255686895494));
#2128=CARTESIAN_POINT('',(-0.00338050845455901,-0.00618450955837809,0.0109871220187294));
#2129=CARTESIAN_POINT('',(-0.00135450659036767,-0.00621096097176865,0.00835202263787705));
#2130=CARTESIAN_POINT('',(-0.000573087754751409,-0.0062195478104208,0.00756803089633264));
#2131=CARTESIAN_POINT('',(0.00111350913473852,-0.00623554198592802,0.00624116118905269));
#2132=CARTESIAN_POINT('',(0.00199777546080456,-0.00624249315041138,0.00570449473120441));
#2133=CARTESIAN_POINT('',(0.0049005892508166,-0.00626579574150337,0.0043847549456852));
#2134=CARTESIAN_POINT('',(0.00716810235004353,-0.00628399840084336,0.00395531099626252));
#2135=CARTESIAN_POINT('',(0.0104931453296328,-0.00631069047361195,0.00419883997793297));
#2136=CARTESIAN_POINT('',(0.0115851820858031,-0.00631945689399827,0.00442177547815784));
#2137=CARTESIAN_POINT('',(0.0136405997946646,-0.00633595693907786,0.00511094391452326));
#2138=CARTESIAN_POINT('',(0.0145894487093858,-0.00634331768117819,0.00556696178947869));
#2139=CARTESIAN_POINT('',(0.0172487166078441,-0.00636570043218753,0.00725120218228731));
#2140=CARTESIAN_POINT('',(0.0188466917630713,-0.0063835388149555,0.00889451128871409));
#2141=CARTESIAN_POINT('',(0.0210170888624225,-0.00641926586938958,0.0127804665567426));
#2142=CARTESIAN_POINT('',(0.0215745112349816,-0.00643689530497956,0.014994483807974));
#2143=CARTESIAN_POINT('',(0.0216338112972361,-0.00646611138693372,0.0191627331941873));
#2144=CARTESIAN_POINT('',(0.0211472738276025,-0.00648316421457567,0.0213674322633693));
#2145=CARTESIAN_POINT('',(0.0190970292064103,-0.0065188432634099,0.0253158523974784));
#2146=CARTESIAN_POINT('',(0.0175454175532176,-0.00653688161588022,0.0270146934347185));
#2147=CARTESIAN_POINT('',(0.0149177636374662,-0.00655974927849277,0.0287869366019183));
#2148=CARTESIAN_POINT('',(0.0139926117547894,-0.00656684225245008,0.029263612114286));
#2149=CARTESIAN_POINT('',(0.0119687187836251,-0.00658308922994594,0.0300094792813712));
#2150=CARTESIAN_POINT('',(0.0108875872800301,-0.00659176810746527,0.0302646723693741));
#2151=CARTESIAN_POINT('',(0.00757592197228835,-0.00661835278980534,0.0306086152355651));
#2152=CARTESIAN_POINT('',(0.00528966133066925,-0.00663670594667839,0.0302497682367665));
#2153=CARTESIAN_POINT('',(0.00233162456649141,-0.00666045184501603,0.0290076801560964));
#2154=CARTESIAN_POINT('',(0.00143417423909298,-0.00666736811445905,0.0284965157215757));
#2155=CARTESIAN_POINT('',(-0.000280446470971422,-0.00668307589008187,0.0272270217757829));
#2156=CARTESIAN_POINT('',(-0.0010817840786043,-0.00669155390851597,0.0264701830106395));
#2157=CARTESIAN_POINT('',(-0.00318192841684091,-0.00671782838929008,0.0239033400675989));
#2158=CARTESIAN_POINT('',(-0.00414851370716762,-0.00673639631036989,0.0217905599366441));
#2159=CARTESIAN_POINT('',(-0.00473849996353396,-0.0067609303028312,0.0186021813420755));
#2160=CARTESIAN_POINT('',(-0.00480069557777371,-0.00676812167802442,0.0175588885750067));
#2161=CARTESIAN_POINT('',(-0.00467939782189952,-0.00678323197779232,0.0154554310412638));
#2162=CARTESIAN_POINT('',(-0.00448906617954686,-0.00679147059441744,0.0143802637430635));
#2163=CARTESIAN_POINT('',(-0.00350467258009622,-0.00681730455202852,0.0112326073418984));
#2164=CARTESIAN_POINT('',(-0.00227438779398549,-0.00683598307799335,0.00925616460855433));
#2165=CARTESIAN_POINT('',(0.00087556535783241,-0.00686960969414167,0.00623788657398202));
#2166=CARTESIAN_POINT('',(0.00269892857521348,-0.00688312171824242,0.00519042100019709));
#2167=CARTESIAN_POINT('',(0.00689620047910689,-0.00691681568483954,0.00399034627071424));
#2168=CARTESIAN_POINT('',(0.00922352819415437,-0.00693549851122937,0.00392462298809726));
#2169=CARTESIAN_POINT('',(0.0124365706500692,-0.0069612914900174,0.00466063996187007));
#2170=CARTESIAN_POINT('',(0.0134602597913951,-0.00696950924395936,0.00503784903797947));
#2171=CARTESIAN_POINT('',(0.0153362724425402,-0.00698456909927748,0.00599195565823141));
#2172=CARTESIAN_POINT('',(0.0162077519121587,-0.00699180225757511,0.006572276268169));
#2173=CARTESIAN_POINT('',(0.0170272255376292,-0.00700000000000314,0.00727832886550412));
#2174=CARTESIAN_POINT('',(0.0142871582228785,-0.00386810524976807,0.00558788641271867));
#2175=CARTESIAN_POINT('',(0.0152204607635781,-0.00387566349354745,0.00605663437422746));
#2176=CARTESIAN_POINT('',(0.0160853746089459,-0.00388284992638316,0.00662653051956692));
#2177=CARTESIAN_POINT('',(0.0177157804232151,-0.00389920102921538,0.00801662161188037));
#2178=CARTESIAN_POINT('',(0.0184618686413654,-0.00390791653874444,0.00882855995242064));
#2179=CARTESIAN_POINT('',(0.0203667909141978,-0.00393454886602181,0.0115260974284982));
#2180=CARTESIAN_POINT('',(0.0211637943959578,-0.00395284458056127,0.0136746241785841));
#2181=CARTESIAN_POINT('',(0.021525583364849,-0.00397641472072375,0.0168264710678074));
#2182=CARTESIAN_POINT('',(0.0215201378836238,-0.00398333052303858,0.0178502213862253));
#2183=CARTESIAN_POINT('',(0.0212548078904704,-0.00399915559310041,0.0199534354928544));
#2184=CARTESIAN_POINT('',(0.0209889032392575,-0.00400767870941458,0.0210151757428508));
#2185=CARTESIAN_POINT('',(0.0197877520795215,-0.004034028692959,0.0240787779499321));
#2186=CARTESIAN_POINT('',(0.0184301764546884,-0.00405256039363731,0.0259373060797774));
#2187=CARTESIAN_POINT('',(0.0159660013293819,-0.00407693840660173,0.0279905295249328));
#2188=CARTESIAN_POINT('',(0.0150984126506771,-0.0040840353951959,0.0285490350104866));
#2189=CARTESIAN_POINT('',(0.0132166764470935,-0.00409927442041541,0.0294681924902852));
#2190=CARTESIAN_POINT('',(0.0121928390880828,-0.00410756585005625,0.0298261703267465));
#2191=CARTESIAN_POINT('',(0.00899022036547322,-0.00413350189113862,0.030503354387736));
#2192=CARTESIAN_POINT('',(0.00668553550899615,-0.00415216611760351,0.030397358659471));
#2193=CARTESIAN_POINT('',(0.00358785983639984,-0.00417725228940946,0.0294555778413796));
#2194=CARTESIAN_POINT('',(0.00262075697419806,-0.00418497974815163,0.0290219664700049));
#2195=CARTESIAN_POINT('',(0.000846000362214307,-0.00419958123794525,0.0279646832480645));
#2196=CARTESIAN_POINT('',(-6.09178469000163E-6,-0.00420760549024496,0.0273125085539405));
#2197=CARTESIAN_POINT('',(-0.00231545353662536,-0.00423300293691389,0.0250245485881607));
#2198=CARTESIAN_POINT('',(-0.00350031877064652,-0.00425169366294758,0.0230436315897859));
#2199=CARTESIAN_POINT('',(-0.00442181678555548,-0.00427737718168343,0.0199135988103168));
#2200=CARTESIAN_POINT('',(-0.00459219785209233,-0.00428554004923,0.018848073718295));
#2201=CARTESIAN_POINT('',(-0.00467857766032867,-0.00430046821453931,0.0167694269788664));
#2202=CARTESIAN_POINT('',(-0.00460034715192677,-0.00430782268834194,0.0157291039903634));
#2203=CARTESIAN_POINT('',(-0.00396154841234221,-0.0043325657255729,0.012569952362297));
#2204=CARTESIAN_POINT('',(-0.00296572254855391,-0.00435117640911086,0.0104913062151802));
#2205=CARTESIAN_POINT('',(-0.000844340561418239,-0.0043773367944748,0.00798603319888697));
#2206=CARTESIAN_POINT('',(-3.95675130673642E-5,-0.00438574948609096,0.00725115356278184));
#2207=CARTESIAN_POINT('',(0.00167439171840106,-0.00440129036717445,0.00602482674998739));
#2208=CARTESIAN_POINT('',(0.00257303013142191,-0.00440823972447801,0.00553127162600623));
#2209=CARTESIAN_POINT('',(0.00553451456760428,-0.00443222296714732,0.00434438367944573));
#2210=CARTESIAN_POINT('',(0.00780974019547246,-0.00445064862142188,0.00402826263192823));
#2211=CARTESIAN_POINT('',(0.0110830903911686,-0.00447715747324155,0.00442442765629974));
#2212=CARTESIAN_POINT('',(0.0121481238357914,-0.0044857825246655,0.00469495938167229));
#2213=CARTESIAN_POINT('',(0.0141358987869227,-0.00450188029254248,0.00546490590722108));
#2214=CARTESIAN_POINT('',(0.0150417124735877,-0.00450887588074031,0.00594953343620061));
#2215=CARTESIAN_POINT('',(0.0176270974519553,-0.00453200562999144,0.00775479385471563));
#2216=CARTESIAN_POINT('',(0.0191382283772792,-0.00455014483113624,0.00946870262063309));
#2217=CARTESIAN_POINT('',(0.0206116951228973,-0.00457686784878609,0.0124282720613438));
#2218=CARTESIAN_POINT('',(0.020973982369681,-0.00458566425092537,0.0134733319913257));
#2219=CARTESIAN_POINT('',(0.0214254044998336,-0.00460225478972014,0.0155782493783026));
#2220=CARTESIAN_POINT('',(0.0215155936652957,-0.00460974730970975,0.0166237685333523));
#2221=CARTESIAN_POINT('',(0.0214216706252893,-0.00463194245114884,0.0197342150134096));
#2222=CARTESIAN_POINT('',(0.0208296049587624,-0.00464969920198456,0.0219242150430785));
#2223=CARTESIAN_POINT('',(0.0186128747249782,-0.00468543148079944,0.0257392379784582));
#2224=CARTESIAN_POINT('',(0.0170044521233458,-0.0047031475294845,0.0273366405809052));
#2225=CARTESIAN_POINT('',(0.0143526972771204,-0.00472525098627582,0.028957249411459));
#2226=CARTESIAN_POINT('',(0.0133970983418246,-0.00473281329435602,0.029398388589739));
#2227=CARTESIAN_POINT('',(0.0113431900026344,-0.0047494466359051,0.0300493546528617));
#2228=CARTESIAN_POINT('',(0.0102552807318356,-0.00475825694458847,0.0302521998809011));
#2229=CARTESIAN_POINT('',(0.00695386831015528,-0.00478499305513264,0.0304376704316975));
#2230=CARTESIAN_POINT('',(0.00471796652831578,-0.00480310024974202,0.0299734218668953));
#2231=CARTESIAN_POINT('',(0.00187233392843727,-0.00482614527957799,0.0286235756201145));
#2232=CARTESIAN_POINT('',(0.00100143954292836,-0.00483316849064153,0.0280763756157012));
#2233=CARTESIAN_POINT('',(-0.000653698183938749,-0.00484931550204283,0.0267296636808814));
#2234=CARTESIAN_POINT('',(-0.0014166698723588,-0.00485795848209383,0.0259378145625702));
#2235=CARTESIAN_POINT('',(-0.00338247332028652,-0.00488449329394113,0.0232893309934689));
#2236=CARTESIAN_POINT('',(-0.00423370701704996,-0.00490289623690375,0.0211568250106538));
#2237=CARTESIAN_POINT('',(-0.00466924019613638,-0.00492680294317836,0.0179995654044728));
#2238=CARTESIAN_POINT('',(-0.00468593748261368,-0.00493373737197376,0.0169751095178009));
#2239=CARTESIAN_POINT('',(-0.00446952639556922,-0.00494933318691422,0.014876340189345));
#2240=CARTESIAN_POINT('',(-0.00422945865578666,-0.00495776752480234,0.0138123413783808));
#2241=CARTESIAN_POINT('',(-0.00310298842992973,-0.00498396629393558,0.0107271828759311));
#2242=CARTESIAN_POINT('',(-0.00179009721558312,-0.00500256399559542,0.0088334455029601));
#2243=CARTESIAN_POINT('',(0.000635727388642454,-0.00502723983141355,0.00671561558794317));
#2244=CARTESIAN_POINT('',(0.0014984097265401,-0.00503453703415394,0.00613349608458776));
#2245=CARTESIAN_POINT('',(0.00334914754669556,-0.00504952502251401,0.00517741626369798));
#2246=CARTESIAN_POINT('',(0.00436019786967139,-0.00505771289780741,0.00479729794245387));
#2247=CARTESIAN_POINT('',(0.00753782888394271,-0.00508344657879444,0.00404719556699462));
#2248=CARTESIAN_POINT('',(0.00984541537763042,-0.00510213430383611,0.00409619953762959));
#2249=CARTESIAN_POINT('',(0.0129745121753787,-0.00512747493602694,0.00496860612132556));
#2250=CARTESIAN_POINT('',(0.0139620452581453,-0.00513547235964281,0.00538532675060182));
#2251=CARTESIAN_POINT('',(0.015757358790825,-0.00515001150075586,0.00640162871212606));
#2252=CARTESIAN_POINT('',(0.0166162324592869,-0.00515782117784485,0.00702886072248564));
#2253=CARTESIAN_POINT('',(0.0189705185030814,-0.00518296846569994,0.00925521498152317));
#2254=CARTESIAN_POINT('',(0.0202035654760333,-0.00520163973052344,0.0112055393819515));
#2255=CARTESIAN_POINT('',(0.0212007560435052,-0.00522753026293026,0.0143213878917166));
#2256=CARTESIAN_POINT('',(0.0213966663537247,-0.00523579799284171,0.015387125367832));
#2257=CARTESIAN_POINT('',(0.0215303647013467,-0.00525097906526099,0.0174745132537235));
#2258=CARTESIAN_POINT('',(0.0214751738611231,-0.0052581163365683,0.0185066420316197));
#2259=CARTESIAN_POINT('',(0.020911595166666,-0.00528256544308117,0.0216673121432241));
#2260=CARTESIAN_POINT('',(0.0199684393232845,-0.00530111408454882,0.0237675211316605));
#2261=CARTESIAN_POINT('',(0.0179025811245821,-0.00532743062072525,0.0263271154361119));
#2262=CARTESIAN_POINT('',(0.0171124884054054,-0.00533593354769406,0.027083336885503));
#2263=CARTESIAN_POINT('',(0.015418749655631,-0.00535170588140526,0.0283543394499677));
#2264=CARTESIAN_POINT('',(0.0145323648840308,-0.00535861946823171,0.0288664087605246));
#2265=CARTESIAN_POINT('',(0.0116120155312377,-0.00538226958313743,0.0301148836178404));
#2266=CARTESIAN_POINT('',(0.00934956074725896,-0.00540059181419479,0.0304861310307254));
#2267=CARTESIAN_POINT('',(0.00606353448009826,-0.00542720332172803,0.0301670811901289));
#2268=CARTESIAN_POINT('',(0.00498934910511746,-0.00543590248901226,0.0299211157306486));
#2269=CARTESIAN_POINT('',(0.00297606307833249,-0.00545220685541486,0.0291940107606629));
#2270=CARTESIAN_POINT('',(0.00205419095325326,-0.00545934860555864,0.0287261441680084));
#2271=CARTESIAN_POINT('',(-0.000557756297506532,-0.00548211101024758,0.0269885969569838));
#2272=CARTESIAN_POINT('',(-0.00210618763442906,-0.00550010737882931,0.0253165892378712));
#2273=CARTESIAN_POINT('',(-0.0041650156445265,-0.00553580127460735,0.0214158742196668));
#2274=CARTESIAN_POINT('',(-0.004662628226117,-0.00555305235009697,0.0192250009366587));
#2275=CARTESIAN_POINT('',(-0.00462986134355273,-0.00558211744265993,0.0150997005351157));
#2276=CARTESIAN_POINT('',(-0.00409290267934149,-0.00559969461693529,0.0129034892145961));
#2277=CARTESIAN_POINT('',(-0.0019675147684377,-0.00563541534191493,0.00903737715703803));
#2278=CARTESIAN_POINT('',(-0.000393400349555374,-0.00565329995108948,0.00739613268018319));
#2279=CARTESIAN_POINT('',(0.00223605794933318,-0.00567579135690772,0.00570733559179134));
#2280=CARTESIAN_POINT('',(0.00317105402738729,-0.00568308275253642,0.0052509050502708));
#2281=CARTESIAN_POINT('',(0.00520180422948554,-0.00569952855056346,0.00455520832578722));
#2282=CARTESIAN_POINT('',(0.00628203100881392,-0.00570827664346916,0.00432711220904601));
#2283=CARTESIAN_POINT('',(0.00957546837491306,-0.00573494816893872,0.0040636876967674));
#2284=CARTESIAN_POINT('',(0.0118275370630195,-0.00575318628938768,0.00447404320379086));
#2285=CARTESIAN_POINT('',(0.0147172940079178,-0.00577658865518034,0.00576553274731925));
#2286=CARTESIAN_POINT('',(0.0155963795610985,-0.00578352174353034,0.00629172213770165));
#2287=CARTESIAN_POINT('',(0.0172745952750773,-0.00579945413649337,0.00759450882609884));
#2288=CARTESIAN_POINT('',(0.0180536541243512,-0.00580801788026487,0.0083657721887807));
#2289=CARTESIAN_POINT('',(0.0200784407530503,-0.00583443329967452,0.0109631783462777));
#2290=CARTESIAN_POINT('',(0.0209834197828704,-0.00585292707250956,0.0130776053369012));
#2291=CARTESIAN_POINT('',(0.0214933364573932,-0.00587715532673425,0.0162377672182915));
#2292=CARTESIAN_POINT('',(0.0215323313325762,-0.00588418168277021,0.0172657028634269));
#2293=CARTESIAN_POINT('',(0.0213643066830987,-0.00589953905400364,0.0193584098471707));
#2294=CARTESIAN_POINT('',(0.0211499986876006,-0.00590787847451095,0.0204237473496479));
#2295=CARTESIAN_POINT('',(0.0200986927279362,-0.00593390507865679,0.0235277539816749));
#2296=CARTESIAN_POINT('',(0.0188318441869591,-0.00595255177358774,0.025455059763121));
#2297=CARTESIAN_POINT('',(0.0164468177883724,-0.00597750849861759,0.0276364948522244));
#2298=CARTESIAN_POINT('',(0.0155870288146692,-0.00598507839312964,0.0282441518286903));
#2299=CARTESIAN_POINT('',(0.0137682501416387,-0.00599980756399548,0.0292358002954571));
#2300=CARTESIAN_POINT('',(0.0127706648970554,-0.00600788639389303,0.0296374597801806));
#2301=CARTESIAN_POINT('',(0.00962045322087464,-0.00603339802250956,0.0304592648793593));
#2302=CARTESIAN_POINT('',(0.0073121003360605,-0.00605209195408202,0.0304673448528779));
#2303=CARTESIAN_POINT('',(0.00415388540501691,-0.00607766839614184,0.0296657047130047));
#2304=CARTESIAN_POINT('',(0.00315242223705921,-0.00608577863095788,0.0292700798365111));
#2305=CARTESIAN_POINT('',(0.00132450461893421,-0.00610058181252433,0.0282883596380852));
#2306=CARTESIAN_POINT('',(0.000464092784686619,-0.00610806720436303,0.0276881345096781));
#2307=CARTESIAN_POINT('',(-0.00193272766739635,-0.00613294618806318,0.025524593393531));
#2308=CARTESIAN_POINT('',(-0.00321274110858929,-0.00615158075175002,0.0236066180925855));
#2309=CARTESIAN_POINT('',(-0.00428536280260354,-0.0061776581842905,0.0205076707875826));
#2310=CARTESIAN_POINT('',(-0.00450695143400607,-0.00618602507830695,0.0194426194782322));
#2311=CARTESIAN_POINT('',(-0.00468861324416963,-0.00620145083767972,0.0173480348555713));
#2312=CARTESIAN_POINT('',(-0.00465595700980613,-0.00620844374666256,0.0163213648269613));
#2313=CARTESIAN_POINT('',(-0.00416715205408194,-0.0062325825613756,0.0131617667360978));
#2314=CARTESIAN_POINT('',(-0.00327732963109909,-0.00625105230728191,0.0110420149310444));
#2315=CARTESIAN_POINT('',(-0.00126903961046726,-0.00627750372067248,0.00842995228516374));
#2316=CARTESIAN_POINT('',(-0.000494452144760142,-0.00628609055932462,0.00765281440655184));
#2317=CARTESIAN_POINT('',(0.00117740006912875,-0.00630208473483185,0.00633754454480736));
#2318=CARTESIAN_POINT('',(0.00205393590535218,-0.0063090358993152,0.00580556976691903));
#2319=CARTESIAN_POINT('',(0.00493137253029847,-0.00633233849040719,0.00449736749527556));
#2320=CARTESIAN_POINT('',(0.00717906243094277,-0.00635054114974718,0.00407167785831635));
#2321=CARTESIAN_POINT('',(0.0104750370063395,-0.00637723322251577,0.00431307784528952));
#2322=CARTESIAN_POINT('',(0.011557526888675,-0.00638599964290209,0.00453406438447262));
#2323=CARTESIAN_POINT('',(0.0135949755928913,-0.00640249968798168,0.0052172079282914));
#2324=CARTESIAN_POINT('',(0.0145355294197174,-0.00640986043008201,0.00566923917450561));
#2325=CARTESIAN_POINT('',(0.0171715492956378,-0.00643224318109135,0.00733875549282975));
#2326=CARTESIAN_POINT('',(0.0187555545298785,-0.00645008156385932,0.00896769835689151));
#2327=CARTESIAN_POINT('',(0.0209069774443757,-0.00648580861829339,0.0128196815773109));
#2328=CARTESIAN_POINT('',(0.0214595266832849,-0.00650343805388339,0.0150143433047962));
#2329=CARTESIAN_POINT('',(0.0215183083287282,-0.00653265413583755,0.019146152753638));
#2330=CARTESIAN_POINT('',(0.0210360242981957,-0.00654970696347949,0.0213315777610833));
#2331=CARTESIAN_POINT('',(0.0190037034571496,-0.00658538601231372,0.0252454797632209));
#2332=CARTESIAN_POINT('',(0.0174656564029596,-0.00660342436478404,0.0269294690832855));
#2333=CARTESIAN_POINT('',(0.0148609741319568,-0.00662629202739659,0.028686218832497));
#2334=CARTESIAN_POINT('',(0.0139439101714604,-0.0066333850013539,0.0291587271215996));
#2335=CARTESIAN_POINT('',(0.0119377106073556,-0.00664963197884976,0.0298980737208546));
#2336=CARTESIAN_POINT('',(0.0108660306409962,-0.00665831085636909,0.0301510358434611));
#2337=CARTESIAN_POINT('',(0.00758331678630538,-0.00668489553870916,0.0304919718702472));
#2338=CARTESIAN_POINT('',(0.00531704323923754,-0.00670324869558221,0.0301362620067183));
#2339=CARTESIAN_POINT('',(0.00238486641395532,-0.00672699459391985,0.0289050325882049));
#2340=CARTESIAN_POINT('',(0.00149526183442232,-0.00673391086336287,0.0283983368882186));
#2341=CARTESIAN_POINT('',(-0.000204369208397784,-0.00674961863898569,0.0271399411938959));
#2342=CARTESIAN_POINT('',(-0.000998701310954087,-0.00675809665741979,0.0263897189131916));
#2343=CARTESIAN_POINT('',(-0.00308048563253489,-0.0067843711381939,0.0238453159893102));
#2344=CARTESIAN_POINT('',(-0.00403862077888504,-0.00680293905927371,0.0217510063404494));
#2345=CARTESIAN_POINT('',(-0.00462344921952588,-0.00682747305173502,0.0185905013939132));
#2346=CARTESIAN_POINT('',(-0.00468510110327407,-0.00683466442692824,0.0175563293678486));
#2347=CARTESIAN_POINT('',(-0.00456486376442819,-0.00684977472669614,0.0154712608155919));
#2348=CARTESIAN_POINT('',(-0.00437619605157795,-0.00685801334332126,0.014405492913968));
#2349=CARTESIAN_POINT('',(-0.00340040828104712,-0.00688384730093234,0.0112853541566619));
#2350=CARTESIAN_POINT('',(-0.00218087896957359,-0.00690252582689717,0.00932619000786214));
#2351=CARTESIAN_POINT('',(0.000941536459584279,-0.00693615244304549,0.00633429855728678));
#2352=CARTESIAN_POINT('',(0.00274895935399269,-0.00694966446714624,0.00529599020428469));
#2353=CARTESIAN_POINT('',(0.0069095375979974,-0.00698335843374336,0.00410640684514262));
#2354=CARTESIAN_POINT('',(0.00921651919928793,-0.00700204126013319,0.00404125813282614));
#2355=CARTESIAN_POINT('',(0.0124014723891784,-0.00702783423892122,0.00477084065176107));
#2356=CARTESIAN_POINT('',(0.0134162121695756,-0.00703605199286318,0.00514475206646977));
#2357=CARTESIAN_POINT('',(0.0152758242224883,-0.0070511118481813,0.00609051763457577));
#2358=CARTESIAN_POINT('',(0.0161396849883415,-0.00705834500647893,0.00666576492842257));
#2359=CARTESIAN_POINT('',(0.016951994558876,-0.00706654274890697,0.00736564502741511));
#2360=CARTESIAN_POINT('',(0.0142354294095546,-0.00393464799867189,0.00569088127747964));
#2361=CARTESIAN_POINT('',(0.0151605008141011,-0.00394220624245127,0.00615549517942642));
#2362=CARTESIAN_POINT('',(0.0160177866682107,-0.00394939267528698,0.00672036520240919));
#2363=CARTESIAN_POINT('',(0.0176338133378223,-0.0039657437781192,0.00809819657341367));
#2364=CARTESIAN_POINT('',(0.0183733215313419,-0.00397445928764826,0.00890297413303092));
#2365=CARTESIAN_POINT('',(0.0202614435985551,-0.00400109161492563,0.0115767210403752));
#2366=CARTESIAN_POINT('',(0.0210514180153692,-0.00401938732946509,0.0137062991479393));
#2367=CARTESIAN_POINT('',(0.0214100162351392,-0.00404295746962757,0.0168303487477015));
#2368=CARTESIAN_POINT('',(0.0214046187796027,-0.00404987327194241,0.0178450702379634));
#2369=CARTESIAN_POINT('',(0.0211416288286156,-0.00406569834200423,0.0199297353308314));
#2370=CARTESIAN_POINT('',(0.0208780692876884,-0.00407422145831839,0.0209821117055829));
#2371=CARTESIAN_POINT('',(0.0196875115189537,-0.00410057144186282,0.0240186948853012));
#2372=CARTESIAN_POINT('',(0.0183419088496401,-0.00411910314254113,0.0258608319764276));
#2373=CARTESIAN_POINT('',(0.0158994661852204,-0.00414348115550556,0.0278959472937332));
#2374=CARTESIAN_POINT('',(0.0150395290881065,-0.00415057814409972,0.0284495271153213));
#2375=CARTESIAN_POINT('',(0.0131743886037247,-0.00416581716931923,0.0293605782094278));
#2376=CARTESIAN_POINT('',(0.0121595808405129,-0.00417410859896007,0.0297153989085374));
#2377=CARTESIAN_POINT('',(0.0089852071827161,-0.00420004464004244,0.0303866106358371));
#2378=CARTESIAN_POINT('',(0.00670084818416421,-0.00421870886650733,0.0302815497226325));
#2379=CARTESIAN_POINT('',(0.00363049204527443,-0.00424379503831328,0.0293480748137206));
#2380=CARTESIAN_POINT('',(0.00267191841661227,-0.00425152249705545,0.0289182876194798));
#2381=CARTESIAN_POINT('',(0.000912814031719599,-0.00426612398684907,0.0278703289646253));
#2382=CARTESIAN_POINT('',(6.82367968295978E-5,-0.00427414823914878,0.0272239060374458));
#2383=CARTESIAN_POINT('',(-0.00222075784993052,-0.00429954568581771,0.0249561244266686));
#2384=CARTESIAN_POINT('',(-0.00339517332448044,-0.0043182364118514,0.0229926778591674));
#2385=CARTESIAN_POINT('',(-0.00430854431166293,-0.00434391993058725,0.0198902499825542));
#2386=CARTESIAN_POINT('',(-0.0044774227253135,-0.00435208279813382,0.0188341221456822));
#2387=CARTESIAN_POINT('',(-0.00456304071845617,-0.00436701096344313,0.0167738077514259));
#2388=CARTESIAN_POINT('',(-0.00448550015349478,-0.00437436543724576,0.0157426597515124));
#2389=CARTESIAN_POINT('',(-0.00385233521342389,-0.00439910847447672,0.0126113698360683));
#2390=CARTESIAN_POINT('',(-0.00286529190182215,-0.00441771915801468,0.0105510560288999));
#2391=CARTESIAN_POINT('',(-0.000762619157624549,-0.00444387954337862,0.00806787793081205));
#2392=CARTESIAN_POINT('',(3.50563031334653E-5,-0.00445229223499478,0.00733947946675679));
#2393=CARTESIAN_POINT('',(0.0017338995018261,-0.00446783311607827,0.00612396807824764));
#2394=CARTESIAN_POINT('',(0.00262461249430287,-0.00447478247338183,0.00563476579725934));
#2395=CARTESIAN_POINT('',(0.00555997851705953,-0.00449876571605114,0.00445834544921111));
#2396=CARTESIAN_POINT('',(0.0078151380987046,-0.0045171913703257,0.00414501238872834));
#2397=CARTESIAN_POINT('',(0.0110596194228802,-0.00454370022214537,0.00453768348898364));
#2398=CARTESIAN_POINT('',(0.0121152599483712,-0.00455232527356932,0.00480582929621267));
#2399=CARTESIAN_POINT('',(0.0140855039858376,-0.0045684230414463,0.00556898538199946));
#2400=CARTESIAN_POINT('',(0.0149833289705983,-0.00457541862964413,0.00604933880370875));
#2401=CARTESIAN_POINT('',(0.0175459124940925,-0.00459854837889527,0.00783867797091623));
#2402=CARTESIAN_POINT('',(0.0190437162035899,-0.00461668758004006,0.00953747114913204));
#2403=CARTESIAN_POINT('',(0.0205041879075455,-0.00464341059768991,0.0124709390654619));
#2404=CARTESIAN_POINT('',(0.0208632800107131,-0.00465220699982919,0.0135067822300364));
#2405=CARTESIAN_POINT('',(0.0213107208841416,-0.00466879753862396,0.0155931355814005));
#2406=CARTESIAN_POINT('',(0.0214001146383967,-0.00467629005861357,0.0166294339209691));
#2407=CARTESIAN_POINT('',(0.0213070199400013,-0.00469848520005266,0.0197124482369022));
#2408=CARTESIAN_POINT('',(0.0207201759169397,-0.00471624195088838,0.0218831338560416));
#2409=CARTESIAN_POINT('',(0.0185229958371228,-0.00475197422970326,0.0256645107100718));
#2410=CARTESIAN_POINT('',(0.0169287585021625,-0.00476969027838832,0.0272478252352464));
#2411=CARTESIAN_POINT('',(0.0143003904509279,-0.00479179373517964,0.0288541413243222));
#2412=CARTESIAN_POINT('',(0.0133532192918366,-0.00479935604325984,0.0292913899349882));
#2413=CARTESIAN_POINT('',(0.011317425120827,-0.00481598938480892,0.0299366148905248));
#2414=CARTESIAN_POINT('',(0.0102391105194303,-0.00482479969349229,0.0301376711523746));
#2415=CARTESIAN_POINT('',(0.00696681446029598,-0.00485153580403646,0.030321505970609));
#2416=CARTESIAN_POINT('',(0.00475063191331177,-0.00486964299864584,0.0298613517835451));
#2417=CARTESIAN_POINT('',(0.00193009598718014,-0.00489268802848181,0.0285234103240743));
#2418=CARTESIAN_POINT('',(0.00106688233749848,-0.00489971123954535,0.0279810362764573));
#2419=CARTESIAN_POINT('',(-0.000573658124936418,-0.00491585825094665,0.026646201486305));
#2420=CARTESIAN_POINT('',(-0.00132990088723185,-0.00492450123099765,0.025861335974725));
#2421=CARTESIAN_POINT('',(-0.00327836719621015,-0.00495103604284495,0.0232362103500261));
#2422=CARTESIAN_POINT('',(-0.00412209355194477,-0.00496943898580757,0.0211225117167318));
#2423=CARTESIAN_POINT('',(-0.00455378560477267,-0.00499334569208218,0.0179930971367408));
#2424=CARTESIAN_POINT('',(-0.00457033563177902,-0.00500028012087757,0.0169776763008891));
#2425=CARTESIAN_POINT('',(-0.00435583315319196,-0.00501587593581804,0.0148974167860713));
#2426=CARTESIAN_POINT('',(-0.00411788265853188,-0.00502431027370616,0.0138428017694266));
#2427=CARTESIAN_POINT('',(-0.00300134718523053,-0.0050505090428394,0.0107848524071858));
#2428=CARTESIAN_POINT('',(-0.00170003483825879,-0.00506910674449924,0.0089078165961149));
#2429=CARTESIAN_POINT('',(0.00070439553233944,-0.00509378258031737,0.00680866459701404));
#2430=CARTESIAN_POINT('',(0.00155946955945854,-0.00510107978305776,0.00623167901827631));
#2431=CARTESIAN_POINT('',(0.00339388504648308,-0.00511606777141783,0.0052840312146968));
#2432=CARTESIAN_POINT('',(0.00439601854720347,-0.00512425564671123,0.00490726529583024));
#2433=CARTESIAN_POINT('',(0.00754562487239283,-0.00514998932769827,0.00416377834732191));
#2434=CARTESIAN_POINT('',(0.00983285991755649,-0.00516867705273993,0.00421235013403287));
#2435=CARTESIAN_POINT('',(0.0129343600672136,-0.00519401768493075,0.00507706264527318));
#2436=CARTESIAN_POINT('',(0.0139131837348599,-0.00520201510854663,0.00549010806304218));
#2437=CARTESIAN_POINT('',(0.015692663741453,-0.00521655424965968,0.00649744688619157));
#2438=CARTESIAN_POINT('',(0.0165439626891839,-0.00522436392674867,0.00711914710824922));
#2439=CARTESIAN_POINT('',(0.018877485424057,-0.00524951121460376,0.0093258663355239));
#2440=CARTESIAN_POINT('',(0.0200996577051755,-0.00526818247942726,0.0112589901123791));
#2441=CARTESIAN_POINT('',(0.0210880536846404,-0.00529407301183408,0.0143473588155459));
#2442=CARTESIAN_POINT('',(0.0212822361902446,-0.00530234074174553,0.0154036971634186));
#2443=CARTESIAN_POINT('',(0.0214147554032831,-0.00531752181416481,0.017472675612773));
#2444=CARTESIAN_POINT('',(0.0213600513112472,-0.00532465908547212,0.0184957016698174));
#2445=CARTESIAN_POINT('',(0.0208014430232389,-0.00534910819198499,0.0216284966767382));
#2446=CARTESIAN_POINT('',(0.0198666052158874,-0.00536765683345264,0.0237101831546491));
#2447=CARTESIAN_POINT('',(0.0178189665755434,-0.00539397336962907,0.0262472034616049));
#2448=CARTESIAN_POINT('',(0.0170358419727721,-0.00540247629659788,0.0269967555176961));
#2449=CARTESIAN_POINT('',(0.0153570409239565,-0.00541824863030908,0.028256548646096));
#2450=CARTESIAN_POINT('',(0.0144784735035589,-0.00542516221713554,0.0287641018302833));
#2451=CARTESIAN_POINT('',(0.0115838797788596,-0.00544881233204125,0.0300015659316158));
#2452=CARTESIAN_POINT('',(0.00934137841036504,-0.00546713456309861,0.0303695391779057));
#2453=CARTESIAN_POINT('',(0.00608433280963123,-0.00549374607063185,0.0300533031544403));
#2454=CARTESIAN_POINT('',(0.00501962106800026,-0.00550244523791608,0.0298095069542276));
#2455=CARTESIAN_POINT('',(0.0030240909463787,-0.00551874960431868,0.0290888145886703));
#2456=CARTESIAN_POINT('',(0.00211034914844025,-0.00552589135446246,0.0286250742824639));
#2457=CARTESIAN_POINT('',(-0.000478562385059646,-0.0055486537591514,0.0269028511352262));
#2458=CARTESIAN_POINT('',(-0.00201333754019545,-0.00556665012773314,0.025245589463172));
#2459=CARTESIAN_POINT('',(-0.00405400799373673,-0.00560234402351117,0.021379276276109));
#2460=CARTESIAN_POINT('',(-0.00454723194813303,-0.00561959509900079,0.0192077251051708));
#2461=CARTESIAN_POINT('',(-0.00451475404867974,-0.00564866019156375,0.0151188072353326));
#2462=CARTESIAN_POINT('',(-0.00398253101914314,-0.00566623736583911,0.0129419651049862));
#2463=CARTESIAN_POINT('',(-0.00187588768088298,-0.00570195809081875,0.009109949702415));
#2464=CARTESIAN_POINT('',(-0.000315655952272275,-0.00571984269999331,0.00748317996034365));
#2465=CARTESIAN_POINT('',(0.00229061219302406,-0.00574233410581154,0.00580927699059306));
#2466=CARTESIAN_POINT('',(0.00321736219900037,-0.00574962550144024,0.00535687187680663));
#2467=CARTESIAN_POINT('',(0.00523020247299138,-0.00576607129946728,0.00466731075595715));
#2468=CARTESIAN_POINT('',(0.00630090233761734,-0.00577481939237298,0.00444122630222016));
#2469=CARTESIAN_POINT('',(0.00956529367609989,-0.00580149091784254,0.00418012502697569));
#2470=CARTESIAN_POINT('',(0.011797500547497,-0.00581972903829149,0.00458686145883096));
#2471=CARTESIAN_POINT('',(0.0146617716699258,-0.00584313140408416,0.00586696088414001));
#2472=CARTESIAN_POINT('',(0.0155331042463783,-0.00585006449243416,0.00638850961800896));
#2473=CARTESIAN_POINT('',(0.0171965191627235,-0.00586599688539719,0.00767980655453802));
#2474=CARTESIAN_POINT('',(0.0179687072073226,-0.00587456062916869,0.00844426786379001));
#2475=CARTESIAN_POINT('',(0.0199756365028474,-0.00590097604857834,0.0110187665472422));
#2476=CARTESIAN_POINT('',(0.0208726341919069,-0.00591946982141338,0.0131145456335834));
#2477=CARTESIAN_POINT('',(0.0213780537249439,-0.00594369807563807,0.0162468368925581));
#2478=CARTESIAN_POINT('',(0.0214167046900732,-0.00595072443167403,0.0172657067976118));
#2479=CARTESIAN_POINT('',(0.0212501619113788,-0.00596608180290746,0.0193399574337508));
#2480=CARTESIAN_POINT('',(0.0210377439764053,-0.00597442122341477,0.0203958993354989));
#2481=CARTESIAN_POINT('',(0.0199957098681664,-0.00600044782756061,0.0234725305987747));
#2482=CARTESIAN_POINT('',(0.0187400341274028,-0.00601909452249156,0.0253828387662598));
#2483=CARTESIAN_POINT('',(0.0163760421481595,-0.00604405124752142,0.0275450349821744));
#2484=CARTESIAN_POINT('',(0.0155238359675987,-0.00605162114203346,0.0281473328097154));
#2485=CARTESIAN_POINT('',(0.0137210977683021,-0.0060663503128993,0.0291302355662865));
#2486=CARTESIAN_POINT('',(0.0127323105925275,-0.00607442914279685,0.0295283526692401));
#2487=CARTESIAN_POINT('',(0.00960988178426661,-0.00609994077141338,0.0303429099689459));
#2488=CARTESIAN_POINT('',(0.00732188710705992,-0.00611863470298584,0.0303509186822254));
#2489=CARTESIAN_POINT('',(0.0041915256275653,-0.00614421114504566,0.0295563484996804));
#2490=CARTESIAN_POINT('',(0.0031988947292396,-0.0061523213798617,0.0291642127835415));
#2491=CARTESIAN_POINT('',(0.00138709818454489,-0.00616712456142814,0.0281911507342848));
#2492=CARTESIAN_POINT('',(0.000534274636674456,-0.00617460995326684,0.0275962192106189));
#2493=CARTESIAN_POINT('',(-0.00184140737999758,-0.006199488936967,0.0254517591541744));
#2494=CARTESIAN_POINT('',(-0.00311013191491126,-0.00621812350065384,0.0235506991782727));
#2495=CARTESIAN_POINT('',(-0.00417329376624953,-0.00624420093319432,0.0204790826219673));
#2496=CARTESIAN_POINT('',(-0.004392928126539,-0.00625256782721077,0.0194234243893042));
#2497=CARTESIAN_POINT('',(-0.00457298779481604,-0.00626799358658354,0.0173473126738317));
#2498=CARTESIAN_POINT('',(-0.0045406195677166,-0.00627498649556638,0.0163296972233689));
#2499=CARTESIAN_POINT('',(-0.00405612556151561,-0.00629912531027942,0.0131979647826463));
#2500=CARTESIAN_POINT('',(-0.00317415080763917,-0.00631759505618573,0.0110969078433594));
#2501=CARTESIAN_POINT('',(-0.00118357263056686,-0.0063440464695763,0.00850788193245042));
#2502=CARTESIAN_POINT('',(-0.000415816534768875,-0.00635263330822845,0.00773759791677103));
#2503=CARTESIAN_POINT('',(0.00124129100351897,-0.00636862748373567,0.00643392790056203));
#2504=CARTESIAN_POINT('',(0.0021100963498998,-0.00637557864821903,0.00590664480263365));
#2505=CARTESIAN_POINT('',(0.00496215580978035,-0.00639888123931102,0.00460998004486592));
#2506=CARTESIAN_POINT('',(0.00719002251184201,-0.006417083898651,0.00418804472037018));
#2507=CARTESIAN_POINT('',(0.0104569286830462,-0.00644377597141959,0.00442731571264606));
#2508=CARTESIAN_POINT('',(0.0115298716915469,-0.00645254239180591,0.00464635329078741));
#2509=CARTESIAN_POINT('',(0.013549351391118,-0.00646904243688549,0.00532347194205954));
#2510=CARTESIAN_POINT('',(0.014481610130049,-0.00647640317898583,0.00577151655953253));
#2511=CARTESIAN_POINT('',(0.0170943819834316,-0.00649878592999517,0.0074263088033722));
#2512=CARTESIAN_POINT('',(0.0186644172966857,-0.00651662431276314,0.00904088542506894));
#2513=CARTESIAN_POINT('',(0.020796866026329,-0.00655235136719721,0.0128588965978791));
#2514=CARTESIAN_POINT('',(0.0213445421315881,-0.0065699808027872,0.0150342028016184));
#2515=CARTESIAN_POINT('',(0.0214028053602203,-0.00659919688474137,0.0191295723130888));
#2516=CARTESIAN_POINT('',(0.0209247747687889,-0.00661624971238331,0.0212957232587973));
#2517=CARTESIAN_POINT('',(0.0189103777078888,-0.00665192876121754,0.0251751071289635));
#2518=CARTESIAN_POINT('',(0.0173858952527015,-0.00666996711368786,0.0268442447318525));
#2519=CARTESIAN_POINT('',(0.0148041846264474,-0.00669283477630041,0.0285855010630758));
#2520=CARTESIAN_POINT('',(0.0138952085881313,-0.00669992775025772,0.0290538421289132));
#2521=CARTESIAN_POINT('',(0.011906702431086,-0.00671617472775358,0.029786668160338));
#2522=CARTESIAN_POINT('',(0.0108444740019623,-0.00672485360527291,0.030037399317548));
#2523=CARTESIAN_POINT('',(0.00759071160032241,-0.00675143828761298,0.0303753285049294));
#2524=CARTESIAN_POINT('',(0.00534442514780584,-0.00676979144448603,0.0300227557766702));
#2525=CARTESIAN_POINT('',(0.00243810826141924,-0.00679353734282367,0.0288023850203133));
#2526=CARTESIAN_POINT('',(0.00155634942975166,-0.00680045361226669,0.0283001580548615));
#2527=CARTESIAN_POINT('',(-0.000128291945824145,-0.00681616138788951,0.0270528606120089));
#2528=CARTESIAN_POINT('',(-0.000915618543303871,-0.00682463940632361,0.0263092548157437));
#2529=CARTESIAN_POINT('',(-0.00297904284822887,-0.00685091388709772,0.0237872919110214));
#2530=CARTESIAN_POINT('',(-0.00392872785060246,-0.00686948180817754,0.0217114527442548));
#2531=CARTESIAN_POINT('',(-0.0045083984755178,-0.00689401580063884,0.018578821445751));
#2532=CARTESIAN_POINT('',(-0.00456950662877444,-0.00690120717583206,0.0175537701606904));
#2533=CARTESIAN_POINT('',(-0.00445032970695686,-0.00691631747559996,0.01548709058992));
#2534=CARTESIAN_POINT('',(-0.00426332592360903,-0.00692455609222508,0.0144307220848725));
#2535=CARTESIAN_POINT('',(-0.00329614398199802,-0.00695039004983616,0.0113381009714254));
#2536=CARTESIAN_POINT('',(-0.0020873701451617,-0.00696906857580099,0.00939621540716995));
#2537=CARTESIAN_POINT('',(0.00100750756133615,-0.00700269519194931,0.00643071054059154));
#2538=CARTESIAN_POINT('',(0.0027989901327719,-0.00701620721605006,0.0054015594083723));
#2539=CARTESIAN_POINT('',(0.00692287471688791,-0.00704990118264718,0.004222467419571));
#2540=CARTESIAN_POINT('',(0.00920951020442148,-0.00706858400903701,0.00415789327755502));
#2541=CARTESIAN_POINT('',(0.0123663741282875,-0.00709437698782505,0.00488104134165206));
#2542=CARTESIAN_POINT('',(0.0133721645477561,-0.007102594741767,0.00525165509496007));
#2543=CARTESIAN_POINT('',(0.0152153760024364,-0.00711765459708512,0.00618907961092013));
#2544=CARTESIAN_POINT('',(0.0160716180645243,-0.00712488775538275,0.00675925358867613));
#2545=CARTESIAN_POINT('',(0.0168767635801228,-0.00713308549781079,0.00745296118932609));
#2546=CARTESIAN_POINT('',(0.0141837005962307,-0.00400119074757571,0.00579387614224062));
#2547=CARTESIAN_POINT('',(0.0151005408646242,-0.00400874899135509,0.00625435598462538));
#2548=CARTESIAN_POINT('',(0.0159501987274754,-0.0040159354241908,0.00681419988525145));
#2549=CARTESIAN_POINT('',(0.0175518462524296,-0.00403228652702302,0.00817977153494697));
#2550=CARTESIAN_POINT('',(0.0182847744213184,-0.00404100203655209,0.00897738831364121));
#2551=CARTESIAN_POINT('',(0.0201560962829125,-0.00406763436382945,0.0116273446522522));
#2552=CARTESIAN_POINT('',(0.0209390416347806,-0.00408593007836891,0.0137379741172945));
#2553=CARTESIAN_POINT('',(0.0212944491054293,-0.00410950021853139,0.0168342264275956));
#2554=CARTESIAN_POINT('',(0.0212890996755817,-0.00411641602084622,0.0178399190897014));
#2555=CARTESIAN_POINT('',(0.0210284497667608,-0.00413224109090805,0.0199060351688084));
#2556=CARTESIAN_POINT('',(0.0207672353361193,-0.00414076420722221,0.020949047668315));
#2557=CARTESIAN_POINT('',(0.0195872709583859,-0.00416711419076664,0.0239586118206702));
#2558=CARTESIAN_POINT('',(0.0182536412445919,-0.00418564589144495,0.0257843578730779));
#2559=CARTESIAN_POINT('',(0.0158329310410589,-0.00421002390440938,0.0278013650625335));
#2560=CARTESIAN_POINT('',(0.014980645525536,-0.00421712089300354,0.028350019220156));
#2561=CARTESIAN_POINT('',(0.013132100760356,-0.00423235991822305,0.0292529639285704));
#2562=CARTESIAN_POINT('',(0.012126322592943,-0.00424065134786389,0.0296046274903283));
#2563=CARTESIAN_POINT('',(0.00898019399995899,-0.00426658738894626,0.0302698668839381));
#2564=CARTESIAN_POINT('',(0.00671616085933226,-0.00428525161541115,0.030165740785794));
#2565=CARTESIAN_POINT('',(0.00367312425414901,-0.0043103377872171,0.0292405717860615));
#2566=CARTESIAN_POINT('',(0.00272307985902649,-0.00431806524595927,0.0288146087689548));
#2567=CARTESIAN_POINT('',(0.000979627701224891,-0.00433266673575289,0.027775974681186));
#2568=CARTESIAN_POINT('',(0.000142565378349197,-0.0043406909880526,0.0271353035209512));
#2569=CARTESIAN_POINT('',(-0.00212606216323567,-0.00436608843472153,0.0248877002651764));
#2570=CARTESIAN_POINT('',(-0.00329002787831435,-0.00438477916075522,0.0229417241285488));
#2571=CARTESIAN_POINT('',(-0.00419527183777038,-0.00441046267949107,0.0198669011547917));
#2572=CARTESIAN_POINT('',(-0.00436264759853466,-0.00441862554703764,0.0188201705730694));
#2573=CARTESIAN_POINT('',(-0.00444750377658366,-0.00443355371234695,0.0167781885239853));
#2574=CARTESIAN_POINT('',(-0.00437065315506279,-0.00444090818614958,0.0157562155126614));
#2575=CARTESIAN_POINT('',(-0.00374312201450556,-0.00446565122338055,0.0126527873098396));
#2576=CARTESIAN_POINT('',(-0.00276486125509038,-0.0044842619069185,0.0106108058426197));
#2577=CARTESIAN_POINT('',(-0.000680897753830858,-0.00451042229228244,0.00814972266273713));
#2578=CARTESIAN_POINT('',(0.000109680119334295,-0.0045188349838986,0.00742780537073175));
#2579=CARTESIAN_POINT('',(0.00179340728525115,-0.00453437586498209,0.00622310940650788));
#2580=CARTESIAN_POINT('',(0.00267619485718383,-0.00454132522228565,0.00573825996851246));
#2581=CARTESIAN_POINT('',(0.00558544246651478,-0.00456530846495496,0.00457230721897648));
#2582=CARTESIAN_POINT('',(0.00782053600193675,-0.00458373411922952,0.00426176214552844));
#2583=CARTESIAN_POINT('',(0.0110361484545918,-0.00461024297104919,0.00465093932166754));
#2584=CARTESIAN_POINT('',(0.0120823960609511,-0.00461886802247314,0.00491669921075304));
#2585=CARTESIAN_POINT('',(0.0140351091847524,-0.00463496579035012,0.00567306485677784));
#2586=CARTESIAN_POINT('',(0.0149249454676088,-0.00464196137854795,0.0061491441712169));
#2587=CARTESIAN_POINT('',(0.0174647275362297,-0.00466509112779909,0.00792256208711683));
#2588=CARTESIAN_POINT('',(0.0189492040299005,-0.00468323032894388,0.009606239677631));
#2589=CARTESIAN_POINT('',(0.0203966806921936,-0.00470995334659373,0.01251360606958));
#2590=CARTESIAN_POINT('',(0.0207525776517451,-0.00471874974873301,0.0135402324687471));
#2591=CARTESIAN_POINT('',(0.0211960372684496,-0.00473534028752778,0.0156080217844984));
#2592=CARTESIAN_POINT('',(0.0212846356114976,-0.0047428328075174,0.016635099308586));
#2593=CARTESIAN_POINT('',(0.0211923692547134,-0.00476502794895648,0.0196906814603948));
#2594=CARTESIAN_POINT('',(0.0206107468751169,-0.0047827846997922,0.0218420526690047));
#2595=CARTESIAN_POINT('',(0.0184331169492674,-0.00481851697860708,0.0255897834416855));
#2596=CARTESIAN_POINT('',(0.0168530648809792,-0.00483623302729214,0.0271590098895877));
#2597=CARTESIAN_POINT('',(0.0142480836247354,-0.00485833648408346,0.0287510332371853));
#2598=CARTESIAN_POINT('',(0.0133093402418486,-0.00486589879216366,0.0291843912802374));
#2599=CARTESIAN_POINT('',(0.0112916602390197,-0.00488253213371274,0.0298238751281879));
#2600=CARTESIAN_POINT('',(0.010222940307025,-0.00489134244239611,0.0300231424238481));
#2601=CARTESIAN_POINT('',(0.00697976061043668,-0.00491807855294028,0.0302053415095205));
#2602=CARTESIAN_POINT('',(0.00478329729830776,-0.00493618574754966,0.0297492817001949));
#2603=CARTESIAN_POINT('',(0.001987858045923,-0.00495923077738563,0.0284232450280341));
#2604=CARTESIAN_POINT('',(0.00113232513206861,-0.00496625398844917,0.0278856969372133));
#2605=CARTESIAN_POINT('',(-0.000493618065934087,-0.00498240099985047,0.0265627392917285));
#2606=CARTESIAN_POINT('',(-0.0012431319021049,-0.00499104397990147,0.0257848573868797));
#2607=CARTESIAN_POINT('',(-0.00317426107213377,-0.00501757879174877,0.0231830897065832));
#2608=CARTESIAN_POINT('',(-0.00401048008683957,-0.00503598173471139,0.0210881984228098));
#2609=CARTESIAN_POINT('',(-0.00443833101340896,-0.005059888440986,0.0179866288690087));
#2610=CARTESIAN_POINT('',(-0.00445473378094436,-0.0050668228697814,0.0169802430839774));
#2611=CARTESIAN_POINT('',(-0.00424213991081469,-0.00508241868472186,0.0149184933827977));
#2612=CARTESIAN_POINT('',(-0.0040063066612771,-0.00509085302260998,0.0138732621604723));
#2613=CARTESIAN_POINT('',(-0.00289970594053133,-0.00511705179174322,0.0108425219384405));
#2614=CARTESIAN_POINT('',(-0.00160997246093446,-0.00513564949340307,0.00898218768926971));
#2615=CARTESIAN_POINT('',(0.000773063676036425,-0.00516032532922119,0.00690171360608491));
#2616=CARTESIAN_POINT('',(0.00162052939237699,-0.00516762253196158,0.00632986195196487));
#2617=CARTESIAN_POINT('',(0.0034386225462706,-0.00518261052032165,0.00539064616569562));
#2618=CARTESIAN_POINT('',(0.00443183922473556,-0.00519079839561505,0.00501723264920662));
#2619=CARTESIAN_POINT('',(0.00755342086084295,-0.00521653207660209,0.00428036112764921));
#2620=CARTESIAN_POINT('',(0.00982030445748257,-0.00523521980164374,0.00432850073043615));
#2621=CARTESIAN_POINT('',(0.0128942079590485,-0.00526056043383457,0.00518551916922081));
#2622=CARTESIAN_POINT('',(0.0138643222115745,-0.00526855785745045,0.00559488937548253));
#2623=CARTESIAN_POINT('',(0.015627968692081,-0.0052830969985635,0.00659326506025707));
#2624=CARTESIAN_POINT('',(0.0164716929190808,-0.00529090667565249,0.0072094334940128));
#2625=CARTESIAN_POINT('',(0.0187844523450326,-0.00531605396350758,0.00939651768952463));
#2626=CARTESIAN_POINT('',(0.0199957499343178,-0.00533472522833108,0.0113124408428066));
#2627=CARTESIAN_POINT('',(0.0209753513257756,-0.0053606157607379,0.0143733297393752));
#2628=CARTESIAN_POINT('',(0.0211678060267646,-0.00536888349064935,0.0154202689590052));
#2629=CARTESIAN_POINT('',(0.0212991461052194,-0.00538406456306863,0.0174708379718225));
#2630=CARTESIAN_POINT('',(0.0212449287613714,-0.00539120183437594,0.018484761308015));
#2631=CARTESIAN_POINT('',(0.0206912908798119,-0.00541565094088881,0.0215896812102523));
#2632=CARTESIAN_POINT('',(0.0197647711084903,-0.00543419958235645,0.0236528451776377));
#2633=CARTESIAN_POINT('',(0.0177353520265048,-0.00546051611853289,0.0261672914870979));
#2634=CARTESIAN_POINT('',(0.0169591955401389,-0.0054690190455017,0.0269101741498891));
#2635=CARTESIAN_POINT('',(0.015295332192282,-0.0054847913792129,0.0281587578422244));
#2636=CARTESIAN_POINT('',(0.0144245821230871,-0.00549170496603936,0.0286617949000419));
#2637=CARTESIAN_POINT('',(0.0115557440264816,-0.00551535508094507,0.0298882482453912));
#2638=CARTESIAN_POINT('',(0.00933319607347111,-0.00553367731200243,0.030252947325086));
#2639=CARTESIAN_POINT('',(0.0061051311391642,-0.00556028881953567,0.0299395251187517));
#2640=CARTESIAN_POINT('',(0.00504989303088306,-0.00556898798681989,0.0296978981778067));
#2641=CARTESIAN_POINT('',(0.00307211881442491,-0.00558529235322249,0.0289836184166777));
#2642=CARTESIAN_POINT('',(0.00216650734362723,-0.00559243410336628,0.0285240043969193));
#2643=CARTESIAN_POINT('',(-0.00039936847261276,-0.00561519650805522,0.0268171053134686));
#2644=CARTESIAN_POINT('',(-0.00192048744596183,-0.00563319287663696,0.0251745896884728));
#2645=CARTESIAN_POINT('',(-0.00394300034294696,-0.00566888677241499,0.0213426783325512));
#2646=CARTESIAN_POINT('',(-0.00443183567014907,-0.0056861378479046,0.0191904492736828));
#2647=CARTESIAN_POINT('',(-0.00439964675380675,-0.00571520294046757,0.0151379139355495));
#2648=CARTESIAN_POINT('',(-0.00387215935894479,-0.00573278011474293,0.0129804409953763));
#2649=CARTESIAN_POINT('',(-0.00178426059332826,-0.00576850083972258,0.00918252224779196));
#2650=CARTESIAN_POINT('',(-0.000237911554989177,-0.00578638544889713,0.0075702272405041));
#2651=CARTESIAN_POINT('',(0.00234516643671494,-0.00580887685471536,0.00591121838939477));
#2652=CARTESIAN_POINT('',(0.00326367037061345,-0.00581616825034406,0.00546283870334246));
#2653=CARTESIAN_POINT('',(0.00525860071649721,-0.0058326140483711,0.00477941318612709));
#2654=CARTESIAN_POINT('',(0.00631977366642077,-0.0058413621412768,0.00455534039539432));
#2655=CARTESIAN_POINT('',(0.00955511897728672,-0.00586803366674636,0.00429656235718399));
#2656=CARTESIAN_POINT('',(0.0117674640319745,-0.00588627178719531,0.00469967971387107));
#2657=CARTESIAN_POINT('',(0.0146062493319338,-0.00590967415298798,0.00596838902096077));
#2658=CARTESIAN_POINT('',(0.0154698289316581,-0.00591660724133798,0.00648529709831628));
#2659=CARTESIAN_POINT('',(0.0171184430503696,-0.005932539634301,0.00776510428297721));
#2660=CARTESIAN_POINT('',(0.017883760290294,-0.00594110337807251,0.00852276353879933));
#2661=CARTESIAN_POINT('',(0.0198728322526446,-0.00596751879748216,0.0110743547482067));
#2662=CARTESIAN_POINT('',(0.0207618486009435,-0.0059860125703172,0.0131514859302655));
#2663=CARTESIAN_POINT('',(0.0212627709924945,-0.00601024082454189,0.0162559065668247));
#2664=CARTESIAN_POINT('',(0.0213010780475701,-0.00601726718057785,0.0172657107317966));
#2665=CARTESIAN_POINT('',(0.0211360171396589,-0.00603262455181128,0.0193215050203309));
#2666=CARTESIAN_POINT('',(0.0209254892652099,-0.00604096397231859,0.0203680513213499));
#2667=CARTESIAN_POINT('',(0.0198927270083966,-0.00606699057646443,0.0234173072158746));
#2668=CARTESIAN_POINT('',(0.0186482240678466,-0.00608563727139538,0.0253106177693987));
#2669=CARTESIAN_POINT('',(0.0163052665079466,-0.00611059399642524,0.0274535751121244));
#2670=CARTESIAN_POINT('',(0.0154606431205282,-0.00611816389093727,0.0280505137907404));
#2671=CARTESIAN_POINT('',(0.0136739453949656,-0.00613289306180312,0.0290246708371158));
#2672=CARTESIAN_POINT('',(0.0126939562879997,-0.00614097189170067,0.0294192455582996));
#2673=CARTESIAN_POINT('',(0.00959931034765858,-0.0061664835203172,0.0302265550585324));
#2674=CARTESIAN_POINT('',(0.00733167387805933,-0.00618517745188967,0.0302344925115729));
#2675=CARTESIAN_POINT('',(0.00422916585011369,-0.00621075389394948,0.0294469922863561));
#2676=CARTESIAN_POINT('',(0.00324536722142,-0.00621886412876552,0.0290583457305719));
#2677=CARTESIAN_POINT('',(0.00144969175015557,-0.00623366731033196,0.0280939418304845));
#2678=CARTESIAN_POINT('',(0.000604456488662293,-0.00624115270217066,0.0275043039115597));
#2679=CARTESIAN_POINT('',(-0.00175008709259882,-0.00626603168587082,0.0253789249148177));
#2680=CARTESIAN_POINT('',(-0.00300752272123324,-0.00628466624955766,0.02349478026396));
#2681=CARTESIAN_POINT('',(-0.00406122472989553,-0.00631074368209814,0.0204504944563519));
#2682=CARTESIAN_POINT('',(-0.00427890481907194,-0.00631911057611459,0.0194042293003761));
#2683=CARTESIAN_POINT('',(-0.00445736234546245,-0.00633453633548736,0.0173465904920921));
#2684=CARTESIAN_POINT('',(-0.00442528212562707,-0.0063415292444702,0.0163380296197765));
#2685=CARTESIAN_POINT('',(-0.00394509906894929,-0.00636566805918324,0.0132341628291948));
#2686=CARTESIAN_POINT('',(-0.00307097198417926,-0.00638413780508956,0.0111518007556745));
#2687=CARTESIAN_POINT('',(-0.00109810565066646,-0.00641058921848012,0.00858581157973711));
#2688=CARTESIAN_POINT('',(-0.000337180924777608,-0.00641917605713227,0.00782238142699023));
#2689=CARTESIAN_POINT('',(0.0013051819379092,-0.00643517023263949,0.0065303112563167));
#2690=CARTESIAN_POINT('',(0.00216625679444743,-0.00644212139712285,0.00600771983834827));
#2691=CARTESIAN_POINT('',(0.00499293908926223,-0.00646542398821484,0.00472259259445628));
#2692=CARTESIAN_POINT('',(0.00720098259274125,-0.00648362664755482,0.00430441158242402));
#2693=CARTESIAN_POINT('',(0.0104388203597529,-0.00651031872032341,0.00454155358000261));
#2694=CARTESIAN_POINT('',(0.0115022164944188,-0.00651908514070973,0.0047586421971022));
#2695=CARTESIAN_POINT('',(0.0135037271893447,-0.00653558518578931,0.00542973595582768));
#2696=CARTESIAN_POINT('',(0.0144276908403806,-0.00654294592788965,0.00587379394455945));
#2697=CARTESIAN_POINT('',(0.0170172146712254,-0.00656532867889899,0.00751386211391464));
#2698=CARTESIAN_POINT('',(0.0185732800634929,-0.00658316706166696,0.00911407249324636));
#2699=CARTESIAN_POINT('',(0.0206867546082822,-0.00661889411610103,0.0128981116184474));
#2700=CARTESIAN_POINT('',(0.0212295575798913,-0.00663652355169102,0.0150540622984406));
#2701=CARTESIAN_POINT('',(0.0212873023917125,-0.00666573963364519,0.0191129918725395));
#2702=CARTESIAN_POINT('',(0.0208135252393821,-0.00668279246128713,0.0212598687565113));
#2703=CARTESIAN_POINT('',(0.0188170519586281,-0.00671847151012136,0.025104734494706));
#2704=CARTESIAN_POINT('',(0.0173061341024435,-0.00673650986259168,0.0267590203804195));
#2705=CARTESIAN_POINT('',(0.014747395120938,-0.00675937752520423,0.0284847832936546));
#2706=CARTESIAN_POINT('',(0.0138465070048023,-0.00676647049916155,0.0289489571362268));
#2707=CARTESIAN_POINT('',(0.0118756942548165,-0.00678271747665741,0.0296752625998214));
#2708=CARTESIAN_POINT('',(0.0108229173629284,-0.00679139635417674,0.0299237627916349));
#2709=CARTESIAN_POINT('',(0.00759810641433944,-0.0068179810365168,0.0302586851396116));
#2710=CARTESIAN_POINT('',(0.00537180705637413,-0.00683633419338985,0.029909249546622));
#2711=CARTESIAN_POINT('',(0.00249135010888316,-0.00686008009172748,0.0286997374524218));
#2712=CARTESIAN_POINT('',(0.00161743702508099,-0.00686699636117051,0.0282019792215044));
#2713=CARTESIAN_POINT('',(-5.2214683250507E-5,-0.00688270413679333,0.0269657800301219));
#2714=CARTESIAN_POINT('',(-0.000832535775653655,-0.00689118215522743,0.0262287907182958));
#2715=CARTESIAN_POINT('',(-0.00287760006392285,-0.00691745663600154,0.0237292678327327));
#2716=CARTESIAN_POINT('',(-0.00381883492231988,-0.00693602455708136,0.0216718991480601));
#2717=CARTESIAN_POINT('',(-0.00439334773150972,-0.00696055854954266,0.0185671414975888));
#2718=CARTESIAN_POINT('',(-0.00445391215427481,-0.00696774992473588,0.0175512109535323));
#2719=CARTESIAN_POINT('',(-0.00433579564948553,-0.00698286022450378,0.0155029203642481));
#2720=CARTESIAN_POINT('',(-0.00415045579564011,-0.0069910988411289,0.014455951255777));
#2721=CARTESIAN_POINT('',(-0.00319187968294892,-0.00701693279873998,0.0113908477861889));
#2722=CARTESIAN_POINT('',(-0.0019938613207498,-0.00703561132470481,0.00946624080647777));
#2723=CARTESIAN_POINT('',(0.00107347866308802,-0.00706923794085314,0.0065271225238963));
#2724=CARTESIAN_POINT('',(0.00284902091155111,-0.00708274996495388,0.00550712861245991));
#2725=CARTESIAN_POINT('',(0.00693621183577842,-0.007116443931551,0.00433852799399938));
#2726=CARTESIAN_POINT('',(0.00920250120955504,-0.00713512675794083,0.0042745284222839));
#2727=CARTESIAN_POINT('',(0.0123312758673966,-0.00716091973672887,0.00499124203154306));
#2728=CARTESIAN_POINT('',(0.0133281169259366,-0.00716913749067082,0.00535855812345037));
#2729=CARTESIAN_POINT('',(0.0151549277823844,-0.00718419734598894,0.00628764158726449));
#2730=CARTESIAN_POINT('',(0.0160035511407071,-0.00719143050428657,0.0068527422489297));
#2731=CARTESIAN_POINT('',(0.0168015326013696,-0.00719962824671461,0.00754027735123708));
#2732=CARTESIAN_POINT('',(0.0170272283247891,-0.00700000002788497,0.00727833126690112));
#2733=CARTESIAN_POINT('',(0.0162583793474954,-0.00699230871765117,0.00661589650328684));
#2734=CARTESIAN_POINT('',(0.0146370572038702,-0.00697879966234557,0.00551517112529236));
#2735=CARTESIAN_POINT('',(0.0118095844433674,-0.00695629980594625,0.00439967704740337));
#2736=CARTESIAN_POINT('',(0.00868675814163806,-0.00693117995860823,0.00395913244160213));
#2737=CARTESIAN_POINT('',(0.00554422467987151,-0.00690595941533547,0.00427404775082384));
#2738=CARTESIAN_POINT('',(0.00264603484636894,-0.00688271935642137,0.00529232875985629));
#2739=CARTESIAN_POINT('',(0.00016116721807067,-0.00686266379436258,0.00684644337512889));
#2740=CARTESIAN_POINT('',(-0.00205011230952054,-0.00683827171486342,0.00905085058312874));
#2741=CARTESIAN_POINT('',(-0.00369168060862776,-0.00681292397724972,0.0117552349348254));
#2742=CARTESIAN_POINT('',(-0.00448051586994378,-0.00679251356408683,0.0142382976643277));
#2743=CARTESIAN_POINT('',(-0.00474948871550219,-0.00677746124246648,0.0162393223216495));
#2744=CARTESIAN_POINT('',(-0.00479321245573979,-0.00676400775130687,0.0181861219210341));
#2745=CARTESIAN_POINT('',(-0.00443287308994384,-0.00674513618735386,0.0206992599532347));
#2746=CARTESIAN_POINT('',(-0.00326943527438046,-0.00672010121541703,0.0236265214089311));
#2747=CARTESIAN_POINT('',(-0.00143921362166715,-0.00669485455792012,0.0262017479176284));
#2748=CARTESIAN_POINT('',(0.000884635272270459,-0.00667151909724254,0.0282172289141606));
#2749=CARTESIAN_POINT('',(0.00346447896095573,-0.00665150421506822,0.0296041511823076));
#2750=CARTESIAN_POINT('',(0.00647211940939042,-0.00662717641150389,0.0304323002683611));
#2751=CARTESIAN_POINT('',(0.00963450095526315,-0.0066018299086422,0.0305189828887639));
#2752=CARTESIAN_POINT('',(0.0121836161888556,-0.00658138711619246,0.0299740022764223));
#2753=CARTESIAN_POINT('',(0.0140571543210135,-0.00656628223403505,0.0292152827288312));
#2754=CARTESIAN_POINT('',(0.015770978293226,-0.00655279464988326,0.0282875468227173));
#2755=CARTESIAN_POINT('',(0.017771539948867,-0.0065340288808852,0.0267320205871063));
#2756=CARTESIAN_POINT('',(0.0197380370262565,-0.00650900703647023,0.0242719900728249));
#2757=CARTESIAN_POINT('',(0.0210688923718764,-0.00648375443547458,0.0214063210927372));
#2758=CARTESIAN_POINT('',(0.021668966022662,-0.00646032097842901,0.0183849389795504));
#2759=CARTESIAN_POINT('',(0.0215947346495114,-0.00644034186503187,0.0154584413427087));
#2760=CARTESIAN_POINT('',(0.0208249235093557,-0.00641608065632774,0.0124383435910648));
#2761=CARTESIAN_POINT('',(0.0193340369398493,-0.00639073644136435,0.00964819998642955));
#2762=CARTESIAN_POINT('',(0.0175970190265583,-0.00637026121575625,0.00770271664097562));
#2763=CARTESIAN_POINT('',(0.0160079551085507,-0.00635510626619583,0.00644988875519458));
#2764=CARTESIAN_POINT('',(0.0143511098270256,-0.00634157673468666,0.0054202869800521));
#2765=CARTESIAN_POINT('',(0.0120131258425846,-0.00632292134272105,0.00445544129961105));
#2766=CARTESIAN_POINT('',(0.00890262479680564,-0.00629791254116766,0.00396546194962792));
#2767=CARTESIAN_POINT('',(0.00575374188326361,-0.00627265496598339,0.00422861823413128));
#2768=CARTESIAN_POINT('',(0.00282802546551912,-0.00624912607582736,0.00520572521298025));
#2769=CARTESIAN_POINT('',(0.000324276125236163,-0.00622917643704676,0.00672016717959871));
#2770=CARTESIAN_POINT('',(-0.00191565917786427,-0.00620498450271941,0.00888290351879651));
#2771=CARTESIAN_POINT('',(-0.00360112580898991,-0.00617964352868874,0.0115598544273826));
#2772=CARTESIAN_POINT('',(-0.00443117490129414,-0.00615913584487996,0.0140337810995566));
#2773=CARTESIAN_POINT('',(-0.00473239612991906,-0.00614393332423066,0.0160368820882212));
#2774=CARTESIAN_POINT('',(-0.00480543346102161,-0.00613035399663615,0.0179884451146697));
#2775=CARTESIAN_POINT('',(-0.00448539020246857,-0.00611181355002954,0.0204922122736199));
#2776=CARTESIAN_POINT('',(-0.00337080499248492,-0.00608681770421382,0.0234366060232928));
#2777=CARTESIAN_POINT('',(-0.00158250099698158,-0.00606155612534726,0.0260419681471938));
#2778=CARTESIAN_POINT('',(0.000718851004969107,-0.00603793437754724,0.0281019099942328));
#2779=CARTESIAN_POINT('',(0.00327434173649075,-0.00601800791567888,0.0295252166735316));
#2780=CARTESIAN_POINT('',(0.0062596798879052,-0.00599388792590444,0.0303986631477374));
#2781=CARTESIAN_POINT('',(0.00941984810079267,-0.00596855114533502,0.0305371102404904));
#2782=CARTESIAN_POINT('',(0.0119814459052977,-0.00594801098260111,0.0300324497423797));
#2783=CARTESIAN_POINT('',(0.0138724852902114,-0.00593276339410963,0.0293009400538308));
#2784=CARTESIAN_POINT('',(0.0156059248784937,-0.0059191264239104,0.028395828326025));
#2785=CARTESIAN_POINT('',(0.0176176811362991,-0.00590070550444119,0.0268801434712209));
#2786=CARTESIAN_POINT('',(0.0196232991820108,-0.0058757224116042,0.0244540917733551));
#2787=CARTESIAN_POINT('',(0.0210010194382693,-0.00585045821998409,0.0216100107531415));
#2788=CARTESIAN_POINT('',(0.0216509085836196,-0.00582674463758797,0.0185864869209623));
#2789=CARTESIAN_POINT('',(0.0216205530157657,-0.00580684089016396,0.0156624002282659));
#2790=CARTESIAN_POINT('',(0.020900178037996,-0.00578277371774216,0.0126391146330159));
#2791=CARTESIAN_POINT('',(0.019458760592519,-0.00575752339542052,0.00982723914476489));
#2792=CARTESIAN_POINT('',(0.01739660785511,-0.00573253274180305,0.00744859620939667));
#2793=CARTESIAN_POINT('',(0.014978371537344,-0.00571131405496343,0.00570280272152008));
#2794=CARTESIAN_POINT('',(0.0122205703912911,-0.00568966126315744,0.00451726217156156));
#2795=CARTESIAN_POINT('',(0.00911690819798561,-0.00566460963716876,0.00397451643165259));
#2796=CARTESIAN_POINT('',(0.00596457658463222,-0.00563936514956789,0.00418681572259213));
#2797=CARTESIAN_POINT('',(0.00301235834523367,-0.00561555814835694,0.00512128663689166));
#2798=CARTESIAN_POINT('',(0.000488304382895813,-0.00559566620160096,0.00659692098757943));
#2799=CARTESIAN_POINT('',(-0.00177854293860505,-0.00557167712544094,0.00871810152298166));
#2800=CARTESIAN_POINT('',(-0.0035073224567801,-0.00554642831042454,0.0113629305010607));
#2801=CARTESIAN_POINT('',(-0.00455282217671018,-0.0055214161636315,0.0143333297985508));
#2802=CARTESIAN_POINT('',(-0.00487098528793615,-0.00550006492243651,0.017304789638391));
#2803=CARTESIAN_POINT('',(-0.00453435569109503,-0.00547854886183877,0.0202815788141939));
#2804=CARTESIAN_POINT('',(-0.00346908012636722,-0.00545351462322997,0.0232459762813573));
#2805=CARTESIAN_POINT('',(-0.00172326449397541,-0.00542826776152977,0.0258794532444569));
#2806=CARTESIAN_POINT('',(0.00055379116330931,-0.00540437614202488,0.027983424608054));
#2807=CARTESIAN_POINT('',(0.00308639384415273,-0.00538448798303495,0.029444002040716));
#2808=CARTESIAN_POINT('',(0.00604862106305042,-0.00536058028987859,0.0303611873893352));
#2809=CARTESIAN_POINT('',(0.00920241127656794,-0.00533533305584263,0.0305530557065809));
#2810=CARTESIAN_POINT('',(0.012301546284557,-0.0053103022657978,0.0299901438246329));
#2811=CARTESIAN_POINT('',(0.0150455923452533,-0.00528881295726104,0.0287911061560993));
#2812=CARTESIAN_POINT('',(0.0174591189333613,-0.00526743533213552,0.0270268233267583));
#2813=CARTESIAN_POINT('',(0.0195063775126429,-0.00524241937711493,0.0246338904406543));
#2814=CARTESIAN_POINT('',(0.0209295051273793,-0.00521717084750001,0.0218128270756942));
#2815=CARTESIAN_POINT('',(0.0216298300002559,-0.00519319730826337,0.0187890297152791));
#2816=CARTESIAN_POINT('',(0.0216429309527281,-0.00517330659207088,0.0158653582958459));
#2817=CARTESIAN_POINT('',(0.0209728603250811,-0.00514948299741607,0.0128414016322296));
#2818=CARTESIAN_POINT('',(0.0195775563761629,-0.00512423799133613,0.0100066944861834));
#2819=CARTESIAN_POINT('',(0.0175532199624495,-0.00509918967615984,0.00759247945678406));
#2820=CARTESIAN_POINT('',(0.0151468101141853,-0.00507756317052099,0.00579994819019606));
#2821=CARTESIAN_POINT('',(0.0124235954238517,-0.00505631930192325,0.00458075485333085));
#2822=CARTESIAN_POINT('',(0.00933173384129378,-0.00503132425821656,0.00398744295179271));
#2823=CARTESIAN_POINT('',(0.00617605241014904,-0.00500607419484868,0.00414839285424521));
#2824=CARTESIAN_POINT('',(0.00319915926013554,-0.00498202200103882,0.00503903989094891));
#2825=CARTESIAN_POINT('',(0.00065312393207664,-0.00496212073216312,0.0064771871316926));
#2826=CARTESIAN_POINT('',(-0.00163882384615021,-0.00493838998795222,0.00855460325909967));
#2827=CARTESIAN_POINT('',(-0.00341027290632283,-0.00491312531724201,0.0111716698897561));
#2828=CARTESIAN_POINT('',(-0.0045053102318448,-0.0048881447061024,0.01412267742008));
#2829=CARTESIAN_POINT('',(-0.00480948712260007,-0.00486974744893489,0.0166220040208215));
#2830=CARTESIAN_POINT('',(-0.00472470886947314,-0.00485609841299151,0.0185762227607011));
#2831=CARTESIAN_POINT('',(-0.00441060339222312,-0.00484084238795986,0.0205797116731265));
#2832=CARTESIAN_POINT('',(-0.00356420276736524,-0.0048202959348138,0.0230498253103429));
#2833=CARTESIAN_POINT('',(-0.00186141622129238,-0.00479496007614038,0.0257155558737648));
#2834=CARTESIAN_POINT('',(0.000389430302527019,-0.00477085432399192,0.0278614745235322));
#2835=CARTESIAN_POINT('',(0.0029010964101378,-0.00475093162164952,0.029360442112975));
#2836=CARTESIAN_POINT('',(0.00583744260612649,-0.00472729219341399,0.0303207639719133));
#2837=CARTESIAN_POINT('',(0.00898819458461121,-0.00470202995159577,0.0305634851756228));
#2838=CARTESIAN_POINT('',(0.0120947595636161,-0.00467703660397661,0.0300532639662137));
#2839=CARTESIAN_POINT('',(0.0144212168375931,-0.00465851893976336,0.029076657763438));
#2840=CARTESIAN_POINT('',(0.0160741984777437,-0.00464492906419388,0.0280357770267127));
#2841=CARTESIAN_POINT('',(0.0176573493465782,-0.00462971762182778,0.0267715129616082));
#2842=CARTESIAN_POINT('',(0.0193829512968266,-0.00460920365098479,0.0248137131685604));
#2843=CARTESIAN_POINT('',(0.0208555518323063,-0.00458386341453711,0.0220140468872547));
#2844=CARTESIAN_POINT('',(0.0216053192756995,-0.00455968520193067,0.018992647928647));
#2845=CARTESIAN_POINT('',(0.021662172517241,-0.00453974054238281,0.0160672794633168));
#2846=CARTESIAN_POINT('',(0.0210422976265022,-0.00451619347174354,0.013044828572423));
#2847=CARTESIAN_POINT('',(0.0196927270845068,-0.00449093504556938,0.0101876216030587));
#2848=CARTESIAN_POINT('',(0.0177106131861417,-0.004465928759382,0.00774102529950355));
#2849=CARTESIAN_POINT('',(0.0157052959706981,-0.00444729526687864,0.00620125958296356));
#2850=CARTESIAN_POINT('',(0.0139839679362515,-0.00443375670642275,0.00528265999257102));
#2851=CARTESIAN_POINT('',(0.0121033145779915,-0.00441859235110221,0.00453465216377235));
#2852=CARTESIAN_POINT('',(0.0095491564503427,-0.00439811084275951,0.00400569297677793));
#2853=CARTESIAN_POINT('',(0.00638751023935829,-0.00437276718092298,0.00411295922657547));
#2854=CARTESIAN_POINT('',(0.00338854870434401,-0.00434851917619793,0.00495926546406024));
#2855=CARTESIAN_POINT('',(0.000818598099736154,-0.00432854626114276,0.00636056917400961));
#2856=CARTESIAN_POINT('',(-0.00149652290427674,-0.00430509412588803,0.00839381430884062));
#2857=CARTESIAN_POINT('',(-0.0033101370230931,-0.00427984048611768,0.0109811574902596));
#2858=CARTESIAN_POINT('',(-0.00445418806382753,-0.00425482117361277,0.0139153211209214));
#2859=CARTESIAN_POINT('',(-0.00479842661103849,-0.00423607641888104,0.016425038917629));
#2860=CARTESIAN_POINT('',(-0.00474306792262204,-0.00422258132508198,0.0183734056488247));
#2861=CARTESIAN_POINT('',(-0.00446128979243118,-0.00420746655747279,0.0203754447811889));
#2862=CARTESIAN_POINT('',(-0.00365603677391145,-0.00418701746330168,0.0228549490112102));
#2863=CARTESIAN_POINT('',(-0.00199694341258085,-0.00416167142919061,0.0255485516754733));
#2864=CARTESIAN_POINT('',(0.00022595634207176,-0.00413735593836242,0.027736479890656));
#2865=CARTESIAN_POINT('',(0.00271813196732803,-0.00411734985959327,0.0292746897089162));
#2866=CARTESIAN_POINT('',(0.00562753278843037,-0.00409399005028503,0.0302767010424197));
#2867=CARTESIAN_POINT('',(0.00877241949680427,-0.00406876148009674,0.0305711921350065));
#2868=CARTESIAN_POINT('',(0.0118916274440056,-0.00404365697672,0.03011034569196));
#2869=CARTESIAN_POINT('',(0.0147062459517956,-0.00402130425576155,0.0289801300142409));
#2870=CARTESIAN_POINT('',(0.0163239684475746,-0.00400771604059327,0.0278679298272376));
#2871=CARTESIAN_POINT('',(0.0170894663506229,-0.004,0.0272000030669554));
#2872=CARTESIAN_POINT('',(0.00995822137513968,-0.0037798923895124,0.0302529349590018));
#2873=CARTESIAN_POINT('',(0.00941590070565477,-0.00378436317077731,0.0302127919168273));
#2874=CARTESIAN_POINT('',(0.00887358003616986,-0.00378883395204222,0.0301726488746529));
#2875=CARTESIAN_POINT('',(0.00778893869720003,-0.00379777551457204,0.0300923627903039));
#2876=CARTESIAN_POINT('',(0.00724480671952074,-0.00380226122789319,0.0300615071865066));
#2877=CARTESIAN_POINT('',(0.00563304377702094,-0.00381554827368041,0.0298443451011931));
#2878=CARTESIAN_POINT('',(0.0045871899394837,-0.00382417007993968,0.0295628890729996));
#2879=CARTESIAN_POINT('',(0.0026409931562798,-0.00384021413026961,0.0287768551698599));
#2880=CARTESIAN_POINT('',(0.0017556148273649,-0.00384718754618129,0.0282869891045648));
#2881=CARTESIAN_POINT('',(6.66732647787418E-5,-0.00386284739736395,0.027068639896654));
#2882=CARTESIAN_POINT('',(-0.000725209364831071,-0.00387132190281982,0.0263388178365466));
#2883=CARTESIAN_POINT('',(-0.00280755818578955,-0.00389765164678671,0.0238530809449325));
#2884=CARTESIAN_POINT('',(-0.00377668960387826,-0.00391634872315663,0.0217937279881827));
#2885=CARTESIAN_POINT('',(-0.00438263624815428,-0.00394112038562271,0.0186738288578166));
#2886=CARTESIAN_POINT('',(-0.00445161354975263,-0.00394842204109222,0.0176499612623269));
#2887=CARTESIAN_POINT('',(-0.00434834025953002,-0.00396352490381685,0.0155941428803096));
#2888=CARTESIAN_POINT('',(-0.00416973228929738,-0.00397177408374388,0.014541807657467));
#2889=CARTESIAN_POINT('',(-0.00322695551116228,-0.00399768156268913,0.0114572847896872));
#2890=CARTESIAN_POINT('',(-0.00203289667410079,-0.00401646735964228,0.00951536673331383));
#2891=CARTESIAN_POINT('',(0.00104005836001742,-0.00405032094036436,0.00654770013325654));
#2892=CARTESIAN_POINT('',(0.00282256699393338,-0.00406389953878539,0.00551783171703316));
#2893=CARTESIAN_POINT('',(0.00692794804952341,-0.00409774346497407,0.00433778076958902));
#2894=CARTESIAN_POINT('',(0.00920665919565283,-0.00411652869606241,0.0042730393726085));
#2895=CARTESIAN_POINT('',(0.0123500493636702,-0.00414244216508955,0.00499677772177913));
#2896=CARTESIAN_POINT('',(0.0133510703918108,-0.00415069437878932,0.00536764468272348));
#2897=CARTESIAN_POINT('',(0.0151839845931643,-0.00416580455056164,0.0063050842939438));
#2898=CARTESIAN_POINT('',(0.0160363102397933,-0.0041730997185154,0.00687606789914714));
#2899=CARTESIAN_POINT('',(0.018436361052763,-0.00419786298642134,0.00895896468691674));
#2900=CARTESIAN_POINT('',(0.0197365301704199,-0.0042165583743965,0.0108269564469013));
#2901=CARTESIAN_POINT('',(0.0208501879129298,-0.00424289277520154,0.0138726196721951));
#2902=CARTESIAN_POINT('',(0.0210870214562541,-0.00425136993254994,0.0149232709196824));
#2903=CARTESIAN_POINT('',(0.0212990485064969,-0.00426703653602632,0.0169952629060571));
#2904=CARTESIAN_POINT('',(0.021281223978662,-0.00427400820854261,0.0180068912653656));
#2905=CARTESIAN_POINT('',(0.0208447627551259,-0.00429806484505617,0.0211244898615986));
#2906=CARTESIAN_POINT('',(0.0199964913902013,-0.00431658256886218,0.0232284996639671));
#2907=CARTESIAN_POINT('',(0.0180440355808073,-0.00434322969888205,0.0258336862754978));
#2908=CARTESIAN_POINT('',(0.0172870155937989,-0.00435190010259684,0.0266110755696598));
#2909=CARTESIAN_POINT('',(0.015647005024478,-0.00436807577753513,0.0279299260297945));
#2910=CARTESIAN_POINT('',(0.0147851203420128,-0.00437510041645483,0.0284642906995312));
#2911=CARTESIAN_POINT('',(0.0119621393998281,-0.00439837249701098,0.0297797200562185));
#2912=CARTESIAN_POINT('',(0.00974773587666547,-0.00441662758913886,0.0302194764788103));
#2913=CARTESIAN_POINT('',(0.00649107679622792,-0.0044434748240356,0.0300046142905171));
#2914=CARTESIAN_POINT('',(0.0054200585177391,-0.00445230408082641,0.0297933079070921));
#2915=CARTESIAN_POINT('',(0.00340265589352335,-0.00446893513762291,0.0291298916394196));
#2916=CARTESIAN_POINT('',(0.00246960587841949,-0.00447638858676407,0.0286870207657782));
#2917=CARTESIAN_POINT('',(-0.000137404551849579,-0.00449880782957217,0.027051937476839));
#2918=CARTESIAN_POINT('',(-0.00170702574105237,-0.00451671947731267,0.0254492916727622));
#2919=CARTESIAN_POINT('',(-0.00383926489828911,-0.00455262861411061,0.0216505827742949));
#2920=CARTESIAN_POINT('',(-0.00438674720632988,-0.00457036050203093,0.0194829835946266));
#2921=CARTESIAN_POINT('',(-0.00444309289548442,-0.00459971431941567,0.0154039542368462));
#2922=CARTESIAN_POINT('',(-0.00396304640883692,-0.00461688361158574,0.0132451061066148));
#2923=CARTESIAN_POINT('',(-0.00194477011850318,-0.00465274996447245,0.00938659341696008));
#2924=CARTESIAN_POINT('',(-0.000418888406559828,-0.00467086003165028,0.00773090219695211));
#2925=CARTESIAN_POINT('',(0.00215873761322183,-0.00469375573490163,0.00601211646136677));
#2926=CARTESIAN_POINT('',(0.0030685346758115,-0.00470092724631304,0.00554983797212688));
#2927=CARTESIAN_POINT('',(0.00505643562759272,-0.00471731509732406,0.00483217609274835));
#2928=CARTESIAN_POINT('',(0.00611740028325251,-0.00472606147409366,0.00459006415699555));
#2929=CARTESIAN_POINT('',(0.00936243835912783,-0.00475281290779306,0.0042795885972135));
#2930=CARTESIAN_POINT('',(0.0115955957919194,-0.00477122260333648,0.0046525458125221));
#2931=CARTESIAN_POINT('',(0.0144719700766559,-0.00479493484774582,0.00589518614712042));
#2932=CARTESIAN_POINT('',(0.0153450764305024,-0.00480188372134305,0.00640448326687341));
#2933=CARTESIAN_POINT('',(0.0170127124707975,-0.00481778593010314,0.00766908001318324));
#2934=CARTESIAN_POINT('',(0.0177891790386024,-0.00482635424580772,0.00842094245071871));
#2935=CARTESIAN_POINT('',(0.0198134178125703,-0.00485284323522449,0.0109625345483731));
#2936=CARTESIAN_POINT('',(0.0207276707768257,-0.00487146930978479,0.0130436264410278));
#2937=CARTESIAN_POINT('',(0.0212557738884723,-0.00489592445328813,0.0161641340536723));
#2938=CARTESIAN_POINT('',(0.0213010916085856,-0.0049030274170271,0.0171806382155415));
#2939=CARTESIAN_POINT('',(0.021148470606578,-0.00491839372563446,0.0192448662905908));
#2940=CARTESIAN_POINT('',(0.0209433127326301,-0.00492675102089737,0.0202970165289708));
#2941=CARTESIAN_POINT('',(0.0199221603653612,-0.00495286718567224,0.0233655196497777));
#2942=CARTESIAN_POINT('',(0.0186787473358488,-0.00497162293558782,0.025274734390622));
#2943=CARTESIAN_POINT('',(0.0163288657413968,-0.00499673800125978,0.0274358723599975));
#2944=CARTESIAN_POINT('',(0.0154802407054564,-0.00500436998559979,0.0280381470505413));
#2945=CARTESIAN_POINT('',(0.0136865692740393,-0.00501915664796064,0.0290194363032297));
#2946=CARTESIAN_POINT('',(0.0127020458551961,-0.00502727285872578,0.0294168683165762));
#2947=CARTESIAN_POINT('',(0.00959204850307201,-0.0050529110441724,0.0302289775749291));
#2948=CARTESIAN_POINT('',(0.0073119550150079,-0.00507170767100641,0.0302344962286954));
#2949=CARTESIAN_POINT('',(0.00419647108192577,-0.00509739108671023,0.0294361350881386));
#2950=CARTESIAN_POINT('',(0.00320929013403691,-0.00510552920560414,0.0290428123704788));
#2951=CARTESIAN_POINT('',(0.00140936306897334,-0.00512036743813608,0.0280682700227742));
#2952=CARTESIAN_POINT('',(0.00056035110021853,-0.00512793912249639,0.0274711121365003));
#2953=CARTESIAN_POINT('',(-0.00179765508266356,-0.00515300074068477,0.0253221512373096));
#2954=CARTESIAN_POINT('',(-0.00305011295198526,-0.00517174878185217,0.0234192382939996));
#2955=CARTESIAN_POINT('',(-0.00408583092727084,-0.00519790134465288,0.0203540463949406));
#2956=CARTESIAN_POINT('',(-0.00429595174906164,-0.00520627807624017,0.0193020390888458));
#2957=CARTESIAN_POINT('',(-0.00445784199223129,-0.00522169244353692,0.0172364310789499));
#2958=CARTESIAN_POINT('',(-0.00441687429616512,-0.00522876727665501,0.0162209709297054));
#2959=CARTESIAN_POINT('',(-0.00390321723875967,-0.00525316146218211,0.0131006612080028));
#2960=CARTESIAN_POINT('',(-0.00299926670484619,-0.00527177224428868,0.0110157632034877));
#2961=CARTESIAN_POINT('',(-0.000986099122902683,-0.00529828829332759,0.0084639889352706));
#2962=CARTESIAN_POINT('',(-0.000212603724390851,-0.00530687331074244,0.00770807170008667));
#2963=CARTESIAN_POINT('',(0.00145086288619848,-0.00532281949426958,0.00643490822970416));
#2964=CARTESIAN_POINT('',(0.00232197188648141,-0.00532977273456488,0.00592182690290541));
#2965=CARTESIAN_POINT('',(0.00519013528269585,-0.00535341729007974,0.00466756362881874));
#2966=CARTESIAN_POINT('',(0.00742054757971567,-0.00537180435528235,0.00428404146072889));
#2967=CARTESIAN_POINT('',(0.0106676888620754,-0.00539857312738811,0.00457954979651673));
#2968=CARTESIAN_POINT('',(0.0117303194962706,-0.00540733323814581,0.00481686412928938));
#2969=CARTESIAN_POINT('',(0.0137229930023635,-0.00542376043312362,0.00552611861437195));
#2970=CARTESIAN_POINT('',(0.0146361738838443,-0.00543096875757847,0.0059852651405436));
#2971=CARTESIAN_POINT('',(0.0172186661895963,-0.00545379087358828,0.00769093403149913));
#2972=CARTESIAN_POINT('',(0.0187515935992749,-0.00547187133084496,0.00933840998326269));
#2973=CARTESIAN_POINT('',(0.020787934446291,-0.00550774750905069,0.0131878693191013));
#2974=CARTESIAN_POINT('',(0.0212784439946634,-0.00552505415690486,0.0153504107239946));
#2975=CARTESIAN_POINT('',(0.0212398599042009,-0.00555430314761174,0.0194250117750861));
#2976=CARTESIAN_POINT('',(0.0207030273270957,-0.00557199890498837,0.0215936988097789));
#2977=CARTESIAN_POINT('',(0.0185885108406342,-0.00560790443297951,0.0254021344149414));
#2978=CARTESIAN_POINT('',(0.0170255797262875,-0.00562584877349606,0.0270132219807759));
#2979=CARTESIAN_POINT('',(0.0144229320894157,-0.0056483440434944,0.0286614731840058));
#2980=CARTESIAN_POINT('',(0.013493803016012,-0.00565574577377381,0.0291073129682366));
#2981=CARTESIAN_POINT('',(0.0114808915379107,-0.00567233980647547,0.0297793569112571));
#2982=CARTESIAN_POINT('',(0.010411364114181,-0.00568115677296295,0.0299955395195961));
#2983=CARTESIAN_POINT('',(0.00715625082069524,-0.00570799126470654,0.0302254596118613));
#2984=CARTESIAN_POINT('',(0.00493870383125123,-0.00572627227093092,0.0297961148385964));
#2985=CARTESIAN_POINT('',(0.00210716774643466,-0.0057496148783424,0.0284919213763346));
#2986=CARTESIAN_POINT('',(0.00124375284031661,-0.00575662009273177,0.0279616502906853));
#2987=CARTESIAN_POINT('',(-0.000400764305745804,-0.00577275387185183,0.026651270010221));
#2988=CARTESIAN_POINT('',(-0.00116092014142993,-0.00578140892152069,0.0258778418253675));
#2989=CARTESIAN_POINT('',(-0.0031248468412847,-0.00580803345493072,0.0232824430206209));
#2990=CARTESIAN_POINT('',(-0.00398353530746876,-0.00582656990756331,0.021181824206006));
#2991=CARTESIAN_POINT('',(-0.00443432880202227,-0.00585069072027234,0.0180635112532284));
#2992=CARTESIAN_POINT('',(-0.00445644384417237,-0.00585767548920422,0.0170513961641618));
#2993=CARTESIAN_POINT('',(-0.0042538030326798,-0.00587329585565091,0.0149804614059474));
#2994=CARTESIAN_POINT('',(-0.00402195355842754,-0.00588175481225533,0.0139294819652875));
#2995=CARTESIAN_POINT('',(-0.00292277921767034,-0.00590805708463419,0.0108799569413974));
#2996=CARTESIAN_POINT('',(-0.00163138801905827,-0.00592676371698645,0.00900532225856037));
#2997=CARTESIAN_POINT('',(0.000761031856685357,-0.00595158400381244,0.0069100331626385));
#2998=CARTESIAN_POINT('',(0.00161257807256559,-0.00595892463628806,0.0063343347088246));
#2999=CARTESIAN_POINT('',(0.00343942516798196,-0.00597398479207338,0.00538987110392296));
#3000=CARTESIAN_POINT('',(0.00443792338774204,-0.00598221620825412,0.00501477100908804));
#3001=CARTESIAN_POINT('',(0.00757631469565048,-0.00600808846769552,0.0042770295642015));
#3002=CARTESIAN_POINT('',(0.00985545988469146,-0.00602687727694532,0.0043307451170292));
#3003=CARTESIAN_POINT('',(0.013968785297278,-0.00606078669479682,0.00549283436364037));
#3004=CARTESIAN_POINT('',(0.0157556772393946,-0.0060743664660238,0.00651517840401228));
#3005=CARTESIAN_POINT('',(0.0188401133637482,-0.00610815374786397,0.00946692997383939));
#3006=CARTESIAN_POINT('',(0.0200434659802394,-0.00612693539858421,0.0114029015053596));
#3007=CARTESIAN_POINT('',(0.0210008630544329,-0.00615288343635814,0.0144846643768287));
#3008=CARTESIAN_POINT('',(0.0211844039943717,-0.00616115323170658,0.0155370391302427));
#3009=CARTESIAN_POINT('',(0.0212968157954902,-0.00617630585178748,0.017594550854873));
#3010=CARTESIAN_POINT('',(0.0212322911350711,-0.00618356441289135,0.0186168229719679));
#3011=CARTESIAN_POINT('',(0.0206408800683908,-0.00620827850312633,0.021737050135743));
#3012=CARTESIAN_POINT('',(0.0196819143110726,-0.0062269637762692,0.0238006189729797));
#3013=CARTESIAN_POINT('',(0.0176102194608992,-0.00625332496058506,0.0262969107564937));
#3014=CARTESIAN_POINT('',(0.0168211400539822,-0.00626181746531136,0.0270308723982238));
#3015=CARTESIAN_POINT('',(0.0151360298040333,-0.0062775232526972,0.02825786785467));
#3016=CARTESIAN_POINT('',(0.0142531385007517,-0.00628448596652328,0.0287512459840725));
#3017=CARTESIAN_POINT('',(0.0113416882595002,-0.00630848736998198,0.0299422936408641));
#3018=CARTESIAN_POINT('',(0.00909742643395922,-0.00632698860788005,0.0302688030066739));
#3019=CARTESIAN_POINT('',(0.00586278182236138,-0.00635365435997449,0.0298931951680404));
#3020=CARTESIAN_POINT('',(0.00480946791647093,-0.00636233766551952,0.0296303129540989));
#3021=CARTESIAN_POINT('',(0.00284300547219501,-0.00637854878183631,0.0288764280182412));
#3022=CARTESIAN_POINT('',(0.00194684149746944,-0.00638559221478704,0.0284000408467157));
#3023=CARTESIAN_POINT('',(-0.000608423579912214,-0.00640880369895604,0.0266241138900316));
#3024=CARTESIAN_POINT('',(-0.0021027698629596,-0.00642703619713236,0.0249330668911754));
#3025=CARTESIAN_POINT('',(-0.00355678110652207,-0.00645389362735014,0.0220106466318823));
#3026=CARTESIAN_POINT('',(-0.00391353028617015,-0.00646273315766457,0.020978471481572));
#3027=CARTESIAN_POINT('',(-0.00435599583956643,-0.00647939546318106,0.0189000562139086));
#3028=CARTESIAN_POINT('',(-0.00444287351690642,-0.00648689523985418,0.0178688648821489));
#3029=CARTESIAN_POINT('',(-0.00434191761099105,-0.00650924925093371,0.0147960472835351));
#3030=CARTESIAN_POINT('',(-0.00374789165665673,-0.00652713255057471,0.0126341119986201));
#3031=CARTESIAN_POINT('',(-0.00153904332382209,-0.0065630438500482,0.00887933050445252));
#3032=CARTESIAN_POINT('',(5.90083243319091E-5,-0.00658080614622339,0.00731401856151513));
#3033=CARTESIAN_POINT('',(0.00268398291272252,-0.00660288829468664,0.00573652336003716));
#3034=CARTESIAN_POINT('',(0.003635354490427,-0.00661059999354609,0.00530633791249303));
#3035=CARTESIAN_POINT('',(0.00567173795905235,-0.00662738752456228,0.00468106792450428));
#3036=CARTESIAN_POINT('',(0.00674887772224529,-0.00663626724562758,0.00449121819512697));
#3037=CARTESIAN_POINT('',(0.0100110627831496,-0.00666316003558303,0.00434227993054184));
#3038=CARTESIAN_POINT('',(0.0122108836831316,-0.00668129491153223,0.00482714594278469));
#3039=CARTESIAN_POINT('',(0.0149957818070983,-0.00670425304508288,0.0061907886109555));
#3040=CARTESIAN_POINT('',(0.0158519590388739,-0.00671139534210533,0.00674377277405524));
#3041=CARTESIAN_POINT('',(0.0174715513926321,-0.00672774928095111,0.00809938094800816));
#3042=CARTESIAN_POINT('',(0.0182145206379152,-0.00673648372674278,0.00889385275290118));
#3043=CARTESIAN_POINT('',(0.0201160303577332,-0.00676321968947994,0.011540895814989));
#3044=CARTESIAN_POINT('',(0.0209185874192695,-0.00678164820903029,0.0136588040296828));
#3045=CARTESIAN_POINT('',(0.0212927335611684,-0.00680541779148288,0.0167721728728707));
#3046=CARTESIAN_POINT('',(0.0212918706033351,-0.00681236515870389,0.0177828977094232));
#3047=CARTESIAN_POINT('',(0.0210386131842852,-0.00682822953921268,0.0198587877672));
#3048=CARTESIAN_POINT('',(0.0207799785154913,-0.00683678340585815,0.0209075967254136));
#3049=CARTESIAN_POINT('',(0.0196032837389732,-0.00686324864936303,0.0239351925114397));
#3050=CARTESIAN_POINT('',(0.0182653847395732,-0.00688188726469658,0.0257734488255327));
#3051=CARTESIAN_POINT('',(0.0158330899176176,-0.00690639394638237,0.0278017897445656));
#3052=CARTESIAN_POINT('',(0.0149764505261478,-0.00691352312934266,0.0283530005970163));
#3053=CARTESIAN_POINT('',(0.0131174729188469,-0.00692884816253105,0.0292591640326015));
#3054=CARTESIAN_POINT('',(0.0121057389113033,-0.00693718869185348,0.0296112796488269));
#3055=CARTESIAN_POINT('',(0.00894160460866413,-0.00696327317130607,0.030273334253573));
#3056=CARTESIAN_POINT('',(0.00666573504300005,-0.00698203497698317,0.0301604960239997));
#3057=CARTESIAN_POINT('',(0.00463106223728601,-0.00699880840564235,0.0295316687361617));
#3058=CARTESIAN_POINT('',(0.00997201507491046,-0.00384643542067697,0.0303695272086807));
#3059=CARTESIAN_POINT('',(0.00942482558054077,-0.00385090620194187,0.0303290237719027));
#3060=CARTESIAN_POINT('',(0.00887763608617107,-0.00385537698320678,0.0302885203351246));
#3061=CARTESIAN_POINT('',(0.00778325709743168,-0.0038643185457366,0.0302075134615685));
#3062=CARTESIAN_POINT('',(0.00723424003337712,-0.00386880425905776,0.0301763808435616));
#3063=CARTESIAN_POINT('',(0.00560800706979133,-0.00388209130484498,0.0299572691291366));
#3064=CARTESIAN_POINT('',(0.00455276380736848,-0.00389071311110425,0.0296732862562345));
#3065=CARTESIAN_POINT('',(0.00258909453627702,-0.00390675716143417,0.0288801955292575));
#3066=CARTESIAN_POINT('',(0.00169576749309984,-0.00391373057734586,0.0283859315639318));
#3067=CARTESIAN_POINT('',(-8.33698171069658E-6,-0.00392939042852852,0.0271566443090764));
#3068=CARTESIAN_POINT('',(-0.000807328943621144,-0.00393786493398438,0.026420270081575));
#3069=CARTESIAN_POINT('',(-0.00290837259280351,-0.00396419467795127,0.0239122168403989));
#3070=CARTESIAN_POINT('',(-0.00388620464029934,-0.0039828917543212,0.0218343755067781));
#3071=CARTESIAN_POINT('',(-0.00449759132819992,-0.00400766341678727,0.0186864666703863));
#3072=CARTESIAN_POINT('',(-0.00456718789146652,-0.00401496507225679,0.0176534070372183));
#3073=CARTESIAN_POINT('',(-0.00446298743841633,-0.00403006793498141,0.0155791320108941));
#3074=CARTESIAN_POINT('',(-0.00428277596866944,-0.00403831711490844,0.0145173491748432));
#3075=CARTESIAN_POINT('',(-0.00333153516676306,-0.00406422459385369,0.0114051342006376));
#3076=CARTESIAN_POINT('',(-0.00212675635587999,-0.00408301039080685,0.00944578206975985));
#3077=CARTESIAN_POINT('',(0.000973786931428241,-0.00411686397152893,0.00645147247081812));
#3078=CARTESIAN_POINT('',(0.00277229850029114,-0.00413044256994996,0.00541235814298728));
#3079=CARTESIAN_POINT('',(0.00691453668224508,-0.00416428649613864,0.00422171298119448));
#3080=CARTESIAN_POINT('',(0.00921370555045256,-0.00418307172722698,0.00415639035148132));
#3081=CARTESIAN_POINT('',(0.0123853163213969,-0.00420898519625411,0.00488662624994849));
#3082=CARTESIAN_POINT('',(0.0133953242762144,-0.00421723740995388,0.00526082276550876));
#3083=CARTESIAN_POINT('',(0.0152446939416086,-0.0042323475817262,0.00620667848469602));
#3084=CARTESIAN_POINT('',(0.0161046715634465,-0.00423964274967997,0.00678278824374567));
#3085=CARTESIAN_POINT('',(0.0185262694569176,-0.0042644060175859,0.00888438477925375));
#3086=CARTESIAN_POINT('',(0.0198381111810427,-0.00428310140556106,0.0107691469211864));
#3087=CARTESIAN_POINT('',(0.020961767075633,-0.00430943580636611,0.013842153380357));
#3088=CARTESIAN_POINT('',(0.0212007268537003,-0.00431791296371451,0.0149022371227257));
#3089=CARTESIAN_POINT('',(0.0214146574319414,-0.00433357956719089,0.0169928309561477));
#3090=CARTESIAN_POINT('',(0.0213966728797712,-0.00434055123970718,0.0180135414722079));
#3091=CARTESIAN_POINT('',(0.0209562932120637,-0.00436460787622074,0.021159129120823));
#3092=CARTESIAN_POINT('',(0.0201004062702987,-0.00438312560002674,0.0232820282185106));
#3093=CARTESIAN_POINT('',(0.0181304217809814,-0.00440977273004661,0.0259106035705365));
#3094=CARTESIAN_POINT('',(0.0173666054501151,-0.00441844313376141,0.02669497207931));
#3095=CARTESIAN_POINT('',(0.0157118712592904,-0.00443461880869969,0.0280256628625246));
#3096=CARTESIAN_POINT('',(0.0148422487828853,-0.0044416434476194,0.0285648249300887));
#3097=CARTESIAN_POINT('',(0.011993923794947,-0.00446491552817554,0.0298920638960098));
#3098=CARTESIAN_POINT('',(0.00975963988811987,-0.00448317062030343,0.0303357683462797));
#3099=CARTESIAN_POINT('',(0.00647374330362933,-0.00451001785520017,0.0301189771767988));
#3100=CARTESIAN_POINT('',(0.0053931096799402,-0.00451884711199097,0.0299057737353492));
#3101=CARTESIAN_POINT('',(0.00335759529887635,-0.00453547816878748,0.0292364014755585));
#3102=CARTESIAN_POINT('',(0.00241616858454656,-0.00454293161792864,0.0287895546134444));
#3103=CARTESIAN_POINT('',(-0.000214246960024789,-0.00456535086073673,0.0271397919389427));
#3104=CARTESIAN_POINT('',(-0.00179795983176096,-0.00458326250847723,0.0255227579652618));
#3105=CARTESIAN_POINT('',(-0.00394934172069355,-0.00461917164527518,0.0216899451694962));
#3106=CARTESIAN_POINT('',(-0.00450173919357193,-0.0046369035331955,0.0195028858043324));
#3107=CARTESIAN_POINT('',(-0.00455859074080812,-0.00466625735058024,0.01538723589941));
#3108=CARTESIAN_POINT('',(-0.00407423451195172,-0.00468342664275031,0.0132090061485059));
#3109=CARTESIAN_POINT('',(-0.00203783862120504,-0.00471929299563702,0.00931585265746059));
#3110=CARTESIAN_POINT('',(-0.000498257909263407,-0.00473740306281484,0.00764529703882819));
#3111=CARTESIAN_POINT('',(0.00210250941863158,-0.0047602987660662,0.00591108045719198));
#3112=CARTESIAN_POINT('',(0.00302047442101717,-0.0047674702774776,0.00544465174256192));
#3113=CARTESIAN_POINT('',(0.0050262222707079,-0.00478385812848863,0.00472054686697509));
#3114=CARTESIAN_POINT('',(0.0060967120125538,-0.00479260450525822,0.00447626130833821));
#3115=CARTESIAN_POINT('',(0.00937088326189066,-0.00481935593895763,0.00416299837345387));
#3116=CARTESIAN_POINT('',(0.0116240894464489,-0.00483776563450104,0.00453930390918068));
#3117=CARTESIAN_POINT('',(0.014526287129561,-0.00486147787891039,0.00579310037063227));
#3118=CARTESIAN_POINT('',(0.0154072320228213,-0.00486842675250762,0.00630696983776188));
#3119=CARTESIAN_POINT('',(0.0170898396994722,-0.0048843289612677,0.00758291983032266));
#3120=CARTESIAN_POINT('',(0.0178732771978727,-0.00489289727697229,0.00834153230847392));
#3121=CARTESIAN_POINT('',(0.0199156891020014,-0.00491938626638906,0.0109059422103322));
#3122=CARTESIAN_POINT('',(0.020838150010069,-0.00493801234094936,0.0130057176468099));
#3123=CARTESIAN_POINT('',(0.0213709943047765,-0.0049624674844527,0.0161542404282881));
#3124=CARTESIAN_POINT('',(0.0214167188765106,-0.00496957044819167,0.0171798705206949));
#3125=CARTESIAN_POINT('',(0.0212627276797561,-0.00498493675679903,0.0192626307402579));
#3126=CARTESIAN_POINT('',(0.0210557279476268,-0.00499329405206194,0.0203242269310999));
#3127=CARTESIAN_POINT('',(0.0200254079193473,-0.00501941021683681,0.0234202783368871));
#3128=CARTESIAN_POINT('',(0.018770831825912,-0.00503816596675239,0.0253466335497135));
#3129=CARTESIAN_POINT('',(0.0163998535581685,-0.00506328103242434,0.0275271736973882));
#3130=CARTESIAN_POINT('',(0.0155436097702141,-0.00507091301676436,0.0281348554656367));
#3131=CARTESIAN_POINT('',(0.0137338351869318,-0.00508569967912521,0.029124954497855));
#3132=CARTESIAN_POINT('',(0.0127404729529907,-0.00509381588989034,0.0295259545604858));
#3133=CARTESIAN_POINT('',(0.00960255479063085,-0.00511945407533697,0.0303453547409605));
#3134=CARTESIAN_POINT('',(0.00730199117015438,-0.00513825070217098,0.0303509229398765));
#3135=CARTESIAN_POINT('',(0.00415853716962868,-0.00516393411787479,0.0295453943045018));
#3136=CARTESIAN_POINT('',(0.00316249354798368,-0.00517207223676871,0.0291485404298287));
#3137=CARTESIAN_POINT('',(0.00134640716947646,-0.00518691046930064,0.0281652488746888));
#3138=CARTESIAN_POINT('',(0.000489772974917719,-0.00519448215366095,0.0275627298481515));
#3139=CARTESIAN_POINT('',(-0.00188940282186198,-0.00521954377184934,0.0253944760934767));
#3140=CARTESIAN_POINT('',(-0.00315310495750877,-0.00523829181301674,0.0234744792542113));
#3141=CARTESIAN_POINT('',(-0.00419812136033995,-0.00526444437581745,0.0203817687975267));
#3142=CARTESIAN_POINT('',(-0.00441012859646735,-0.00527282110740473,0.0193203168221816));
#3143=CARTESIAN_POINT('',(-0.00457347225140774,-0.00528823547470149,0.017236164279048));
#3144=CARTESIAN_POINT('',(-0.00453213675719317,-0.00529531030781958,0.0162115875721608));
#3145=CARTESIAN_POINT('',(-0.00401386820993667,-0.00531970449334668,0.013063264458242));
#3146=CARTESIAN_POINT('',(-0.00310180222495933,-0.00533831527545325,0.0109596487395445));
#3147=CARTESIAN_POINT('',(-0.00107056090736139,-0.00536483132449216,0.00838496525403861));
#3148=CARTESIAN_POINT('',(-0.000290121252699194,-0.005373416341907,0.00762226157523821));
#3149=CARTESIAN_POINT('',(0.00138827956210613,-0.00538936252543415,0.00633766794861091));
#3150=CARTESIAN_POINT('',(0.00226720917004166,-0.00539631576572944,0.00581998030073241));
#3151=CARTESIAN_POINT('',(0.00516112224924416,-0.00541996032124431,0.00455445655182973));
#3152=CARTESIAN_POINT('',(0.00741155865286011,-0.00543834738644691,0.00416749121370979));
#3153=CARTESIAN_POINT('',(0.0106878519907647,-0.00546511615855268,0.00446565255245308));
#3154=CARTESIAN_POINT('',(0.0117600226679017,-0.00547387626931038,0.00470509743638105));
#3155=CARTESIAN_POINT('',(0.013770585918752,-0.00549030346428818,0.00542071943810261));
#3156=CARTESIAN_POINT('',(0.014691965119143,-0.00549751178874304,0.00588398807165126));
#3157=CARTESIAN_POINT('',(0.0172976424213565,-0.00552033390475285,0.0076049700487729));
#3158=CARTESIAN_POINT('',(0.0188443320856176,-0.00553841436200953,0.00926723664445317));
#3159=CARTESIAN_POINT('',(0.0208989547123034,-0.00557429054021526,0.0131512555028435));
#3160=CARTESIAN_POINT('',(0.0213938679377431,-0.00559159718806943,0.0153332116857434));
#3161=CARTESIAN_POINT('',(0.0213549374485716,-0.00562084617877631,0.0194443935277016));
#3162=CARTESIAN_POINT('',(0.0208132853173585,-0.00563854193615294,0.0216325505143914));
#3163=CARTESIAN_POINT('',(0.0186797852090883,-0.00567444746414407,0.0254751773408919));
#3164=CARTESIAN_POINT('',(0.0171028224740956,-0.00569239180466062,0.0271007288644426));
#3165=CARTESIAN_POINT('',(0.0144768088910341,-0.00571488707465897,0.0287637776716109));
#3166=CARTESIAN_POINT('',(0.0135393383196786,-0.00572228880493838,0.0292136200984815));
#3167=CARTESIAN_POINT('',(0.0115083554051617,-0.00573888283764003,0.02989169749082));
#3168=CARTESIAN_POINT('',(0.0104292260207681,-0.00574769980412752,0.0301098209347612));
#3169=CARTESIAN_POINT('',(0.00714488910093376,-0.00577453429587111,0.030341805194464));
#3170=CARTESIAN_POINT('',(0.00490743350653905,-0.00579281530209549,0.0299086058668113));
#3171=CARTESIAN_POINT('',(0.0020504765699504,-0.00581615790950696,0.0285927036684807));
#3172=CARTESIAN_POINT('',(0.00117931013191159,-0.00582316312389634,0.02805767193622));
#3173=CARTESIAN_POINT('',(-0.000479971094619683,-0.0058392969030164,0.0267355273759171));
#3174=CARTESIAN_POINT('',(-0.00124695142705885,-0.00584795195268526,0.0259551555383413));
#3175=CARTESIAN_POINT('',(-0.00322850978974001,-0.00587457648609529,0.0233364558656811));
#3176=CARTESIAN_POINT('',(-0.00409490735500083,-0.00589311293872788,0.0212169781992217));
#3177=CARTESIAN_POINT('',(-0.0045497479654171,-0.00591723375143691,0.0180706697807403));
#3178=CARTESIAN_POINT('',(-0.00457206155111092,-0.00592421852036878,0.017049468165179));
#3179=CARTESIAN_POINT('',(-0.00436760147901999,-0.00593983888681547,0.0149599410514581));
#3180=CARTESIAN_POINT('',(-0.00413367051580137,-0.0059482978434199,0.0138995261694772));
#3181=CARTESIAN_POINT('',(-0.00302462805147058,-0.00597460011579875,0.0108226232414088));
#3182=CARTESIAN_POINT('',(-0.00172164305244193,-0.00599330674815102,0.00893115853805585));
#3183=CARTESIAN_POINT('',(0.000692255395079037,-0.006018127034977,0.00681705843922546));
#3184=CARTESIAN_POINT('',(0.001551446588626,-0.00602546766745262,0.00623619150278536));
#3185=CARTESIAN_POINT('',(0.00339469467906124,-0.00604052782323794,0.00528324873018634));
#3186=CARTESIAN_POINT('',(0.00440215717632967,-0.00604875923941868,0.00490478107667483));
#3187=CARTESIAN_POINT('',(0.0075687242085981,-0.00607463149886009,0.00416041636605732));
#3188=CARTESIAN_POINT('',(0.00986833101645028,-0.00609342030810988,0.00421461416423361));
#3189=CARTESIAN_POINT('',(0.0140185848779322,-0.00612732972596138,0.00538713636935182));
#3190=CARTESIAN_POINT('',(0.0158215191072854,-0.00614090949718836,0.00641865876928965));
#3191=CARTESIAN_POINT('',(0.0189336465593032,-0.00617469677902853,0.00939691045667732));
#3192=CARTESIAN_POINT('',(0.0201478025869384,-0.00619347842974877,0.0113502626762282));
#3193=CARTESIAN_POINT('',(0.0211137949424143,-0.00621942646752271,0.0144596928755383));
#3194=CARTESIAN_POINT('',(0.021298983668886,-0.00622769626287114,0.0155215155970565));
#3195=CARTESIAN_POINT('',(0.0214124046761909,-0.00624284888295205,0.0175974991684175));
#3196=CARTESIAN_POINT('',(0.0213473007288481,-0.00625010744405592,0.0186289489993684));
#3197=CARTESIAN_POINT('',(0.0207505801154722,-0.0062748215342909,0.0217771888141745));
#3198=CARTESIAN_POINT('',(0.0197830049936108,-0.00629350680743377,0.023859283877446));
#3199=CARTESIAN_POINT('',(0.0176927109640077,-0.00631986799174962,0.0263779867698096));
#3200=CARTESIAN_POINT('',(0.016896547391451,-0.00632836049647593,0.0271185377431045));
#3201=CARTESIAN_POINT('',(0.0151963086258835,-0.00634406628386177,0.0283565488704408));
#3202=CARTESIAN_POINT('',(0.0143054909362593,-0.00635102899768785,0.028854356430343));
#3203=CARTESIAN_POINT('',(0.0113679023931081,-0.00637503040114655,0.030056097027302));
#3204=CARTESIAN_POINT('',(0.00910349212322601,-0.00639353163904462,0.0303855377158786));
#3205=CARTESIAN_POINT('',(0.00583980764819583,-0.00642019739113905,0.0300065577601664));
#3206=CARTESIAN_POINT('',(0.00477703734271553,-0.00642888069668408,0.0297413154527654));
#3207=CARTESIAN_POINT('',(0.00279292047030805,-0.00644509181300087,0.0289806623187871));
#3208=CARTESIAN_POINT('',(0.00188871095037924,-0.0064521352459516,0.0284999982575061));
#3209=CARTESIAN_POINT('',(-0.000689494683938561,-0.00647534673012061,0.0267081274545946));
#3210=CARTESIAN_POINT('',(-0.00219725684946797,-0.00649357922829693,0.0250018986414122));
#3211=CARTESIAN_POINT('',(-0.00366432185720309,-0.00652043665851471,0.0220532415940289));
#3212=CARTESIAN_POINT('',(-0.00402427384541303,-0.00652927618882913,0.0210117998228057));
#3213=CARTESIAN_POINT('',(-0.00447071174841398,-0.00654593849434562,0.0189147250414164));
#3214=CARTESIAN_POINT('',(-0.00455836939270188,-0.00655343827101874,0.0178742759212309));
#3215=CARTESIAN_POINT('',(-0.00445650712887938,-0.00657579228209827,0.01477387130329));
#3216=CARTESIAN_POINT('',(-0.00385714815201539,-0.00659367558173928,0.0125925266819681));
#3217=CARTESIAN_POINT('',(-0.00162846930868254,-0.00662958688121277,0.00880403566020112));
#3218=CARTESIAN_POINT('',(-1.60707361542791E-5,-0.00664734917738796,0.00722467072210967));
#3219=CARTESIAN_POINT('',(0.00263247024444118,-0.00666943132585121,0.00563301314710484));
#3220=CARTESIAN_POINT('',(0.00359238300796585,-0.00667714302471066,0.00519896559780076));
#3221=CARTESIAN_POINT('',(0.00564704863890749,-0.00669393055572685,0.00456808208584266));
#3222=CARTESIAN_POINT('',(0.00673385870452206,-0.00670281027679215,0.00437652793113405));
#3223=CARTESIAN_POINT('',(0.0100253308804065,-0.0067297030667476,0.00422625253453513));
#3224=CARTESIAN_POINT('',(0.01224490124476,-0.0067478379426968,0.00471547155753163));
#3225=CARTESIAN_POINT('',(0.0150548015160732,-0.00677079607624745,0.00609135668248183));
#3226=CARTESIAN_POINT('',(0.0159186653016654,-0.00677793837326989,0.00664930540475418));
#3227=CARTESIAN_POINT('',(0.0175527979670859,-0.00679429231211567,0.00801708390372463));
#3228=CARTESIAN_POINT('',(0.0183024374120379,-0.00680302675790734,0.00881868828591292));
#3229=CARTESIAN_POINT('',(0.0202210184300074,-0.00682976272064451,0.0114894958656689));
#3230=CARTESIAN_POINT('',(0.0210307806563337,-0.00684819124019486,0.013626418152294));
#3231=CARTESIAN_POINT('',(0.0214082857925486,-0.00687196082264744,0.0167677380741557));
#3232=CARTESIAN_POINT('',(0.0214074150872868,-0.00687890818986846,0.0177875369558493));
#3233=CARTESIAN_POINT('',(0.0211518839838773,-0.00689477257037725,0.0198820638566234));
#3234=CARTESIAN_POINT('',(0.0208909273550654,-0.00690332643702272,0.0209402887700872));
#3235=CARTESIAN_POINT('',(0.0197036684950961,-0.0069297916805276,0.0239950655848542));
#3236=CARTESIAN_POINT('',(0.0183537581593998,-0.00694843029586114,0.0258498253231946));
#3237=CARTESIAN_POINT('',(0.0158996267779645,-0.00697293697754694,0.0278963762004627));
#3238=CARTESIAN_POINT('',(0.0150352966835193,-0.00698006616050723,0.0284525356917284));
#3239=CARTESIAN_POINT('',(0.013159629621171,-0.00699539119369562,0.0293668344452779));
#3240=CARTESIAN_POINT('',(0.0121388125083911,-0.00700373172301804,0.0297221112710442));
#3241=CARTESIAN_POINT('',(0.00894627136696022,-0.00702981620247064,0.0303901096432254));
#3242=CARTESIAN_POINT('',(0.0066499695902459,-0.00704857800814773,0.0302762583790934));
#3243=CARTESIAN_POINT('',(0.00459702998013685,-0.00706535143680692,0.0296417856307013));
#3244=CARTESIAN_POINT('',(0.00998580877468124,-0.00391297845184153,0.0304861194583596));
#3245=CARTESIAN_POINT('',(0.00943375045542676,-0.00391744923310644,0.030445255626978));
#3246=CARTESIAN_POINT('',(0.00888169213617229,-0.00392192001437135,0.0304043917955964));
#3247=CARTESIAN_POINT('',(0.00777757549766333,-0.00393086157690117,0.0303226641328331));
#3248=CARTESIAN_POINT('',(0.00722367334723349,-0.00393534729022232,0.0302912545006167));
#3249=CARTESIAN_POINT('',(0.00558297036256172,-0.00394863433600955,0.0300701931570801));
#3250=CARTESIAN_POINT('',(0.00451833767525325,-0.00395725614226881,0.0297836834394694));
#3251=CARTESIAN_POINT('',(0.00253719591627424,-0.00397330019259874,0.0289835358886551));
#3252=CARTESIAN_POINT('',(0.00163592015883477,-0.00398027360851042,0.0284848740232989));
#3253=CARTESIAN_POINT('',(-8.33472282001352E-5,-0.00399593345969308,0.0272446487214988));
#3254=CARTESIAN_POINT('',(-0.000889448522411217,-0.00400440796514895,0.0265017223266034));
#3255=CARTESIAN_POINT('',(-0.00300918699981746,-0.00403073770911584,0.0239713527358653));
#3256=CARTESIAN_POINT('',(-0.00399571967672042,-0.00404943478548577,0.0218750230253736));
#3257=CARTESIAN_POINT('',(-0.00461254640824557,-0.00407420644795184,0.0186991044829561));
#3258=CARTESIAN_POINT('',(-0.0046827622331804,-0.00408150810342135,0.0176568528121097));
#3259=CARTESIAN_POINT('',(-0.00457763461730265,-0.00409661096614598,0.0155641211414786));
#3260=CARTESIAN_POINT('',(-0.00439581964804151,-0.00410486014607301,0.0144928906922195));
#3261=CARTESIAN_POINT('',(-0.00343611482236384,-0.00413076762501826,0.0113529836115881));
#3262=CARTESIAN_POINT('',(-0.00222061603765919,-0.00414955342197141,0.00937619740620587));
#3263=CARTESIAN_POINT('',(0.00090751550283906,-0.00418340700269349,0.0063552448083797));
#3264=CARTESIAN_POINT('',(0.0027220300066489,-0.00419698560111452,0.00530688456894139));
#3265=CARTESIAN_POINT('',(0.00690112531496676,-0.0042308295273032,0.00410564519279994));
#3266=CARTESIAN_POINT('',(0.00922075190525229,-0.00424961475839154,0.00403974133035414));
#3267=CARTESIAN_POINT('',(0.0124205832791236,-0.00427552822741868,0.00477647477811786));
#3268=CARTESIAN_POINT('',(0.0134395781606179,-0.00428378044111845,0.00515400084829404));
#3269=CARTESIAN_POINT('',(0.0153054032900528,-0.00429889061289077,0.00610827267544824));
#3270=CARTESIAN_POINT('',(0.0161730328870998,-0.00430618578084454,0.00668950858834421));
#3271=CARTESIAN_POINT('',(0.0186161778610721,-0.00433094904875047,0.00880980487159075));
#3272=CARTESIAN_POINT('',(0.0199396921916655,-0.00434964443672563,0.0107113373954714));
#3273=CARTESIAN_POINT('',(0.0210733462383362,-0.00437597883753067,0.0138116870885189));
#3274=CARTESIAN_POINT('',(0.0213144322511464,-0.00438445599487907,0.0148812033257689));
#3275=CARTESIAN_POINT('',(0.021530266357386,-0.00440012259835545,0.0169903990062383));
#3276=CARTESIAN_POINT('',(0.0215121217808804,-0.00440709427087174,0.0180201916790502));
#3277=CARTESIAN_POINT('',(0.0210678236690015,-0.0044311509073853,0.0211937683800473));
#3278=CARTESIAN_POINT('',(0.0202043211503961,-0.00444966863119131,0.0233355567730542));
#3279=CARTESIAN_POINT('',(0.0182168079811554,-0.00447631576121118,0.0259875208655752));
#3280=CARTESIAN_POINT('',(0.0174461953064313,-0.00448498616492598,0.0267788685889601));
#3281=CARTESIAN_POINT('',(0.0157767374941027,-0.00450116183986426,0.0281213996952546));
#3282=CARTESIAN_POINT('',(0.0148993772237578,-0.00450818647878396,0.0286653591606461));
#3283=CARTESIAN_POINT('',(0.0120257081900658,-0.0045314585593401,0.030004407735801));
#3284=CARTESIAN_POINT('',(0.00977154389957428,-0.00454971365146799,0.0304520602137491));
#3285=CARTESIAN_POINT('',(0.00645640981103074,-0.00457656088636473,0.0302333400630804));
#3286=CARTESIAN_POINT('',(0.0053661608421413,-0.00458539014315554,0.0300182395636063));
#3287=CARTESIAN_POINT('',(0.00331253470422935,-0.00460202119995204,0.0293429113116973));
#3288=CARTESIAN_POINT('',(0.00236273129067362,-0.0046094746490932,0.0288920884611106));
#3289=CARTESIAN_POINT('',(-0.000291089368199999,-0.0046318938919013,0.0272276464010465));
#3290=CARTESIAN_POINT('',(-0.00188889392246955,-0.0046498055396418,0.0255962242577614));
#3291=CARTESIAN_POINT('',(-0.00405941854309798,-0.00468571467643974,0.0217293075646974));
#3292=CARTESIAN_POINT('',(-0.00461673118081398,-0.00470344656436006,0.0195227880140381));
#3293=CARTESIAN_POINT('',(-0.00467408858613183,-0.00473280038174481,0.0153705175619739));
#3294=CARTESIAN_POINT('',(-0.00418542261506652,-0.00474996967391487,0.013172906190397));
#3295=CARTESIAN_POINT('',(-0.00213090712390691,-0.00478583602680158,0.00924511189796109));
#3296=CARTESIAN_POINT('',(-0.000577627411966987,-0.00480394609397941,0.00755969188070427));
#3297=CARTESIAN_POINT('',(0.00204628122404132,-0.00482684179723077,0.00581004445301719));
#3298=CARTESIAN_POINT('',(0.00297241416622284,-0.00483401330864217,0.00533946551299696));
#3299=CARTESIAN_POINT('',(0.00499600891382307,-0.00485040115965319,0.00460891764120182));
#3300=CARTESIAN_POINT('',(0.00607602374185508,-0.00485914753642279,0.00436245845968088));
#3301=CARTESIAN_POINT('',(0.00937932816465349,-0.00488589897012219,0.00404640814969423));
#3302=CARTESIAN_POINT('',(0.0116525831009783,-0.00490430866566561,0.00442606200583926));
#3303=CARTESIAN_POINT('',(0.0145806041824662,-0.00492802091007496,0.00569101459414412));
#3304=CARTESIAN_POINT('',(0.0154693876151402,-0.00493496978367218,0.00620945640865034));
#3305=CARTESIAN_POINT('',(0.0171669669281469,-0.00495087199243227,0.00749675964746209));
#3306=CARTESIAN_POINT('',(0.017957375357143,-0.00495944030813685,0.00826212216622913));
#3307=CARTESIAN_POINT('',(0.0200179603914324,-0.00498592929755362,0.0108493498722913));
#3308=CARTESIAN_POINT('',(0.0209486292433123,-0.00500455537211392,0.0129678088525921));
#3309=CARTESIAN_POINT('',(0.0214862147210806,-0.00502901051561726,0.0161443468029039));
#3310=CARTESIAN_POINT('',(0.0215323461444357,-0.00503611347935623,0.0171791028258482));
#3311=CARTESIAN_POINT('',(0.0213769847529341,-0.00505147978796359,0.0192803951899249));
#3312=CARTESIAN_POINT('',(0.0211681431626236,-0.00505983708322651,0.0203514373332291));
#3313=CARTESIAN_POINT('',(0.0201286554733333,-0.00508595324800138,0.0234750370239964));
#3314=CARTESIAN_POINT('',(0.0188629163159752,-0.00510470899791696,0.0254185327088049));
#3315=CARTESIAN_POINT('',(0.0164708413749401,-0.00512982406358891,0.0276184750347789));
#3316=CARTESIAN_POINT('',(0.0156069788349718,-0.00513745604792893,0.0282315638807322));
#3317=CARTESIAN_POINT('',(0.0137811010998243,-0.00515224271028977,0.0292304726924804));
#3318=CARTESIAN_POINT('',(0.0127789000507854,-0.00516035892105491,0.0296350408043954));
#3319=CARTESIAN_POINT('',(0.00961306107818968,-0.00518599710650154,0.0304617319069918));
#3320=CARTESIAN_POINT('',(0.00729202732530085,-0.00520479373333555,0.0304673496510576));
#3321=CARTESIAN_POINT('',(0.0041206032573316,-0.00523047714903936,0.0296546535208649));
#3322=CARTESIAN_POINT('',(0.00311569696193044,-0.00523861526793328,0.0292542684891786));
#3323=CARTESIAN_POINT('',(0.00128345126997958,-0.00525345350046521,0.0282622277266034));
#3324=CARTESIAN_POINT('',(0.000419194849616907,-0.00526102518482552,0.0276543475598027));
#3325=CARTESIAN_POINT('',(-0.00198115056106039,-0.00528608680301391,0.0254668009496438));
#3326=CARTESIAN_POINT('',(-0.00325609696303229,-0.0053048348441813,0.023529720214423));
#3327=CARTESIAN_POINT('',(-0.00431041179340907,-0.00533098740698202,0.0204094912001128));
#3328=CARTESIAN_POINT('',(-0.00452430544387305,-0.0053393641385693,0.0193385945555174));
#3329=CARTESIAN_POINT('',(-0.00468910251058418,-0.00535477850586606,0.017235897479146));
#3330=CARTESIAN_POINT('',(-0.00464739921822121,-0.00536185333898415,0.0162022042146162));
#3331=CARTESIAN_POINT('',(-0.00412451918111367,-0.00538624752451124,0.0130258677084812));
#3332=CARTESIAN_POINT('',(-0.00320433774507246,-0.00540485830661782,0.0109035342756013));
#3333=CARTESIAN_POINT('',(-0.00115502269182009,-0.00543137435565672,0.00830594157280661));
#3334=CARTESIAN_POINT('',(-0.000367638781007536,-0.00543995937307157,0.00753645145038976));
#3335=CARTESIAN_POINT('',(0.00132569623801378,-0.00545590555659871,0.00624042766751767));
#3336=CARTESIAN_POINT('',(0.00221244645360191,-0.00546285879689401,0.00571813369855942));
#3337=CARTESIAN_POINT('',(0.00513210921579246,-0.00548650335240887,0.00444134947484071));
#3338=CARTESIAN_POINT('',(0.00740256972600456,-0.00550489041761148,0.0040509409666907));
#3339=CARTESIAN_POINT('',(0.010708015119454,-0.00553165918971724,0.00435175530838944));
#3340=CARTESIAN_POINT('',(0.0117897258395328,-0.00554041930047494,0.00459333074347271));
#3341=CARTESIAN_POINT('',(0.0138181788351404,-0.00555684649545275,0.00531532026183326));
#3342=CARTESIAN_POINT('',(0.0147477563544417,-0.00556405481990761,0.00578271100275891));
#3343=CARTESIAN_POINT('',(0.0173766186531167,-0.00558687693591742,0.00751900606604666));
#3344=CARTESIAN_POINT('',(0.0189370705719603,-0.0056049573931741,0.00919606330564365));
#3345=CARTESIAN_POINT('',(0.0210099749783158,-0.00564083357137982,0.0131146416865856));
#3346=CARTESIAN_POINT('',(0.0215092918808227,-0.005658140219234,0.0153160126474923));
#3347=CARTESIAN_POINT('',(0.0214700149929423,-0.00568738920994087,0.0194637752803172));
#3348=CARTESIAN_POINT('',(0.0209235433076213,-0.0057050849673175,0.0216714022190039));
#3349=CARTESIAN_POINT('',(0.0187710595775424,-0.00574099049530864,0.0255482202668423));
#3350=CARTESIAN_POINT('',(0.0171800652219036,-0.00575893483582519,0.0271882357481094));
#3351=CARTESIAN_POINT('',(0.0145306856926525,-0.00578143010582353,0.0288660821592161));
#3352=CARTESIAN_POINT('',(0.0135848736233451,-0.00578883183610294,0.0293199272287264));
#3353=CARTESIAN_POINT('',(0.0115358192724126,-0.0058054258688046,0.0300040380703829));
#3354=CARTESIAN_POINT('',(0.0104470879273551,-0.00581424283529208,0.0302241023499262));
#3355=CARTESIAN_POINT('',(0.00713352738117229,-0.00584107732703568,0.0304581507770668));
#3356=CARTESIAN_POINT('',(0.00487616318182687,-0.00585935833326005,0.0300210968950261));
#3357=CARTESIAN_POINT('',(0.00199378539346613,-0.00588270094067152,0.0286934859606268));
#3358=CARTESIAN_POINT('',(0.00111486742350657,-0.00588970615506091,0.0281536935817547));
#3359=CARTESIAN_POINT('',(-0.000559177883493562,-0.00590583993418096,0.0268197847416132));
#3360=CARTESIAN_POINT('',(-0.00133298271268777,-0.00591449498384982,0.0260324692513152));
#3361=CARTESIAN_POINT('',(-0.00333217273819532,-0.00594111951725985,0.0233904687107414));
#3362=CARTESIAN_POINT('',(-0.0042062794025329,-0.00595965596989244,0.0212521321924374));
#3363=CARTESIAN_POINT('',(-0.00466516712881194,-0.00598377678260147,0.0180778283082522));
#3364=CARTESIAN_POINT('',(-0.00468767925804947,-0.00599076155153335,0.0170475401661962));
#3365=CARTESIAN_POINT('',(-0.00448139992536018,-0.00600638191798004,0.0149394206969689));
#3366=CARTESIAN_POINT('',(-0.00424538747317521,-0.00601484087458446,0.013869570373667));
#3367=CARTESIAN_POINT('',(-0.00312647688527081,-0.00604114314696331,0.0107652895414203));
#3368=CARTESIAN_POINT('',(-0.00181189808582559,-0.00605984977931558,0.00885699481755133));
#3369=CARTESIAN_POINT('',(0.000623478933472717,-0.00608467006614157,0.00672408371581241));
#3370=CARTESIAN_POINT('',(0.00149031510468642,-0.00609201069861719,0.00613804829674611));
#3371=CARTESIAN_POINT('',(0.00334996419014053,-0.00610707085440251,0.00517662635644972));
#3372=CARTESIAN_POINT('',(0.00436639096491731,-0.00611530227058325,0.00479479114426162));
#3373=CARTESIAN_POINT('',(0.00756113372154573,-0.00614117453002465,0.00404380316791314));
#3374=CARTESIAN_POINT('',(0.0098812021482091,-0.00615996333927445,0.00409848321143803));
#3375=CARTESIAN_POINT('',(0.0140683844585865,-0.00619387275712594,0.00528143837506326));
#3376=CARTESIAN_POINT('',(0.0158873609751762,-0.00620745252835293,0.00632213913456703));
#3377=CARTESIAN_POINT('',(0.0190271797548582,-0.0062412398101931,0.00932689093951525));
#3378=CARTESIAN_POINT('',(0.0202521391936374,-0.00626002146091334,0.0112976238470968));
#3379=CARTESIAN_POINT('',(0.0212267268303956,-0.00628596949868727,0.014434721374248));
#3380=CARTESIAN_POINT('',(0.0214135633434004,-0.00629423929403571,0.0155059920638704));
#3381=CARTESIAN_POINT('',(0.0215279935568916,-0.00630939191411661,0.017600447481962));
#3382=CARTESIAN_POINT('',(0.021462310322625,-0.00631665047522049,0.0186410750267689));
#3383=CARTESIAN_POINT('',(0.0208602801625536,-0.00634136456545547,0.021817327492606));
#3384=CARTESIAN_POINT('',(0.0198840956761491,-0.00636004983859834,0.0239179487819122));
#3385=CARTESIAN_POINT('',(0.0177752024671162,-0.00638641102291419,0.0264590627831255));
#3386=CARTESIAN_POINT('',(0.0169719547289198,-0.0063949035276405,0.0272062030879853));
#3387=CARTESIAN_POINT('',(0.0152565874477338,-0.00641060931502634,0.0284552298862115));
#3388=CARTESIAN_POINT('',(0.0143578433717668,-0.00641757202885241,0.0289574668766134));
#3389=CARTESIAN_POINT('',(0.011394116526716,-0.00644157343231111,0.0301699004137398));
#3390=CARTESIAN_POINT('',(0.00910955781249279,-0.00646007467020918,0.0305022724250833));
#3391=CARTESIAN_POINT('',(0.00581683347403028,-0.00648674042230361,0.0301199203522925));
#3392=CARTESIAN_POINT('',(0.00474460676896012,-0.00649542372784865,0.029852317951432));
#3393=CARTESIAN_POINT('',(0.00274283546842109,-0.00651163484416543,0.029084896619333));
#3394=CARTESIAN_POINT('',(0.00183058040328905,-0.00651867827711617,0.0285999556682966));
#3395=CARTESIAN_POINT('',(-0.000770565787964908,-0.00654188976128518,0.0267921410191576));
#3396=CARTESIAN_POINT('',(-0.00229174383597634,-0.00656012225946149,0.0250707303916489));
#3397=CARTESIAN_POINT('',(-0.00377186260788411,-0.00658697968967927,0.0220958365561754));
#3398=CARTESIAN_POINT('',(-0.0041350174046559,-0.0065958192199937,0.0210451281640395));
#3399=CARTESIAN_POINT('',(-0.00458542765726152,-0.00661248152551019,0.0189293938689242));
#3400=CARTESIAN_POINT('',(-0.00467386526849733,-0.00661998130218331,0.0178796869603129));
#3401=CARTESIAN_POINT('',(-0.00457109664676771,-0.00664233531326284,0.014751695323045));
#3402=CARTESIAN_POINT('',(-0.00396640464737404,-0.00666021861290384,0.0125509413653161));
#3403=CARTESIAN_POINT('',(-0.00171789529354299,-0.00669612991237734,0.00872874081594972));
#3404=CARTESIAN_POINT('',(-9.11497966404671E-5,-0.00671389220855252,0.00713532288270421));
#3405=CARTESIAN_POINT('',(0.00258095757615984,-0.00673597435701577,0.00552950293417253));
#3406=CARTESIAN_POINT('',(0.0035494115255047,-0.00674368605587522,0.00509159328310849));
#3407=CARTESIAN_POINT('',(0.00562235931876263,-0.00676047358689141,0.00445509624718105));
#3408=CARTESIAN_POINT('',(0.00671883968679883,-0.00676935330795671,0.00426183766714113));
#3409=CARTESIAN_POINT('',(0.0100395989776634,-0.00679624609791216,0.00411022513852842));
#3410=CARTESIAN_POINT('',(0.0122789188063883,-0.00681438097386136,0.00460379717227856));
#3411=CARTESIAN_POINT('',(0.0151138212250481,-0.00683733910741202,0.00599192475400816));
#3412=CARTESIAN_POINT('',(0.0159853715644569,-0.00684448140443446,0.00655483803545313));
#3413=CARTESIAN_POINT('',(0.0176340445415396,-0.00686083534328023,0.00793478685944111));
#3414=CARTESIAN_POINT('',(0.0183903541861606,-0.00686956978907191,0.00874352381892467));
#3415=CARTESIAN_POINT('',(0.0203260065022816,-0.00689630575180908,0.0114380959163488));
#3416=CARTESIAN_POINT('',(0.0211429738933979,-0.00691473427135942,0.0135940322749051));
#3417=CARTESIAN_POINT('',(0.0215238380239288,-0.00693850385381201,0.0167633032754406));
#3418=CARTESIAN_POINT('',(0.0215229595712385,-0.00694545122103303,0.0177921762022754));
#3419=CARTESIAN_POINT('',(0.0212651547834693,-0.00696131560154182,0.0199053399460468));
#3420=CARTESIAN_POINT('',(0.0210018761946394,-0.00696986946818729,0.0209729808147608));
#3421=CARTESIAN_POINT('',(0.0198040532512191,-0.00699633471169217,0.0240549386582688));
#3422=CARTESIAN_POINT('',(0.0184421315792265,-0.00701497332702571,0.0259262018208566));
#3423=CARTESIAN_POINT('',(0.0159661636383115,-0.0070394800087115,0.0279909626563599));
#3424=CARTESIAN_POINT('',(0.0150941428408908,-0.00704660919167179,0.0285520707864406));
#3425=CARTESIAN_POINT('',(0.013201786323495,-0.00706193422486018,0.0294745048579543));
#3426=CARTESIAN_POINT('',(0.012171886105479,-0.00707027475418261,0.0298329428932615));
#3427=CARTESIAN_POINT('',(0.00895093812525631,-0.0070963592336352,0.0305068850328778));
#3428=CARTESIAN_POINT('',(0.00663420413749175,-0.0071151210393123,0.030392020734187));
#3429=CARTESIAN_POINT('',(0.00456299772298769,-0.00713189446797148,0.0297519025252409));
#3430=CARTESIAN_POINT('',(0.00999960247445202,-0.0039795214830061,0.0306027117080385));
#3431=CARTESIAN_POINT('',(0.00944267533031276,-0.00398399226427101,0.0305614874820533));
#3432=CARTESIAN_POINT('',(0.0088857481861735,-0.00398846304553592,0.0305202632560681));
#3433=CARTESIAN_POINT('',(0.00777189389789498,-0.00399740460806574,0.0304378148040977));
#3434=CARTESIAN_POINT('',(0.00721310666108987,-0.00400189032138689,0.0304061281576717));
#3435=CARTESIAN_POINT('',(0.00555793365533212,-0.00401517736717411,0.0301831171850235));
#3436=CARTESIAN_POINT('',(0.00448391154313803,-0.00402379917343338,0.0298940806227043));
#3437=CARTESIAN_POINT('',(0.00248529729627146,-0.00403984322376331,0.0290868762480527));
#3438=CARTESIAN_POINT('',(0.0015760728245697,-0.00404681663967499,0.0285838164826659));
#3439=CARTESIAN_POINT('',(-0.000158357474689574,-0.00406247649085765,0.0273326531339213));
#3440=CARTESIAN_POINT('',(-0.00097156810120129,-0.00407095099631351,0.0265831745716318));
#3441=CARTESIAN_POINT('',(-0.00311000140683141,-0.0040972807402804,0.0240304886313318));
#3442=CARTESIAN_POINT('',(-0.0041052347131415,-0.00411597781665033,0.021915670543969));
#3443=CARTESIAN_POINT('',(-0.00472750148829121,-0.00414074947911641,0.0187117422955258));
#3444=CARTESIAN_POINT('',(-0.00479833657489429,-0.00414805113458592,0.0176602985870011));
#3445=CARTESIAN_POINT('',(-0.00469228179618897,-0.00416315399731054,0.0155491102720631));
#3446=CARTESIAN_POINT('',(-0.00450886332741357,-0.00417140317723757,0.0144684322095958));
#3447=CARTESIAN_POINT('',(-0.00354069447796462,-0.00419731065618282,0.0113008330225385));
#3448=CARTESIAN_POINT('',(-0.00231447571943839,-0.00421609645313598,0.00930661274265188));
#3449=CARTESIAN_POINT('',(0.00084124407424988,-0.00424995003385805,0.00625901714594128));
#3450=CARTESIAN_POINT('',(0.00267176151300666,-0.00426352863227909,0.00520141099489551));
#3451=CARTESIAN_POINT('',(0.00688771394768843,-0.00429737255846777,0.00398957740440541));
#3452=CARTESIAN_POINT('',(0.00922779826005202,-0.00431615778955611,0.00392309230922696));
#3453=CARTESIAN_POINT('',(0.0124558502368503,-0.00434207125858324,0.00466632330628722));
#3454=CARTESIAN_POINT('',(0.0134838320450215,-0.00435032347228301,0.00504717893107932));
#3455=CARTESIAN_POINT('',(0.015366112638497,-0.00436543364405533,0.00600986686620046));
#3456=CARTESIAN_POINT('',(0.016241394210753,-0.0043727288120091,0.00659622893294275));
#3457=CARTESIAN_POINT('',(0.0187060862652267,-0.00439749207991503,0.00873522496392776));
#3458=CARTESIAN_POINT('',(0.0200412732022883,-0.00441618746789019,0.0106535278697565));
#3459=CARTESIAN_POINT('',(0.0211849254010394,-0.00444252186869524,0.0137812207966808));
#3460=CARTESIAN_POINT('',(0.0214281376485926,-0.00445099902604364,0.0148601695288122));
#3461=CARTESIAN_POINT('',(0.0216458752828306,-0.00446666562952002,0.0169879670563288));
#3462=CARTESIAN_POINT('',(0.0216275706819896,-0.00447363730203631,0.0180268418858925));
#3463=CARTESIAN_POINT('',(0.0211793541259392,-0.00449769393854987,0.0212284076392717));
#3464=CARTESIAN_POINT('',(0.0203082360304934,-0.00451621166235588,0.0233890853275977));
#3465=CARTESIAN_POINT('',(0.0183031941813294,-0.00454285879237574,0.0260644381606138));
#3466=CARTESIAN_POINT('',(0.0175257851627476,-0.00455152919609054,0.0268627650986103));
#3467=CARTESIAN_POINT('',(0.0158416037289151,-0.00456770487102882,0.0282171365279847));
#3468=CARTESIAN_POINT('',(0.0149565056646303,-0.00457472950994853,0.0287658933912036));
#3469=CARTESIAN_POINT('',(0.0120574925851847,-0.00459800159050467,0.0301167515755923));
#3470=CARTESIAN_POINT('',(0.00978344791102868,-0.00461625668263256,0.0305683520812185));
#3471=CARTESIAN_POINT('',(0.00643907631843216,-0.0046431039175293,0.0303477029493621));
#3472=CARTESIAN_POINT('',(0.00533921200434239,-0.0046519331743201,0.0301307053918634));
#3473=CARTESIAN_POINT('',(0.00326747410958235,-0.00466856423111661,0.0294494211478362));
#3474=CARTESIAN_POINT('',(0.00230929399680069,-0.00467601768025777,0.0289946223087769));
#3475=CARTESIAN_POINT('',(-0.000367931776375208,-0.00469843692306587,0.0273155008631502));
#3476=CARTESIAN_POINT('',(-0.00197982801317814,-0.00471634857080637,0.025669690550261));
#3477=CARTESIAN_POINT('',(-0.00416949536550242,-0.00475225770760431,0.0217686699598986));
#3478=CARTESIAN_POINT('',(-0.00473172316805604,-0.00476998959552463,0.0195426902237439));
#3479=CARTESIAN_POINT('',(-0.00478958643145553,-0.00479934341290937,0.0153537992245377));
#3480=CARTESIAN_POINT('',(-0.00429661071818132,-0.00481651270507944,0.0131368062322881));
#3481=CARTESIAN_POINT('',(-0.00222397562660877,-0.00485237905796615,0.0091743711384616));
#3482=CARTESIAN_POINT('',(-0.000656996914670566,-0.00487048912514397,0.00747408672258034));
#3483=CARTESIAN_POINT('',(0.00199005302945107,-0.00489338482839533,0.00570900844884241));
#3484=CARTESIAN_POINT('',(0.0029243539114285,-0.00490055633980673,0.005234279283432));
#3485=CARTESIAN_POINT('',(0.00496579555693825,-0.00491694419081776,0.00449728841542855));
#3486=CARTESIAN_POINT('',(0.00605533547115636,-0.00492569056758736,0.00424865561102354));
#3487=CARTESIAN_POINT('',(0.00938777306741632,-0.00495244200128676,0.0039298179259346));
#3488=CARTESIAN_POINT('',(0.0116810767555078,-0.00497085169683017,0.00431282010249784));
#3489=CARTESIAN_POINT('',(0.0146349212353713,-0.00499456394123952,0.00558892881765598));
#3490=CARTESIAN_POINT('',(0.0155315432074591,-0.00500151281483674,0.00611194297953881));
#3491=CARTESIAN_POINT('',(0.0172440941568215,-0.00501741502359683,0.00741059946460151));
#3492=CARTESIAN_POINT('',(0.0180414735164133,-0.00502598333930142,0.00818271202398434));
#3493=CARTESIAN_POINT('',(0.0201202316808635,-0.00505247232871819,0.0107927575342504));
#3494=CARTESIAN_POINT('',(0.0210591084765556,-0.00507109840327849,0.0129299000583742));
#3495=CARTESIAN_POINT('',(0.0216014351373848,-0.00509555354678183,0.0161344531775197));
#3496=CARTESIAN_POINT('',(0.0216479734123607,-0.0051026565105208,0.0171783351310016));
#3497=CARTESIAN_POINT('',(0.0214912418261121,-0.00511802281912816,0.019298159639592));
#3498=CARTESIAN_POINT('',(0.0212805583776203,-0.00512638011439107,0.0203786477353582));
#3499=CARTESIAN_POINT('',(0.0202319030273194,-0.00515249627916594,0.0235297957111057));
#3500=CARTESIAN_POINT('',(0.0189550008060384,-0.00517125202908152,0.0254904318678963));
#3501=CARTESIAN_POINT('',(0.0165418291917118,-0.00519636709475348,0.0277097763721696));
#3502=CARTESIAN_POINT('',(0.0156703478997296,-0.00520399907909349,0.0283282722958276));
#3503=CARTESIAN_POINT('',(0.0138283670127167,-0.00521878574145434,0.0293359908871057));
#3504=CARTESIAN_POINT('',(0.01281732714858,-0.00522690195221948,0.029744127048305));
#3505=CARTESIAN_POINT('',(0.00962356736574852,-0.0052525401376661,0.0305781090730231));
#3506=CARTESIAN_POINT('',(0.00728206348044733,-0.00527133676450011,0.0305837763622387));
#3507=CARTESIAN_POINT('',(0.00408266934503452,-0.00529702018020393,0.0297639127372281));
#3508=CARTESIAN_POINT('',(0.0030689003758772,-0.00530515829909784,0.0293599965485285));
#3509=CARTESIAN_POINT('',(0.00122049537048269,-0.00531999653162978,0.0283592065785179));
#3510=CARTESIAN_POINT('',(0.000348616724316096,-0.00532756821599009,0.027745965271454));
#3511=CARTESIAN_POINT('',(-0.00207289830025881,-0.00535262983417847,0.025539125805811));
#3512=CARTESIAN_POINT('',(-0.0033590889685558,-0.00537137787534587,0.0235849611746347));
#3513=CARTESIAN_POINT('',(-0.00442270222647818,-0.00539753043814658,0.0204372136026989));
#3514=CARTESIAN_POINT('',(-0.00463848229127876,-0.00540590716973387,0.0193568722888532));
#3515=CARTESIAN_POINT('',(-0.00480473276976063,-0.00542132153703062,0.0172356306792441));
#3516=CARTESIAN_POINT('',(-0.00476266167924926,-0.00542839637014871,0.0161928208570717));
#3517=CARTESIAN_POINT('',(-0.00423517015229068,-0.00545279055567581,0.0129884709587204));
#3518=CARTESIAN_POINT('',(-0.00330687326518559,-0.00547140133778238,0.0108474198116581));
#3519=CARTESIAN_POINT('',(-0.0012394844762788,-0.00549791738682129,0.00822691789157462));
#3520=CARTESIAN_POINT('',(-0.000445156309315879,-0.00550650240423613,0.00745064132554131));
#3521=CARTESIAN_POINT('',(0.00126311291392143,-0.00552244858776328,0.00614318738642443));
#3522=CARTESIAN_POINT('',(0.00215768373716215,-0.00552940182805858,0.00561628709638642));
#3523=CARTESIAN_POINT('',(0.00510309618234077,-0.00555304638357344,0.00432824239785169));
#3524=CARTESIAN_POINT('',(0.007393580799149,-0.00557143344877604,0.0039343907196716));
#3525=CARTESIAN_POINT('',(0.0107281782481433,-0.00559820222088181,0.00423785806432579));
#3526=CARTESIAN_POINT('',(0.0118194290111639,-0.00560696233163951,0.00448156405056437));
#3527=CARTESIAN_POINT('',(0.0138657717515288,-0.00562338952661731,0.00520992108556391));
#3528=CARTESIAN_POINT('',(0.0148035475897404,-0.00563059785107217,0.00568143393386657));
#3529=CARTESIAN_POINT('',(0.0174555948848768,-0.00565341996708198,0.00743304208332043));
#3530=CARTESIAN_POINT('',(0.019029809058303,-0.00567150042433866,0.00912488996683412));
#3531=CARTESIAN_POINT('',(0.0211209952443282,-0.00570737660254439,0.0130780278703277));
#3532=CARTESIAN_POINT('',(0.0216247158239024,-0.00572468325039857,0.0152988136092411));
#3533=CARTESIAN_POINT('',(0.0215850925373129,-0.00575393224110544,0.0194831570329327));
#3534=CARTESIAN_POINT('',(0.0210338012978842,-0.00577162799848207,0.0217102539236164));
#3535=CARTESIAN_POINT('',(0.0188623339459965,-0.0058075335264732,0.0256212631927928));
#3536=CARTESIAN_POINT('',(0.0172573079697116,-0.00582547786698976,0.0272757426317761));
#3537=CARTESIAN_POINT('',(0.0145845624942708,-0.0058479731369881,0.0289683866468212));
#3538=CARTESIAN_POINT('',(0.0136304089270116,-0.00585537486726751,0.0294262343589713));
#3539=CARTESIAN_POINT('',(0.0115632831396636,-0.00587196889996917,0.0301163786499458));
#3540=CARTESIAN_POINT('',(0.0104649498339422,-0.00588078586645665,0.0303383837650913));
#3541=CARTESIAN_POINT('',(0.00712216566141082,-0.00590762035820024,0.0305744963596696));
#3542=CARTESIAN_POINT('',(0.00484489285711469,-0.00592590136442462,0.030133587923241));
#3543=CARTESIAN_POINT('',(0.00193709421698187,-0.00594924397183609,0.0287942682527728));
#3544=CARTESIAN_POINT('',(0.00105042471510154,-0.00595624918622547,0.0282497152272893));
#3545=CARTESIAN_POINT('',(-0.000638384672367441,-0.00597238296534553,0.0269040421073093));
#3546=CARTESIAN_POINT('',(-0.00141901399831669,-0.00598103801501439,0.026109782964289));
#3547=CARTESIAN_POINT('',(-0.00343583568665063,-0.00600766254842442,0.0234444815558016));
#3548=CARTESIAN_POINT('',(-0.00431765145006496,-0.006026199001057,0.0212872861856532));
#3549=CARTESIAN_POINT('',(-0.00478058629220678,-0.00605031981376604,0.0180849868357641));
#3550=CARTESIAN_POINT('',(-0.00480329696498802,-0.00605730458269792,0.0170456121672134));
#3551=CARTESIAN_POINT('',(-0.00459519837170038,-0.0060729249491446,0.0149189003424796));
#3552=CARTESIAN_POINT('',(-0.00435710443054904,-0.00608138390574903,0.0138396145778568));
#3553=CARTESIAN_POINT('',(-0.00322832571907105,-0.00610768617812788,0.0107079558414318));
#3554=CARTESIAN_POINT('',(-0.00190215311920925,-0.00612639281048014,0.00878283109704681));
#3555=CARTESIAN_POINT('',(0.000554702471866396,-0.00615121309730613,0.00663110899239936));
#3556=CARTESIAN_POINT('',(0.00142918362074683,-0.00615855372978176,0.00603990509070687));
#3557=CARTESIAN_POINT('',(0.00330523370121981,-0.00617361388556708,0.0050700039827131));
#3558=CARTESIAN_POINT('',(0.00433062475350495,-0.00618184530174782,0.00468480121184842));
#3559=CARTESIAN_POINT('',(0.00755354323449335,-0.00620771756118922,0.00392718996976895));
#3560=CARTESIAN_POINT('',(0.00989407327996792,-0.00622650637043902,0.00398235225864245));
#3561=CARTESIAN_POINT('',(0.0141181840392407,-0.00626041578829051,0.0051757403807747));
#3562=CARTESIAN_POINT('',(0.015953202843067,-0.0062739955595175,0.00622561949984441));
#3563=CARTESIAN_POINT('',(0.0191207129504132,-0.00630778284135767,0.00925687142235318));
#3564=CARTESIAN_POINT('',(0.0203564758003364,-0.00632656449207791,0.0112449850179654));
#3565=CARTESIAN_POINT('',(0.021339658718377,-0.00635251252985184,0.0144097498729576));
#3566=CARTESIAN_POINT('',(0.0215281430179147,-0.00636078232520028,0.0154904685306842));
#3567=CARTESIAN_POINT('',(0.0216435824375923,-0.00637593494528118,0.0176033957955065));
#3568=CARTESIAN_POINT('',(0.0215773199164019,-0.00638319350638506,0.0186532010541694));
#3569=CARTESIAN_POINT('',(0.020969980209635,-0.00640790759662003,0.0218574661710375));
#3570=CARTESIAN_POINT('',(0.0199851863586873,-0.0064265928697629,0.0239766136863784));
#3571=CARTESIAN_POINT('',(0.0178576939702247,-0.00645295405407876,0.0265401387964414));
#3572=CARTESIAN_POINT('',(0.0170473620663886,-0.00646144655880506,0.0272938684328661));
#3573=CARTESIAN_POINT('',(0.0153168662695841,-0.0064771523461909,0.0285539109019823));
#3574=CARTESIAN_POINT('',(0.0144101958072744,-0.00648411506001698,0.0290605773228839));
#3575=CARTESIAN_POINT('',(0.0114203306603239,-0.00650811646347568,0.0302837038001777));
#3576=CARTESIAN_POINT('',(0.00911562350175957,-0.00652661770137375,0.0306190071342879));
#3577=CARTESIAN_POINT('',(0.00579385929986473,-0.00655328345346818,0.0302332829444185));
#3578=CARTESIAN_POINT('',(0.00471217619520472,-0.00656196675901321,0.0299633204500985));
#3579=CARTESIAN_POINT('',(0.00269275046653412,-0.00657817787533,0.029189130919879));
#3580=CARTESIAN_POINT('',(0.00177244985619885,-0.00658522130828074,0.028699913079087));
#3581=CARTESIAN_POINT('',(-0.000851636891991255,-0.00660843279244974,0.0268761545837205));
#3582=CARTESIAN_POINT('',(-0.00238623082248471,-0.00662666529062606,0.0251395621418857));
#3583=CARTESIAN_POINT('',(-0.00387940335856513,-0.00665352272084384,0.0221384315183219));
#3584=CARTESIAN_POINT('',(-0.00424576096389878,-0.00666236225115826,0.0210784565052732));
#3585=CARTESIAN_POINT('',(-0.00470014356610907,-0.00667902455667475,0.018944062696432));
#3586=CARTESIAN_POINT('',(-0.00478936114429279,-0.00668652433334788,0.0178850979993948));
#3587=CARTESIAN_POINT('',(-0.00468568616465604,-0.00670887834442741,0.0147295193427999));
#3588=CARTESIAN_POINT('',(-0.0040756611427327,-0.00672676164406841,0.0125093560486641));
#3589=CARTESIAN_POINT('',(-0.00180732127840344,-0.0067626729435419,0.00865344597169833));
#3590=CARTESIAN_POINT('',(-0.000166228857126655,-0.00678043523971709,0.00704597504329875));
#3591=CARTESIAN_POINT('',(0.0025294449078785,-0.00680251738818034,0.00542599272124021));
#3592=CARTESIAN_POINT('',(0.00350644004304355,-0.00681022908703979,0.00498422096841623));
#3593=CARTESIAN_POINT('',(0.00559766999861776,-0.00682701661805598,0.00434211040851943));
#3594=CARTESIAN_POINT('',(0.00670382066907561,-0.00683589633912128,0.00414714740314821));
#3595=CARTESIAN_POINT('',(0.0100538670749203,-0.00686278912907673,0.00399419774252171));
#3596=CARTESIAN_POINT('',(0.0123129363680166,-0.00688092400502593,0.0044921227870255));
#3597=CARTESIAN_POINT('',(0.015172840934023,-0.00690388213857658,0.00589249282553449));
#3598=CARTESIAN_POINT('',(0.0160520778272484,-0.00691102443559902,0.00646037066615207));
#3599=CARTESIAN_POINT('',(0.0177152911159934,-0.0069273783744448,0.00785248981515758));
#3600=CARTESIAN_POINT('',(0.0184782709602833,-0.00693611282023648,0.0086683593519364));
#3601=CARTESIAN_POINT('',(0.0204309945745558,-0.00696284878297364,0.0113866959670287));
#3602=CARTESIAN_POINT('',(0.0212551671304621,-0.00698127730252399,0.0135616463975163));
#3603=CARTESIAN_POINT('',(0.0216393902553089,-0.00700504688497658,0.0167588684767256));
#3604=CARTESIAN_POINT('',(0.0216385040551903,-0.00701199425219759,0.0177968154487015));
#3605=CARTESIAN_POINT('',(0.0213784255830614,-0.00702785863270638,0.0199286160354702));
#3606=CARTESIAN_POINT('',(0.0211128250342135,-0.00703641249935185,0.0210056728594344));
#3607=CARTESIAN_POINT('',(0.019904438007342,-0.00706287774285674,0.0241148117316833));
#3608=CARTESIAN_POINT('',(0.0185305049990532,-0.00708151635819028,0.0260025783185185));
#3609=CARTESIAN_POINT('',(0.0160327004986585,-0.00710602303987607,0.0280855491122571));
#3610=CARTESIAN_POINT('',(0.0151529889982623,-0.00711315222283635,0.0286516058811527));
#3611=CARTESIAN_POINT('',(0.0132439430258191,-0.00712847725602475,0.0295821752706307));
#3612=CARTESIAN_POINT('',(0.0122049597025668,-0.00713681778534717,0.0299437745154788));
#3613=CARTESIAN_POINT('',(0.0089556048835524,-0.00716290226479977,0.0306236604225302));
#3614=CARTESIAN_POINT('',(0.0066184386847376,-0.00718166407047686,0.0305077830892807));
#3615=CARTESIAN_POINT('',(0.00452896546583854,-0.00719843749913605,0.0298620194197805));
#3616=CARTESIAN_POINT('',(0.00744858827920858,-0.00399999997214176,0.030413883444265));
#3617=CARTESIAN_POINT('',(0.00640992992661309,-0.00400833789273388,0.0303370010600979));
#3618=CARTESIAN_POINT('',(0.00487508023042408,-0.00402063307831489,0.0300358545244202));
#3619=CARTESIAN_POINT('',(0.00298476356854603,-0.00403587697188878,0.0293070941845893));
#3620=CARTESIAN_POINT('',(0.00125161744556585,-0.00404951310743704,0.0284046566909118));
#3621=CARTESIAN_POINT('',(-0.000758875160814072,-0.00406788325884299,0.0268941903567832));
#3622=CARTESIAN_POINT('',(-0.00276628262299625,-0.00409283315050245,0.0244744599217427));
#3623=CARTESIAN_POINT('',(-0.00414813921970757,-0.00411807024191805,0.0216362407770296));
#3624=CARTESIAN_POINT('',(-0.00480420420574466,-0.00414179481634207,0.0186158865316936));
#3625=CARTESIAN_POINT('',(-0.00478055086272152,-0.00416167190730545,0.0156951877584807));
#3626=CARTESIAN_POINT('',(-0.00406946736992569,-0.0041856735831579,0.0126749690548052));
#3627=CARTESIAN_POINT('',(-0.00263813147273053,-0.00421089518825256,0.00986193974632625));
#3628=CARTESIAN_POINT('',(-0.000585829871060978,-0.00423587030459359,0.00747868981888123));
#3629=CARTESIAN_POINT('',(0.00182722074873712,-0.00425715342800014,0.00572471504560479));
#3630=CARTESIAN_POINT('',(0.00457403182553947,-0.00427868932004223,0.00453250846473421));
#3631=CARTESIAN_POINT('',(0.0076713989850385,-0.00430369905098208,0.00397780011783833));
#3632=CARTESIAN_POINT('',(0.0108212181267199,-0.00432891748998268,0.00417622578028131));
#3633=CARTESIAN_POINT('',(0.0137773037796447,-0.00435277041636717,0.00509747380216161));
#3634=CARTESIAN_POINT('',(0.0163049441034973,-0.00437263751577237,0.00656023948606736));
#3635=CARTESIAN_POINT('',(0.0185773504303646,-0.00439652447577659,0.00866558778198166));
#3636=CARTESIAN_POINT('',(0.0203182681003631,-0.0044217437577524,0.0112981215189901));
#3637=CARTESIAN_POINT('',(0.0213797812987146,-0.00444674621065106,0.0142599720375072));
#3638=CARTESIAN_POINT('',(0.0217143412646228,-0.00446822569176637,0.017233086607259));
#3639=CARTESIAN_POINT('',(0.0213955647015579,-0.00448956410877876,0.020201634455199));
#3640=CARTESIAN_POINT('',(0.0203509586925732,-0.00451454759388168,0.0231686076767315));
#3641=CARTESIAN_POINT('',(0.0186246034883855,-0.00453976861660735,0.0258108290862656));
#3642=CARTESIAN_POINT('',(0.0163609788888862,-0.00456373789643321,0.0279308802879786));
#3643=CARTESIAN_POINT('',(0.013840541303335,-0.00458361122093018,0.0294065032126847));
#3644=CARTESIAN_POINT('',(0.0108932954448636,-0.00460737152815597,0.0303426291665183));
#3645=CARTESIAN_POINT('',(0.00774386364863553,-0.00463260943975326,0.0305580065478755));
#3646=CARTESIAN_POINT('',(0.00464603459983581,-0.00465755420730238,0.0300224517235647));
#3647=CARTESIAN_POINT('',(0.00233681245195612,-0.00467587313074774,0.0290326844842938));
#3648=CARTESIAN_POINT('',(0.000689828208737965,-0.00468953693293873,0.0279789023819746));
#3649=CARTESIAN_POINT('',(-0.000884228790105498,-0.00470479424430976,0.026702513111954));
#3650=CARTESIAN_POINT('',(-0.00259455536267261,-0.00472533087241272,0.0247326450136911));
#3651=CARTESIAN_POINT('',(-0.00404486543496939,-0.00475063638719673,0.0219256137504841));
#3652=CARTESIAN_POINT('',(-0.00477218288973309,-0.0047746945042508,0.0189064760008538));
#3653=CARTESIAN_POINT('',(-0.00481088657685157,-0.00479459154063506,0.0159851771235061));
#3654=CARTESIAN_POINT('',(-0.00417177999335276,-0.00481822369157482,0.0129652630075232));
#3655=CARTESIAN_POINT('',(-0.00280577711637265,-0.00484345831178787,0.0101195410545053));
#3656=CARTESIAN_POINT('',(-0.000811598019948594,-0.00486842146570853,0.00768814930588539));
#3657=CARTESIAN_POINT('',(0.00119541994631656,-0.00488691414958458,0.00616402672476373));
#3658=CARTESIAN_POINT('',(0.0029215876848281,-0.00490049063101761,0.00525405391014441));
#3659=CARTESIAN_POINT('',(0.00480594753790391,-0.00491568503476821,0.00451589174222975));
#3660=CARTESIAN_POINT('',(0.00736125054546194,-0.00493617508727005,0.00400038400553214));
#3661=CARTESIAN_POINT('',(0.0105186800706137,-0.00496148715529699,0.00412320052939678));
#3662=CARTESIAN_POINT('',(0.0135079398710912,-0.00498564903024221,0.00498152708730432));
#3663=CARTESIAN_POINT('',(0.0160684924544049,-0.00500557723889289,0.00639115728565408));
#3664=CARTESIAN_POINT('',(0.0183753376842455,-0.00502907738479886,0.00843352401978869));
#3665=CARTESIAN_POINT('',(0.020176887010164,-0.00505430633234458,0.01102519925759));
#3666=CARTESIAN_POINT('',(0.0213088028851101,-0.00507928816657024,0.0139598676927344));
#3667=CARTESIAN_POINT('',(0.021644337461593,-0.00509794525855662,0.0164649376850978));
#3668=CARTESIAN_POINT('',(0.0215833267159141,-0.00511145049544365,0.0184121215814152));
#3669=CARTESIAN_POINT('',(0.0212958181515216,-0.00512657686078855,0.0204123634608237));
#3670=CARTESIAN_POINT('',(0.0204842323419729,-0.00514702038018146,0.0228875202706665));
#3671=CARTESIAN_POINT('',(0.0188200037889178,-0.00517233705222865,0.0255737615951505));
#3672=CARTESIAN_POINT('',(0.0165954774049503,-0.00519659721534998,0.027753351612605));
#3673=CARTESIAN_POINT('',(0.014103588084416,-0.00521656950495093,0.0292848020544314));
#3674=CARTESIAN_POINT('',(0.0111944721123735,-0.0052399323698718,0.0302812399033318));
#3675=CARTESIAN_POINT('',(0.00805175334470803,-0.00526515365850556,0.0305700777034847));
#3676=CARTESIAN_POINT('',(0.00493976784747442,-0.00529015435365639,0.0301072582918268));
#3677=CARTESIAN_POINT('',(0.00258920290735329,-0.00530896648633877,0.029159825505707));
#3678=CARTESIAN_POINT('',(0.000928224335707397,-0.00532241656848523,0.0281465250173113));
#3679=CARTESIAN_POINT('',(-0.000667007064796568,-0.00533746978321213,0.0269112648550056));
#3680=CARTESIAN_POINT('',(-0.00241831692630117,-0.00535786682552908,0.0249857087057918));
#3681=CARTESIAN_POINT('',(-0.00393428284005019,-0.00538318615063776,0.0222129875856076));
#3682=CARTESIAN_POINT('',(-0.00473365187286132,-0.00540753910509817,0.0191987916702397));
#3683=CARTESIAN_POINT('',(-0.00483485555909223,-0.00542756837345796,0.0162731556948509));
#3684=CARTESIAN_POINT('',(-0.0042668454443967,-0.00545078871738135,0.0132573872208642));
#3685=CARTESIAN_POINT('',(-0.00296822926036049,-0.00547600036461797,0.0103814632624466));
#3686=CARTESIAN_POINT('',(-0.00103024812677859,-0.00550102009372453,0.00790193248569801));
#3687=CARTESIAN_POINT('',(0.000959061892262054,-0.00551997786110519,0.00632137270200579));
#3688=CARTESIAN_POINT('',(0.00265887466808273,-0.00553338889143543,0.0053782536217313));
#3689=CARTESIAN_POINT('',(0.00451734231838016,-0.00554836386218876,0.00460184756005897));
#3690=CARTESIAN_POINT('',(0.00705432766371215,-0.00556871449746329,0.00402881263554486));
#3691=CARTESIAN_POINT('',(0.0102140449461879,-0.00559403452343758,0.00407768947262907));
#3692=CARTESIAN_POINT('',(0.0132339334518512,-0.00561847474659815,0.00487039049883304));
#3693=CARTESIAN_POINT('',(0.0158306624618701,-0.00563857387745306,0.00622858681596467));
#3694=CARTESIAN_POINT('',(0.018168191844615,-0.00566164649746961,0.00820689941942086));
#3695=CARTESIAN_POINT('',(0.0200291820486192,-0.00568684652516169,0.0107546002723638));
#3696=CARTESIAN_POINT('',(0.0212305961080745,-0.00571188545391134,0.0136641843258894));
#3697=CARTESIAN_POINT('',(0.0216242244800449,-0.00573097941299879,0.01618037424035));
#3698=CARTESIAN_POINT('',(0.0216049686241702,-0.00574436750468433,0.0181231810122115));
#3699=CARTESIAN_POINT('',(0.0213633673803661,-0.00575925915423635,0.0201190510549534));
#3700=CARTESIAN_POINT('',(0.0206108657557687,-0.00577956349583659,0.02260667008023));
#3701=CARTESIAN_POINT('',(0.0190098687300282,-0.00580488214866409,0.0253311064079077));
#3702=CARTESIAN_POINT('',(0.0168280462938302,-0.00582940454307735,0.0275694145406171));
#3703=CARTESIAN_POINT('',(0.0143616656743119,-0.00584958472534666,0.0291587197905444));
#3704=CARTESIAN_POINT('',(0.0114933806810217,-0.00587251071735333,0.0302127345617225));
#3705=CARTESIAN_POINT('',(0.00836087009637323,-0.00589767378758653,0.0305754372819975));
#3706=CARTESIAN_POINT('',(0.00523261494761834,-0.00592281927273439,0.030183807984948));
#3707=CARTESIAN_POINT('',(0.00238138186094331,-0.00594555865167893,0.0291076806792556));
#3708=CARTESIAN_POINT('',(-7.58149055775818E-5,-0.00596584744354193,0.0274951447983657));
#3709=CARTESIAN_POINT('',(-0.00223960865253686,-0.00599048261207574,0.0252330853189025));
#3710=CARTESIAN_POINT('',(-0.00381596075549947,-0.00601571086777131,0.0224982123596714));
#3711=CARTESIAN_POINT('',(-0.00468860313067945,-0.00604033275470918,0.0194925844440936));
#3712=CARTESIAN_POINT('',(-0.00485258525987474,-0.00606060233925402,0.0165589524425018));
#3713=CARTESIAN_POINT('',(-0.00435461650831147,-0.00608337166713612,0.0135510233707923));
#3714=CARTESIAN_POINT('',(-0.00312538674475281,-0.00610851995063148,0.0106477250703099));
#3715=CARTESIAN_POINT('',(-0.00124142123619273,-0.0061336805008735,0.0081190631167104));
#3716=CARTESIAN_POINT('',(0.00110721685364846,-0.0061565775270886,0.00616608329239476));
#3717=CARTESIAN_POINT('',(0.00371921221813622,-0.00617677447388031,0.00482788948669502));
#3718=CARTESIAN_POINT('',(0.00675026499314088,-0.00620131140282551,0.00406170155267895));
#3719=CARTESIAN_POINT('',(0.00991020398616399,-0.00622662961010516,0.00404196933004261));
#3720=CARTESIAN_POINT('',(0.0124395951212628,-0.00624692537414721,0.00463762750526513));
#3721=CARTESIAN_POINT('',(0.0142871354752217,-0.00626180102202622,0.00542858364345475));
#3722=CARTESIAN_POINT('',(0.015977922960256,-0.00627518663188463,0.00638549574944485));
#3723=CARTESIAN_POINT('',(0.0179588260966831,-0.00629430479885903,0.00798787620921191));
#3724=CARTESIAN_POINT('',(0.0198743766267201,-0.00631934730453145,0.0104860186595585));
#3725=CARTESIAN_POINT('',(0.0211460253597819,-0.00634454496116435,0.0133732854818908));
#3726=CARTESIAN_POINT('',(0.021686183732592,-0.00636758962651183,0.0163863366315611));
#3727=CARTESIAN_POINT('',(0.0215601649848575,-0.00638770312323653,0.0193147401290793));
#3728=CARTESIAN_POINT('',(0.0207322545856621,-0.00641215891604438,0.0223258694467012));
#3729=CARTESIAN_POINT('',(0.0191907449803149,-0.00643747885738875,0.025084475218128));
#3730=CARTESIAN_POINT('',(0.0174235088752153,-0.00645782089824086,0.0269922631724588));
#3731=CARTESIAN_POINT('',(0.0158207401315209,-0.00647278080554857,0.0282109340227541));
#3732=CARTESIAN_POINT('',(0.0141529555226381,-0.00648618636635147,0.0292091238678526));
#3733=CARTESIAN_POINT('',(0.0117871549397088,-0.00650517009598213,0.030138827909682));
#3734=CARTESIAN_POINT('',(0.00867004352078957,-0.0065301933721389,0.0305729094368154));
#3735=CARTESIAN_POINT('',(0.00553065920318005,-0.00655540301450029,0.030255042183058));
#3736=CARTESIAN_POINT('',(0.00263743814310967,-0.00657859636413954,0.0292354808985343));
#3737=CARTESIAN_POINT('',(0.000155961749437969,-0.00659863761169765,0.0276814650217747));
#3738=CARTESIAN_POINT('',(-0.00205211388057296,-0.00662300716235976,0.0254784480849888));
#3739=CARTESIAN_POINT('',(-0.00369147885629382,-0.00664832676483492,0.022776843158093));
#3740=CARTESIAN_POINT('',(-0.00447975577316803,-0.00666871519820367,0.0202966050846259));
#3741=CARTESIAN_POINT('',(-0.00474906530150371,-0.00668375429156512,0.0182977074286606));
#3742=CARTESIAN_POINT('',(-0.00479353784593293,-0.00669719591778201,0.0163529252798835));
#3743=CARTESIAN_POINT('',(-0.00443517443943675,-0.00671603576053617,0.0138428281344946));
#3744=CARTESIAN_POINT('',(-0.0032756928976858,-0.00674103997148311,0.010917897951181));
#3745=CARTESIAN_POINT('',(-0.00145050884944068,-0.00676625962231514,0.00834334212338901));
#3746=CARTESIAN_POINT('',(0.000868917990721786,-0.00678959646030074,0.00632614136743838));
#3747=CARTESIAN_POINT('',(0.00344334326136269,-0.00680957833961025,0.00493701777977049));
#3748=CARTESIAN_POINT('',(0.00644510818475329,-0.00683385612032604,0.00410435331446824));
#3749=CARTESIAN_POINT('',(0.0096037374272051,-0.00685917343351882,0.00401078126822996));
#3750=CARTESIAN_POINT('',(0.0121519591350031,-0.00687960832599641,0.00454906362979847));
#3751=CARTESIAN_POINT('',(0.0140263924704932,-0.00689472152799439,0.00530257567187052));
#3752=CARTESIAN_POINT('',(0.0157415476468753,-0.00690821527438904,0.00622535602025855));
#3753=CARTESIAN_POINT('',(0.0177421061576904,-0.00692690220190131,0.00777198999804407));
#3754=CARTESIAN_POINT('',(0.0197144990772554,-0.00695188592755471,0.0102225151583957));
#3755=CARTESIAN_POINT('',(0.0210528424741065,-0.00697711951053614,0.0130806627062742));
#3756=CARTESIAN_POINT('',(0.0214630677689225,-0.00699275488602389,0.0150925682223522));
#3757=CARTESIAN_POINT('',(0.0215523151470694,-0.00699999999999825,0.0160831895939735));
#3758=CARTESIAN_POINT('',(0.0084217914004769,-0.0045519740049497,0.0172661489482234));
#3759=CARTESIAN_POINT('',(-0.00807820859952309,-0.0016,0.000766148948223376));
#3760=CARTESIAN_POINT('',(-0.00807820859952309,-0.0016,0.0337661489482234));
#3761=CARTESIAN_POINT('',(-0.00807820859952309,-0.0016,0.000766148948223376));
#3762=CARTESIAN_POINT('',(0.0249217914004769,-0.0016,0.000766148948223376));
#3763=CARTESIAN_POINT('',(0.0249217914004769,-0.0016,0.000766148948223376));
#3764=CARTESIAN_POINT('',(0.0249217914004769,-0.0016,0.000766148948223376));
#3765=CARTESIAN_POINT('',(0.0249217914004769,-0.0016,0.0337661489482234));
#3766=CARTESIAN_POINT('',(0.0249217914004769,-0.0016,0.0337661489482234));
#3767=CARTESIAN_POINT('',(0.0231717914004769,-0.004,0.0320161489482234));
#3768=CARTESIAN_POINT('',(0.0231717914004769,-0.004,0.00251614894822338));
#3769=CARTESIAN_POINT('',(-0.00632820859952309,-0.004,0.00251614894822338));
#3770=CARTESIAN_POINT('',(-0.00632820859952309,-0.004,0.0320161489482234));
#3771=(
GEOMETRIC_REPRESENTATION_CONTEXT(3)
GLOBAL_UNCERTAINTY_ASSIGNED_CONTEXT((#3772))
GLOBAL_UNIT_ASSIGNED_CONTEXT((#3775,#3774,#3773))
REPRESENTATION_CONTEXT('\X\C7\X\D0\X\B3\X\FD-\X\C0\X\AD\X\C9\X\EC5',
'TOP_LEVEL_ASSEMBLY_PART')
);
#3772=UNCERTAINTY_MEASURE_WITH_UNIT(LENGTH_MEASURE(2.E-5),#3775,
'DISTANCE_ACCURACY_VALUE','Maximum Tolerance applied to model');
#3773=(
NAMED_UNIT(*)
SI_UNIT($,.STERADIAN.)
SOLID_ANGLE_UNIT()
);
#3774=(
NAMED_UNIT(*)
PLANE_ANGLE_UNIT()
SI_UNIT($,.RADIAN.)
);
#3775=(
LENGTH_UNIT()
NAMED_UNIT(*)
SI_UNIT($,.METRE.)
);
#3776=PRODUCT_DEFINITION_SHAPE('','',#3777);
#3777=PRODUCT_DEFINITION('','',#3779,#3778);
#3778=PRODUCT_DEFINITION_CONTEXT('',#3785,'design');
#3779=PRODUCT_DEFINITION_FORMATION_WITH_SPECIFIED_SOURCE('','',#3781,
 .NOT_KNOWN.);
#3780=PRODUCT_RELATED_PRODUCT_CATEGORY('','',(#3781));
#3781=PRODUCT('\X\C7\X\D0\X\B3\X\FD-\X\C0\X\AD\X\C9\X\EC5',
'\X\C7\X\D0\X\B3\X\FD-\X\C0\X\AD\X\C9\X\EC5','\X\C7\X\D0\X\B3\X\FD-\X\C0
\X\AD\X\C9\X\EC5',(#3783));
#3782=PRODUCT_CATEGORY('','');
#3783=PRODUCT_CONTEXT('',#3785,'mechanical');
#3784=APPLICATION_PROTOCOL_DEFINITION('international standard',
'ap242_managed_model_based_3d_engineering',2020,#3785);
#3785=APPLICATION_CONTEXT('managed model based 3d engineering');
ENDSEC;
END-ISO-10303-21;
